  0
SECTION
  2
HEADER
  9
$ACADVER
  1
AC1024
  9
$ACADMAINTVER
 70
6
  9
$DWGCODEPAGE
  3
ANSI_1252
  9
$LASTSAVEDBY
  1
ezdxf
  9
$INSBASE
 10
0.0
 20
0.0
 30
0.0
  9
$EXTMIN
 10
1e+20
 20
1e+20
 30
1e+20
  9
$EXTMAX
 10
-1e+20
 20
-1e+20
 30
-1e+20
  9
$LIMMIN
 10
0.0
 20
0.0
  9
$LIMMAX
 10
420.0
 20
297.0
  9
$ORTHOMODE
 70
0
  9
$REGENMODE
 70
1
  9
$FILLMODE
 70
1
  9
$QTEXTMODE
 70
0
  9
$MIRRTEXT
 70
1
  9
$LTSCALE
 40
1.0
  9
$ATTMODE
 70
1
  9
$TEXTSIZE
 40
2.5
  9
$TRACEWID
 40
1.0
  9
$TEXTSTYLE
  7
Standard
  9
$CLAYER
  8
0
  9
$CELTYPE
  6
ByLayer
  9
$CECOLOR
 62
256
  9
$CELTSCALE
 40
1.0
  9
$DISPSILH
 70
0
  9
$DIMSCALE
 40
1.0
  9
$DIMASZ
 40
2.5
  9
$DIMEXO
 40
0.625
  9
$DIMDLI
 40
3.75
  9
$DIMRND
 40
0.0
  9
$DIMDLE
 40
0.0
  9
$DIMEXE
 40
1.25
  9
$DIMTP
 40
0.0
  9
$DIMTM
 40
0.0
  9
$DIMTXT
 40
2.5
  9
$DIMCEN
 40
2.5
  9
$DIMTSZ
 40
0.0
  9
$DIMTOL
 70
0
  9
$DIMLIM
 70
0
  9
$DIMTIH
 70
0
  9
$DIMTOH
 70
0
  9
$DIMSE1
 70
0
  9
$DIMSE2
 70
0
  9
$DIMTAD
 70
1
  9
$DIMZIN
 70
8
  9
$DIMBLK
  1

  9
$DIMASO
 70
1
  9
$DIMSHO
 70
1
  9
$DIMPOST
  1

  9
$DIMAPOST
  1

  9
$DIMALT
 70
0
  9
$DIMALTD
 70
3
  9
$DIMALTF
 40
0.03937007874
  9
$DIMLFAC
 40
1.0
  9
$DIMTOFL
 70
1
  9
$DIMTVP
 40
0.0
  9
$DIMTIX
 70
0
  9
$DIMSOXD
 70
0
  9
$DIMSAH
 70
0
  9
$DIMBLK1
  1

  9
$DIMBLK2
  1

  9
$DIMSTYLE
  2
ISO-25
  9
$DIMCLRD
 70
0
  9
$DIMCLRE
 70
0
  9
$DIMCLRT
 70
0
  9
$DIMTFAC
 40
1.0
  9
$DIMGAP
 40
0.625
  9
$DIMJUST
 70
0
  9
$DIMSD1
 70
0
  9
$DIMSD2
 70
0
  9
$DIMTOLJ
 70
0
  9
$DIMTZIN
 70
8
  9
$DIMALTZ
 70
0
  9
$DIMALTTZ
 70
0
  9
$DIMUPT
 70
0
  9
$DIMDEC
 70
2
  9
$DIMTDEC
 70
2
  9
$DIMALTU
 70
2
  9
$DIMALTTD
 70
3
  9
$DIMTXSTY
  7
Standard
  9
$DIMAUNIT
 70
0
  9
$DIMADEC
 70
0
  9
$DIMALTRND
 40
0.0
  9
$DIMAZIN
 70
0
  9
$DIMDSEP
 70
44
  9
$DIMATFIT
 70
3
  9
$DIMFRAC
 70
0
  9
$DIMLDRBLK
  1

  9
$DIMLUNIT
 70
2
  9
$DIMLWD
 70
-2
  9
$DIMLWE
 70
-2
  9
$DIMTMOVE
 70
0
  9
$DIMFXL
 40
1.0
  9
$DIMFXLON
 70
0
  9
$DIMJOGANG
 40
0.785398163397
  9
$DIMTFILL
 70
0
  9
$DIMTFILLCLR
 70
0
  9
$DIMARCSYM
 70
0
  9
$DIMLTYPE
  6

  9
$DIMLTEX1
  6

  9
$DIMLTEX2
  6

  9
$DIMTXTDIRECTION
 70
0
  9
$LUNITS
 70
2
  9
$LUPREC
 70
4
  9
$SKETCHINC
 40
1.0
  9
$FILLETRAD
 40
10.0
  9
$AUNITS
 70
0
  9
$AUPREC
 70
2
  9
$MENU
  1
.
  9
$ELEVATION
 40
0.0
  9
$PELEVATION
 40
0.0
  9
$THICKNESS
 40
0.0
  9
$LIMCHECK
 70
0
  9
$CHAMFERA
 40
0.0
  9
$CHAMFERB
 40
0.0
  9
$CHAMFERC
 40
0.0
  9
$CHAMFERD
 40
0.0
  9
$SKPOLY
 70
0
  9
$TDCREATE
 40
2461243.1165046296
  9
$TDUCREATE
 40
2458532.153996898
  9
$TDUPDATE
 40
2461243.1165046296
  9
$TDUUPDATE
 40
2458532.1544311
  9
$TDINDWG
 40
0.0
  9
$TDUSRTIMER
 40
0.0
  9
$USRTIMER
 70
1
  9
$ANGBASE
 50
0.0
  9
$ANGDIR
 70
0
  9
$PDMODE
 70
0
  9
$PDSIZE
 40
0.0
  9
$PLINEWID
 40
0.0
  9
$SPLFRAME
 70
0
  9
$SPLINETYPE
 70
6
  9
$SPLINESEGS
 70
8
  9
$HANDSEED
  5
980
  9
$SURFTAB1
 70
6
  9
$SURFTAB2
 70
6
  9
$SURFTYPE
 70
6
  9
$SURFU
 70
6
  9
$SURFV
 70
6
  9
$UCSBASE
  2

  9
$UCSNAME
  2

  9
$UCSORG
 10
0.0
 20
0.0
 30
0.0
  9
$UCSXDIR
 10
1.0
 20
0.0
 30
0.0
  9
$UCSYDIR
 10
0.0
 20
1.0
 30
0.0
  9
$UCSORTHOREF
  2

  9
$UCSORTHOVIEW
 70
0
  9
$UCSORGTOP
 10
0.0
 20
0.0
 30
0.0
  9
$UCSORGBOTTOM
 10
0.0
 20
0.0
 30
0.0
  9
$UCSORGLEFT
 10
0.0
 20
0.0
 30
0.0
  9
$UCSORGRIGHT
 10
0.0
 20
0.0
 30
0.0
  9
$UCSORGFRONT
 10
0.0
 20
0.0
 30
0.0
  9
$UCSORGBACK
 10
0.0
 20
0.0
 30
0.0
  9
$PUCSBASE
  2

  9
$PUCSNAME
  2

  9
$PUCSORG
 10
0.0
 20
0.0
 30
0.0
  9
$PUCSXDIR
 10
1.0
 20
0.0
 30
0.0
  9
$PUCSYDIR
 10
0.0
 20
1.0
 30
0.0
  9
$PUCSORTHOREF
  2

  9
$PUCSORTHOVIEW
 70
0
  9
$PUCSORGTOP
 10
0.0
 20
0.0
 30
0.0
  9
$PUCSORGBOTTOM
 10
0.0
 20
0.0
 30
0.0
  9
$PUCSORGLEFT
 10
0.0
 20
0.0
 30
0.0
  9
$PUCSORGRIGHT
 10
0.0
 20
0.0
 30
0.0
  9
$PUCSORGFRONT
 10
0.0
 20
0.0
 30
0.0
  9
$PUCSORGBACK
 10
0.0
 20
0.0
 30
0.0
  9
$USERI1
 70
0
  9
$USERI2
 70
0
  9
$USERI3
 70
0
  9
$USERI4
 70
0
  9
$USERI5
 70
0
  9
$USERR1
 40
0.0
  9
$USERR2
 40
0.0
  9
$USERR3
 40
0.0
  9
$USERR4
 40
0.0
  9
$USERR5
 40
0.0
  9
$WORLDVIEW
 70
1
  9
$SHADEDGE
 70
3
  9
$SHADEDIF
 70
70
  9
$TILEMODE
 70
1
  9
$MAXACTVP
 70
64
  9
$PINSBASE
 10
0.0
 20
0.0
 30
0.0
  9
$PLIMCHECK
 70
0
  9
$PEXTMIN
 10
1e+20
 20
1e+20
 30
1e+20
  9
$PEXTMAX
 10
-1e+20
 20
-1e+20
 30
-1e+20
  9
$PLIMMIN
 10
0.0
 20
0.0
  9
$PLIMMAX
 10
420.0
 20
297.0
  9
$UNITMODE
 70
0
  9
$VISRETAIN
 70
1
  9
$PLINEGEN
 70
0
  9
$PSLTSCALE
 70
1
  9
$TREEDEPTH
 70
3020
  9
$CMLSTYLE
  2
Standard
  9
$CMLJUST
 70
0
  9
$CMLSCALE
 40
20.0
  9
$PROXYGRAPHICS
 70
1
  9
$MEASUREMENT
 70
1
  9
$CELWEIGHT
370
-1
  9
$ENDCAPS
280
0
  9
$JOINSTYLE
280
0
  9
$LWDISPLAY
290
0
  9
$INSUNITS
 70
6
  9
$HYPERLINKBASE
  1

  9
$STYLESHEET
  1

  9
$XEDIT
290
1
  9
$CEPSNTYPE
380
0
  9
$PSTYLEMODE
290
1
  9
$FINGERPRINTGUID
  2
{82D9FE56-250E-41CF-9A17-F21DC90BAFED}
  9
$VERSIONGUID
  2
{2D25ABDF-10B5-4471-B1BA-4A80E9FC8D00}
  9
$EXTNAMES
290
1
  9
$PSVPSCALE
 40
0.0
  9
$OLESTARTUP
290
0
  9
$SORTENTS
280
127
  9
$INDEXCTL
280
0
  9
$HIDETEXT
280
1
  9
$XCLIPFRAME
280
1
  9
$HALOGAP
280
0
  9
$OBSCOLOR
 70
257
  9
$OBSLTYPE
280
0
  9
$INTERSECTIONDISPLAY
280
0
  9
$INTERSECTIONCOLOR
 70
257
  9
$DIMASSOC
280
2
  9
$PROJECTNAME
  1

  9
$CAMERADISPLAY
290
0
  9
$LENSLENGTH
 40
50.0
  9
$CAMERAHEIGHT
 40
0.0
  9
$STEPSPERSEC
 40
24.0
  9
$STEPSIZE
 40
100.0
  9
$3DDWFPREC
 40
2.0
  9
$PSOLWIDTH
 40
0.005
  9
$PSOLHEIGHT
 40
0.08
  9
$LOFTANG1
 40
1.570796326795
  9
$LOFTANG2
 40
1.570796326795
  9
$LOFTMAG1
 40
0.0
  9
$LOFTMAG2
 40
0.0
  9
$LOFTPARAM
 70
7
  9
$LOFTNORMALS
280
1
  9
$LATITUDE
 40
37.795
  9
$LONGITUDE
 40
-122.394
  9
$NORTHDIRECTION
 40
0.0
  9
$TIMEZONE
 70
-8000
  9
$LIGHTGLYPHDISPLAY
280
1
  9
$TILEMODELIGHTSYNCH
280
1
  9
$CMATERIAL
347
20
  9
$SOLIDHIST
280
0
  9
$SHOWHIST
280
1
  9
$DWFFRAME
280
2
  9
$DGNFRAME
280
2
  9
$REALWORLDSCALE
290
1
  9
$INTERFERECOLOR
 62
256
  9
$CSHADOW
280
0
  9
$SHADOWPLANELOCATION
 40
0.0
  0
ENDSEC
  0
SECTION
  2
CLASSES
  0
CLASS
  1
ACDBDICTIONARYWDFLT
  2
AcDbDictionaryWithDefault
  3
ObjectDBX Classes
 90
0
 91
0
280
0
281
0
  0
CLASS
  1
SUN
  2
AcDbSun
  3
SCENEOE
 90
1153
 91
0
280
0
281
0
  0
CLASS
  1
VISUALSTYLE
  2
AcDbVisualStyle
  3
ObjectDBX Classes
 90
4095
 91
0
280
0
281
0
  0
CLASS
  1
MATERIAL
  2
AcDbMaterial
  3
ObjectDBX Classes
 90
1153
 91
0
280
0
281
0
  0
CLASS
  1
SCALE
  2
AcDbScale
  3
ObjectDBX Classes
 90
1153
 91
0
280
0
281
0
  0
CLASS
  1
TABLESTYLE
  2
AcDbTableStyle
  3
ObjectDBX Classes
 90
4095
 91
0
280
0
281
0
  0
CLASS
  1
MLEADERSTYLE
  2
AcDbMLeaderStyle
  3
ACDB_MLEADERSTYLE_CLASS
 90
4095
 91
0
280
0
281
0
  0
CLASS
  1
DICTIONARYVAR
  2
AcDbDictionaryVar
  3
ObjectDBX Classes
 90
0
 91
0
280
0
281
0
  0
CLASS
  1
CELLSTYLEMAP
  2
AcDbCellStyleMap
  3
ObjectDBX Classes
 90
1152
 91
0
280
0
281
0
  0
CLASS
  1
MENTALRAYRENDERSETTINGS
  2
AcDbMentalRayRenderSettings
  3
SCENEOE
 90
1024
 91
0
280
0
281
0
  0
CLASS
  1
ACDBDETAILVIEWSTYLE
  2
AcDbDetailViewStyle
  3
ObjectDBX Classes
 90
1025
 91
0
280
0
281
0
  0
CLASS
  1
ACDBSECTIONVIEWSTYLE
  2
AcDbSectionViewStyle
  3
ObjectDBX Classes
 90
1025
 91
0
280
0
281
0
  0
CLASS
  1
RASTERVARIABLES
  2
AcDbRasterVariables
  3
ISM
 90
0
 91
0
280
0
281
0
  0
CLASS
  1
ACDBPLACEHOLDER
  2
AcDbPlaceHolder
  3
ObjectDBX Classes
 90
0
 91
0
280
0
281
0
  0
CLASS
  1
LAYOUT
  2
AcDbLayout
  3
ObjectDBX Classes
 90
0
 91
0
280
0
281
0
  0
ENDSEC
  0
SECTION
  2
TABLES
  0
TABLE
  2
VPORT
  5
8
330
0
100
AcDbSymbolTable
 70
1
  0
VPORT
  5
23
330
8
100
AcDbSymbolTableRecord
100
AcDbViewportTableRecord
  2
*Active
 70
0
 10
0.0
 20
0.0
 11
1.0
 21
1.0
 12
0.0
 22
0.0
 13
0.0
 23
0.0
 14
0.5
 24
0.5
 15
0.5
 25
0.5
 16
0.0
 26
0.0
 36
1.0
 17
0.0
 27
0.0
 37
0.0
 40
1000.0
 41
1.34
 42
50.0
 43
0.0
 44
0.0
 50
0.0
 51
0.0
 71
0
 72
1000
 73
1
 74
3
 75
0
 76
0
 77
0
 78
0
281
0
 65
0
146
0.0
  0
ENDTAB
  0
TABLE
  2
LTYPE
  5
2
330
0
100
AcDbSymbolTable
 70
3
  0
LTYPE
  5
24
330
2
100
AcDbSymbolTableRecord
100
AcDbLinetypeTableRecord
  2
ByBlock
 70
0
  3

 72
65
 73
0
 40
0.0
  0
LTYPE
  5
25
330
2
100
AcDbSymbolTableRecord
100
AcDbLinetypeTableRecord
  2
ByLayer
 70
0
  3

 72
65
 73
0
 40
0.0
  0
LTYPE
  5
26
330
2
100
AcDbSymbolTableRecord
100
AcDbLinetypeTableRecord
  2
Continuous
 70
0
  3

 72
65
 73
0
 40
0.0
  0
ENDTAB
  0
TABLE
  2
LAYER
  5
1
330
0
100
AcDbSymbolTable
 70
4
  0
LAYER
  5
27
330
1
100
AcDbSymbolTableRecord
100
AcDbLayerTableRecord
  2
0
 70
0
 62
7
  6
Continuous
370
-3
390
13
347
21
  0
LAYER
  5
28
330
1
100
AcDbSymbolTableRecord
100
AcDbLayerTableRecord
  2
Defpoints
 70
0
 62
7
  6
Continuous
290
0
370
-3
390
13
347
21
  0
LAYER
  5
2F
330
1
100
AcDbSymbolTableRecord
100
AcDbLayerTableRecord
  2
GEOMETRY
 70
0
 62
7
  6
Continuous
370
-3
390
13
347
21
  0
LAYER
  5
30
330
1
100
AcDbSymbolTableRecord
100
AcDbLayerTableRecord
  2
TEXT
 70
0
 62
3
  6
Continuous
370
-3
390
13
347
21
  0
ENDTAB
  0
TABLE
  2
STYLE
  5
5
330
0
100
AcDbSymbolTable
 70
1
  0
STYLE
  5
29
330
5
100
AcDbSymbolTableRecord
100
AcDbTextStyleTableRecord
  2
Standard
 70
0
 40
0.0
 41
1.0
 50
0.0
 71
0
 42
2.5
  3
txt
  4

  0
ENDTAB
  0
TABLE
  2
VIEW
  5
7
330
0
100
AcDbSymbolTable
 70
0
  0
ENDTAB
  0
TABLE
  2
UCS
  5
6
330
0
100
AcDbSymbolTable
 70
0
  0
ENDTAB
  0
TABLE
  2
APPID
  5
3
330
0
100
AcDbSymbolTable
 70
3
  0
APPID
  5
2A
330
3
100
AcDbSymbolTableRecord
100
AcDbRegAppTableRecord
  2
ACAD
 70
0
  0
APPID
  5
97D
330
3
100
AcDbSymbolTableRecord
100
AcDbRegAppTableRecord
  2
HATCHBACKGROUNDCOLOR
 70
0
  0
APPID
  5
97E
330
3
100
AcDbSymbolTableRecord
100
AcDbRegAppTableRecord
  2
EZDXF
 70
0
  0
ENDTAB
  0
TABLE
  2
DIMSTYLE
  5
4
330
0
100
AcDbSymbolTable
 70
1
100
AcDbDimStyleTable
  0
DIMSTYLE
105
2B
330
4
100
AcDbSymbolTableRecord
100
AcDbDimStyleTableRecord
  2
Standard
 70
0
 40
1.0
 41
2.5
 42
0.625
 43
3.75
 44
1.25
 45
0.0
 46
0.0
 47
0.0
 48
0.0
 49
2.5
140
2.5
141
2.5
142
0.0
143
0.03937007874
144
1.0
145
0.0
146
1.0
147
0.625
148
0.0
 69
0
 70
0
 71
0
 72
0
 73
0
 74
0
 75
0
 76
0
 77
1
 78
8
 79
3
170
0
171
3
172
1
173
0
174
0
175
0
176
0
177
0
178
0
179
2
271
2
272
2
273
2
274
3
275
0
276
0
277
2
278
44
279
0
280
0
281
0
282
0
283
0
284
8
285
0
286
0
288
0
289
3
290
0
371
-2
372
-2
  0
ENDTAB
  0
TABLE
  2
BLOCK_RECORD
  5
9
330
0
100
AcDbSymbolTable
 70
2
  0
BLOCK_RECORD
  5
17
330
9
100
AcDbSymbolTableRecord
100
AcDbBlockTableRecord
  2
*Model_Space
340
1A
 70
0
280
1
281
0
  0
BLOCK_RECORD
  5
1B
330
9
100
AcDbSymbolTableRecord
100
AcDbBlockTableRecord
  2
*Paper_Space
340
1E
 70
0
280
1
281
0
  0
ENDTAB
  0
ENDSEC
  0
SECTION
  2
BLOCKS
  0
BLOCK
  5
18
330
17
100
AcDbEntity
  8
0
100
AcDbBlockBegin
  2
*Model_Space
 70
0
 10
0.0
 20
0.0
 30
0.0
  3
*Model_Space
  1

  0
ENDBLK
  5
19
330
17
100
AcDbEntity
  8
0
100
AcDbBlockEnd
  0
BLOCK
  5
1C
330
1B
100
AcDbEntity
  8
0
100
AcDbBlockBegin
  2
*Paper_Space
 70
0
 10
0.0
 20
0.0
 30
0.0
  3
*Paper_Space
  1

  0
ENDBLK
  5
1D
330
1B
100
AcDbEntity
  8
0
100
AcDbBlockEnd
  0
ENDSEC
  0
SECTION
  2
ENTITIES
  0
LWPOLYLINE
  5
31
330
17
100
AcDbEntity
  8
GEOMETRY
100
AcDbPolyline
 90
4
 70
1
 10
14.178515434265137
 20
583.246992111206
 10
827.7081909179688
 20
583.246992111206
 10
827.7081909179688
 20
16.327392578125
 10
14.178515434265137
 20
16.327392578125
  0
LWPOLYLINE
  5
32
330
17
100
AcDbEntity
  8
GEOMETRY
100
AcDbPolyline
 90
4
 70
1
 10
402.5184631347656
 20
115.53829956054688
 10
827.7081298828125
 20
115.53829956054688
 10
827.7081298828125
 20
16.327392578125
 10
402.5184631347656
 20
16.327392578125
  0
LWPOLYLINE
  5
33
330
17
100
AcDbEntity
  8
GEOMETRY
100
AcDbPolyline
 90
4
 70
1
 10
402.5184631347656
 20
115.53829956054688
 10
615.11328125
 20
115.53829956054688
 10
615.11328125
 20
16.327392578125
 10
402.5184631347656
 20
16.327392578125
  0
LWPOLYLINE
  5
34
330
17
100
AcDbEntity
  8
GEOMETRY
100
AcDbPolyline
 90
4
 70
1
 10
402.5184631347656
 20
115.53829956054688
 10
615.11328125
 20
115.53829956054688
 10
615.11328125
 20
46.09063720703125
 10
402.5184631347656
 20
46.09063720703125
  0
LWPOLYLINE
  5
35
330
17
100
AcDbEntity
  8
GEOMETRY
100
AcDbPolyline
 90
4
 70
1
 10
402.5184631347656
 20
46.09063720703125
 10
615.11328125
 20
46.09063720703125
 10
615.11328125
 20
16.32733154296875
 10
402.5184631347656
 20
16.32733154296875
  0
LWPOLYLINE
  5
36
330
17
100
AcDbEntity
  8
GEOMETRY
100
AcDbPolyline
 90
4
 70
1
 10
615.11328125
 20
115.53829956054688
 10
827.7081298828125
 20
115.53829956054688
 10
827.7081298828125
 20
16.327392578125
 10
615.11328125
 20
16.327392578125
  0
LWPOLYLINE
  5
37
330
17
100
AcDbEntity
  8
GEOMETRY
100
AcDbPolyline
 90
4
 70
1
 10
615.11328125
 20
115.53829956054688
 10
827.7081298828125
 20
115.53829956054688
 10
827.7081298828125
 20
65.932861328125
 10
615.11328125
 20
65.932861328125
  0
LWPOLYLINE
  5
38
330
17
100
AcDbEntity
  8
GEOMETRY
100
AcDbPolyline
 90
4
 70
1
 10
615.11328125
 20
65.932861328125
 10
827.7081298828125
 20
65.932861328125
 10
827.7081298828125
 20
56.01177978515625
 10
615.11328125
 20
56.01177978515625
  0
LWPOLYLINE
  5
39
330
17
100
AcDbEntity
  8
GEOMETRY
100
AcDbPolyline
 90
4
 70
1
 10
615.11328125
 20
56.01177978515625
 10
685.9782104492188
 20
56.01177978515625
 10
685.9782104492188
 20
46.0906982421875
 10
615.11328125
 20
46.0906982421875
  0
LWPOLYLINE
  5
3A
330
17
100
AcDbEntity
  8
GEOMETRY
100
AcDbPolyline
 90
4
 70
1
 10
685.9782104492188
 20
56.01177978515625
 10
785.1891479492188
 20
56.01177978515625
 10
785.1891479492188
 20
46.0906982421875
 10
685.9782104492188
 20
46.0906982421875
  0
LWPOLYLINE
  5
3B
330
17
100
AcDbEntity
  8
GEOMETRY
100
AcDbPolyline
 90
4
 70
1
 10
785.1891479492188
 20
56.01177978515625
 10
827.7081298828125
 20
56.01177978515625
 10
827.7081298828125
 20
46.0906982421875
 10
785.1891479492188
 20
46.0906982421875
  0
LWPOLYLINE
  5
3C
330
17
100
AcDbEntity
  8
GEOMETRY
100
AcDbPolyline
 90
4
 70
1
 10
615.11328125
 20
46.09063720703125
 10
685.9782104492188
 20
46.09063720703125
 10
685.9782104492188
 20
36.1695556640625
 10
615.11328125
 20
36.1695556640625
  0
LWPOLYLINE
  5
3D
330
17
100
AcDbEntity
  8
GEOMETRY
100
AcDbPolyline
 90
4
 70
1
 10
685.9782104492188
 20
46.09063720703125
 10
827.7081298828125
 20
46.09063720703125
 10
827.7081298828125
 20
36.1695556640625
 10
685.9782104492188
 20
36.1695556640625
  0
LWPOLYLINE
  5
3E
330
17
100
AcDbEntity
  8
GEOMETRY
100
AcDbPolyline
 90
4
 70
1
 10
615.11328125
 20
36.1695556640625
 10
785.1891479492188
 20
36.1695556640625
 10
785.1891479492188
 20
26.24847412109375
 10
615.11328125
 20
26.24847412109375
  0
LWPOLYLINE
  5
3F
330
17
100
AcDbEntity
  8
GEOMETRY
100
AcDbPolyline
 90
4
 70
1
 10
615.11328125
 20
26.2484130859375
 10
700.1512451171875
 20
26.2484130859375
 10
700.1512451171875
 20
16.32733154296875
 10
615.11328125
 20
16.32733154296875
  0
LWPOLYLINE
  5
40
330
17
100
AcDbEntity
  8
GEOMETRY
100
AcDbPolyline
 90
4
 70
1
 10
700.1512451171875
 20
26.2484130859375
 10
785.189208984375
 20
26.2484130859375
 10
785.189208984375
 20
16.32733154296875
 10
700.1512451171875
 20
16.32733154296875
  0
LWPOLYLINE
  5
41
330
17
100
AcDbEntity
  8
GEOMETRY
100
AcDbPolyline
 90
4
 70
1
 10
785.1891479492188
 20
36.1695556640625
 10
827.7081298828125
 20
36.1695556640625
 10
827.7081298828125
 20
16.327392578125
 10
785.1891479492188
 20
16.327392578125
  0
LINE
  5
42
330
17
100
AcDbEntity
  8
GEOMETRY
100
AcDbLine
 10
183.19143676757812
 20
471.8118591308594
 30
0.0
 11
636.7271728515625
 21
471.8118591308594
 31
0.0
  0
LINE
  5
43
330
17
100
AcDbEntity
  8
GEOMETRY
100
AcDbLine
 10
636.7271728515625
 20
471.8118591308594
 30
0.0
 11
636.7271728515625
 21
216.697998046875
 31
0.0
  0
LINE
  5
44
330
17
100
AcDbEntity
  8
GEOMETRY
100
AcDbLine
 10
636.7271728515625
 20
216.697998046875
 30
0.0
 11
183.19143676757812
 21
216.697998046875
 31
0.0
  0
LINE
  5
45
330
17
100
AcDbEntity
  8
GEOMETRY
100
AcDbLine
 10
183.19143676757812
 20
216.697998046875
 30
0.0
 11
183.19143676757812
 21
471.8118591308594
 31
0.0
  0
LWPOLYLINE
  5
46
330
17
100
AcDbEntity
  8
GEOMETRY
100
AcDbPolyline
 90
4
 70
1
 10
183.19143676757812
 20
471.8118591308594
 10
183.19143676757812
 20
216.697998046875
 10
636.7271728515625
 20
216.697998046875
 10
636.7271728515625
 20
471.8118591308594
  0
LINE
  5
47
330
17
100
AcDbEntity
  8
GEOMETRY
100
AcDbLine
 10
183.19143676757812
 20
473.3567123413086
 30
0.0
 11
186.02603149414062
 21
473.3567123413086
 31
0.0
  0
LINE
  5
48
330
17
100
AcDbEntity
  8
GEOMETRY
100
AcDbLine
 10
186.02603149414062
 20
473.3567123413086
 30
0.0
 11
186.02603149414062
 21
473.10160064697266
 31
0.0
  0
LINE
  5
49
330
17
100
AcDbEntity
  8
GEOMETRY
100
AcDbLine
 10
186.02603149414062
 20
473.10160064697266
 30
0.0
 11
183.19143676757812
 21
473.10160064697266
 31
0.0
  0
LINE
  5
4A
330
17
100
AcDbEntity
  8
GEOMETRY
100
AcDbLine
 10
183.19143676757812
 20
473.10160064697266
 30
0.0
 11
183.19143676757812
 21
473.3567123413086
 31
0.0
  0
LINE
  5
4B
330
17
100
AcDbEntity
  8
GEOMETRY
100
AcDbLine
 10
188.86062622070312
 20
473.3567123413086
 30
0.0
 11
191.6952362060547
 21
473.3567123413086
 31
0.0
  0
LINE
  5
4C
330
17
100
AcDbEntity
  8
GEOMETRY
100
AcDbLine
 10
191.6952362060547
 20
473.3567123413086
 30
0.0
 11
191.6952362060547
 21
473.10160064697266
 31
0.0
  0
LINE
  5
4D
330
17
100
AcDbEntity
  8
GEOMETRY
100
AcDbLine
 10
191.6952362060547
 20
473.10160064697266
 30
0.0
 11
188.86062622070312
 21
473.10160064697266
 31
0.0
  0
LINE
  5
4E
330
17
100
AcDbEntity
  8
GEOMETRY
100
AcDbLine
 10
188.86062622070312
 20
473.10160064697266
 30
0.0
 11
188.86062622070312
 21
473.3567123413086
 31
0.0
  0
LINE
  5
4F
330
17
100
AcDbEntity
  8
GEOMETRY
100
AcDbLine
 10
194.5298309326172
 20
473.3567123413086
 30
0.0
 11
197.3644256591797
 21
473.3567123413086
 31
0.0
  0
LINE
  5
50
330
17
100
AcDbEntity
  8
GEOMETRY
100
AcDbLine
 10
197.3644256591797
 20
473.3567123413086
 30
0.0
 11
197.3644256591797
 21
473.10160064697266
 31
0.0
  0
LINE
  5
51
330
17
100
AcDbEntity
  8
GEOMETRY
100
AcDbLine
 10
197.3644256591797
 20
473.10160064697266
 30
0.0
 11
194.5298309326172
 21
473.10160064697266
 31
0.0
  0
LINE
  5
52
330
17
100
AcDbEntity
  8
GEOMETRY
100
AcDbLine
 10
194.5298309326172
 20
473.10160064697266
 30
0.0
 11
194.5298309326172
 21
473.3567123413086
 31
0.0
  0
LINE
  5
53
330
17
100
AcDbEntity
  8
GEOMETRY
100
AcDbLine
 10
200.1990203857422
 20
473.3567123413086
 30
0.0
 11
203.03363037109375
 21
473.3567123413086
 31
0.0
  0
LINE
  5
54
330
17
100
AcDbEntity
  8
GEOMETRY
100
AcDbLine
 10
203.03363037109375
 20
473.3567123413086
 30
0.0
 11
203.03363037109375
 21
473.10160064697266
 31
0.0
  0
LINE
  5
55
330
17
100
AcDbEntity
  8
GEOMETRY
100
AcDbLine
 10
203.03363037109375
 20
473.10160064697266
 30
0.0
 11
200.1990203857422
 21
473.10160064697266
 31
0.0
  0
LINE
  5
56
330
17
100
AcDbEntity
  8
GEOMETRY
100
AcDbLine
 10
200.1990203857422
 20
473.10160064697266
 30
0.0
 11
200.1990203857422
 21
473.3567123413086
 31
0.0
  0
LINE
  5
57
330
17
100
AcDbEntity
  8
GEOMETRY
100
AcDbLine
 10
205.86822509765625
 20
473.3567123413086
 30
0.0
 11
208.70281982421875
 21
473.3567123413086
 31
0.0
  0
LINE
  5
58
330
17
100
AcDbEntity
  8
GEOMETRY
100
AcDbLine
 10
208.70281982421875
 20
473.3567123413086
 30
0.0
 11
208.70281982421875
 21
473.10160064697266
 31
0.0
  0
LINE
  5
59
330
17
100
AcDbEntity
  8
GEOMETRY
100
AcDbLine
 10
208.70281982421875
 20
473.10160064697266
 30
0.0
 11
205.86822509765625
 21
473.10160064697266
 31
0.0
  0
LINE
  5
5A
330
17
100
AcDbEntity
  8
GEOMETRY
100
AcDbLine
 10
205.86822509765625
 20
473.10160064697266
 30
0.0
 11
205.86822509765625
 21
473.3567123413086
 31
0.0
  0
LINE
  5
5B
330
17
100
AcDbEntity
  8
GEOMETRY
100
AcDbLine
 10
211.53741455078125
 20
473.3567123413086
 30
0.0
 11
214.3720245361328
 21
473.3567123413086
 31
0.0
  0
LINE
  5
5C
330
17
100
AcDbEntity
  8
GEOMETRY
100
AcDbLine
 10
214.3720245361328
 20
473.3567123413086
 30
0.0
 11
214.3720245361328
 21
473.10160064697266
 31
0.0
  0
LINE
  5
5D
330
17
100
AcDbEntity
  8
GEOMETRY
100
AcDbLine
 10
214.3720245361328
 20
473.10160064697266
 30
0.0
 11
211.53741455078125
 21
473.10160064697266
 31
0.0
  0
LINE
  5
5E
330
17
100
AcDbEntity
  8
GEOMETRY
100
AcDbLine
 10
211.53741455078125
 20
473.10160064697266
 30
0.0
 11
211.53741455078125
 21
473.3567123413086
 31
0.0
  0
LINE
  5
5F
330
17
100
AcDbEntity
  8
GEOMETRY
100
AcDbLine
 10
217.2066192626953
 20
473.3567123413086
 30
0.0
 11
220.0412139892578
 21
473.3567123413086
 31
0.0
  0
LINE
  5
60
330
17
100
AcDbEntity
  8
GEOMETRY
100
AcDbLine
 10
220.0412139892578
 20
473.3567123413086
 30
0.0
 11
220.0412139892578
 21
473.10160064697266
 31
0.0
  0
LINE
  5
61
330
17
100
AcDbEntity
  8
GEOMETRY
100
AcDbLine
 10
220.0412139892578
 20
473.10160064697266
 30
0.0
 11
217.2066192626953
 21
473.10160064697266
 31
0.0
  0
LINE
  5
62
330
17
100
AcDbEntity
  8
GEOMETRY
100
AcDbLine
 10
217.2066192626953
 20
473.10160064697266
 30
0.0
 11
217.2066192626953
 21
473.3567123413086
 31
0.0
  0
LINE
  5
63
330
17
100
AcDbEntity
  8
GEOMETRY
100
AcDbLine
 10
222.8758087158203
 20
473.3567123413086
 30
0.0
 11
225.71041870117188
 21
473.3567123413086
 31
0.0
  0
LINE
  5
64
330
17
100
AcDbEntity
  8
GEOMETRY
100
AcDbLine
 10
225.71041870117188
 20
473.3567123413086
 30
0.0
 11
225.71041870117188
 21
473.10160064697266
 31
0.0
  0
LINE
  5
65
330
17
100
AcDbEntity
  8
GEOMETRY
100
AcDbLine
 10
225.71041870117188
 20
473.10160064697266
 30
0.0
 11
222.8758087158203
 21
473.10160064697266
 31
0.0
  0
LINE
  5
66
330
17
100
AcDbEntity
  8
GEOMETRY
100
AcDbLine
 10
222.8758087158203
 20
473.10160064697266
 30
0.0
 11
222.8758087158203
 21
473.3567123413086
 31
0.0
  0
LINE
  5
67
330
17
100
AcDbEntity
  8
GEOMETRY
100
AcDbLine
 10
228.54501342773438
 20
473.3567123413086
 30
0.0
 11
231.37960815429688
 21
473.3567123413086
 31
0.0
  0
LINE
  5
68
330
17
100
AcDbEntity
  8
GEOMETRY
100
AcDbLine
 10
231.37960815429688
 20
473.3567123413086
 30
0.0
 11
231.37960815429688
 21
473.10160064697266
 31
0.0
  0
LINE
  5
69
330
17
100
AcDbEntity
  8
GEOMETRY
100
AcDbLine
 10
231.37960815429688
 20
473.10160064697266
 30
0.0
 11
228.54501342773438
 21
473.10160064697266
 31
0.0
  0
LINE
  5
6A
330
17
100
AcDbEntity
  8
GEOMETRY
100
AcDbLine
 10
228.54501342773438
 20
473.10160064697266
 30
0.0
 11
228.54501342773438
 21
473.3567123413086
 31
0.0
  0
LINE
  5
6B
330
17
100
AcDbEntity
  8
GEOMETRY
100
AcDbLine
 10
234.21420288085938
 20
473.3567123413086
 30
0.0
 11
237.04879760742188
 21
473.3567123413086
 31
0.0
  0
LINE
  5
6C
330
17
100
AcDbEntity
  8
GEOMETRY
100
AcDbLine
 10
237.04879760742188
 20
473.3567123413086
 30
0.0
 11
237.04879760742188
 21
473.10160064697266
 31
0.0
  0
LINE
  5
6D
330
17
100
AcDbEntity
  8
GEOMETRY
100
AcDbLine
 10
237.04879760742188
 20
473.10160064697266
 30
0.0
 11
234.21420288085938
 21
473.10160064697266
 31
0.0
  0
LINE
  5
6E
330
17
100
AcDbEntity
  8
GEOMETRY
100
AcDbLine
 10
234.21420288085938
 20
473.10160064697266
 30
0.0
 11
234.21420288085938
 21
473.3567123413086
 31
0.0
  0
LINE
  5
6F
330
17
100
AcDbEntity
  8
GEOMETRY
100
AcDbLine
 10
239.88340759277344
 20
473.3567123413086
 30
0.0
 11
242.71800231933594
 21
473.3567123413086
 31
0.0
  0
LINE
  5
70
330
17
100
AcDbEntity
  8
GEOMETRY
100
AcDbLine
 10
242.71800231933594
 20
473.3567123413086
 30
0.0
 11
242.71800231933594
 21
473.10160064697266
 31
0.0
  0
LINE
  5
71
330
17
100
AcDbEntity
  8
GEOMETRY
100
AcDbLine
 10
242.71800231933594
 20
473.10160064697266
 30
0.0
 11
239.88340759277344
 21
473.10160064697266
 31
0.0
  0
LINE
  5
72
330
17
100
AcDbEntity
  8
GEOMETRY
100
AcDbLine
 10
239.88340759277344
 20
473.10160064697266
 30
0.0
 11
239.88340759277344
 21
473.3567123413086
 31
0.0
  0
LINE
  5
73
330
17
100
AcDbEntity
  8
GEOMETRY
100
AcDbLine
 10
245.55259704589844
 20
473.3567123413086
 30
0.0
 11
248.38720703125
 21
473.3567123413086
 31
0.0
  0
LINE
  5
74
330
17
100
AcDbEntity
  8
GEOMETRY
100
AcDbLine
 10
248.38720703125
 20
473.3567123413086
 30
0.0
 11
248.38720703125
 21
473.10160064697266
 31
0.0
  0
LINE
  5
75
330
17
100
AcDbEntity
  8
GEOMETRY
100
AcDbLine
 10
248.38720703125
 20
473.10160064697266
 30
0.0
 11
245.55259704589844
 21
473.10160064697266
 31
0.0
  0
LINE
  5
76
330
17
100
AcDbEntity
  8
GEOMETRY
100
AcDbLine
 10
245.55259704589844
 20
473.10160064697266
 30
0.0
 11
245.55259704589844
 21
473.3567123413086
 31
0.0
  0
LINE
  5
77
330
17
100
AcDbEntity
  8
GEOMETRY
100
AcDbLine
 10
251.2218017578125
 20
473.3567123413086
 30
0.0
 11
254.056396484375
 21
473.3567123413086
 31
0.0
  0
LINE
  5
78
330
17
100
AcDbEntity
  8
GEOMETRY
100
AcDbLine
 10
254.056396484375
 20
473.3567123413086
 30
0.0
 11
254.056396484375
 21
473.10160064697266
 31
0.0
  0
LINE
  5
79
330
17
100
AcDbEntity
  8
GEOMETRY
100
AcDbLine
 10
254.056396484375
 20
473.10160064697266
 30
0.0
 11
251.2218017578125
 21
473.10160064697266
 31
0.0
  0
LINE
  5
7A
330
17
100
AcDbEntity
  8
GEOMETRY
100
AcDbLine
 10
251.2218017578125
 20
473.10160064697266
 30
0.0
 11
251.2218017578125
 21
473.3567123413086
 31
0.0
  0
LINE
  5
7B
330
17
100
AcDbEntity
  8
GEOMETRY
100
AcDbLine
 10
256.8909912109375
 20
473.3567123413086
 30
0.0
 11
259.7255859375
 21
473.3567123413086
 31
0.0
  0
LINE
  5
7C
330
17
100
AcDbEntity
  8
GEOMETRY
100
AcDbLine
 10
259.7255859375
 20
473.3567123413086
 30
0.0
 11
259.7255859375
 21
473.10160064697266
 31
0.0
  0
LINE
  5
7D
330
17
100
AcDbEntity
  8
GEOMETRY
100
AcDbLine
 10
259.7255859375
 20
473.10160064697266
 30
0.0
 11
256.8909912109375
 21
473.10160064697266
 31
0.0
  0
LINE
  5
7E
330
17
100
AcDbEntity
  8
GEOMETRY
100
AcDbLine
 10
256.8909912109375
 20
473.10160064697266
 30
0.0
 11
256.8909912109375
 21
473.3567123413086
 31
0.0
  0
LINE
  5
7F
330
17
100
AcDbEntity
  8
GEOMETRY
100
AcDbLine
 10
262.5601806640625
 20
473.3567123413086
 30
0.0
 11
265.394775390625
 21
473.3567123413086
 31
0.0
  0
LINE
  5
80
330
17
100
AcDbEntity
  8
GEOMETRY
100
AcDbLine
 10
265.394775390625
 20
473.3567123413086
 30
0.0
 11
265.394775390625
 21
473.10160064697266
 31
0.0
  0
LINE
  5
81
330
17
100
AcDbEntity
  8
GEOMETRY
100
AcDbLine
 10
265.394775390625
 20
473.10160064697266
 30
0.0
 11
262.5601806640625
 21
473.10160064697266
 31
0.0
  0
LINE
  5
82
330
17
100
AcDbEntity
  8
GEOMETRY
100
AcDbLine
 10
262.5601806640625
 20
473.10160064697266
 30
0.0
 11
262.5601806640625
 21
473.3567123413086
 31
0.0
  0
LINE
  5
83
330
17
100
AcDbEntity
  8
GEOMETRY
100
AcDbLine
 10
268.2293701171875
 20
473.3567123413086
 30
0.0
 11
271.0639953613281
 21
473.3567123413086
 31
0.0
  0
LINE
  5
84
330
17
100
AcDbEntity
  8
GEOMETRY
100
AcDbLine
 10
271.0639953613281
 20
473.3567123413086
 30
0.0
 11
271.0639953613281
 21
473.10160064697266
 31
0.0
  0
LINE
  5
85
330
17
100
AcDbEntity
  8
GEOMETRY
100
AcDbLine
 10
271.0639953613281
 20
473.10160064697266
 30
0.0
 11
268.2293701171875
 21
473.10160064697266
 31
0.0
  0
LINE
  5
86
330
17
100
AcDbEntity
  8
GEOMETRY
100
AcDbLine
 10
268.2293701171875
 20
473.10160064697266
 30
0.0
 11
268.2293701171875
 21
473.3567123413086
 31
0.0
  0
LINE
  5
87
330
17
100
AcDbEntity
  8
GEOMETRY
100
AcDbLine
 10
273.8985900878906
 20
473.3567123413086
 30
0.0
 11
276.7331848144531
 21
473.3567123413086
 31
0.0
  0
LINE
  5
88
330
17
100
AcDbEntity
  8
GEOMETRY
100
AcDbLine
 10
276.7331848144531
 20
473.3567123413086
 30
0.0
 11
276.7331848144531
 21
473.10160064697266
 31
0.0
  0
LINE
  5
89
330
17
100
AcDbEntity
  8
GEOMETRY
100
AcDbLine
 10
276.7331848144531
 20
473.10160064697266
 30
0.0
 11
273.8985900878906
 21
473.10160064697266
 31
0.0
  0
LINE
  5
8A
330
17
100
AcDbEntity
  8
GEOMETRY
100
AcDbLine
 10
273.8985900878906
 20
473.10160064697266
 30
0.0
 11
273.8985900878906
 21
473.3567123413086
 31
0.0
  0
LINE
  5
8B
330
17
100
AcDbEntity
  8
GEOMETRY
100
AcDbLine
 10
279.5677795410156
 20
473.3567123413086
 30
0.0
 11
282.4023742675781
 21
473.3567123413086
 31
0.0
  0
LINE
  5
8C
330
17
100
AcDbEntity
  8
GEOMETRY
100
AcDbLine
 10
282.4023742675781
 20
473.3567123413086
 30
0.0
 11
282.4023742675781
 21
473.10160064697266
 31
0.0
  0
LINE
  5
8D
330
17
100
AcDbEntity
  8
GEOMETRY
100
AcDbLine
 10
282.4023742675781
 20
473.10160064697266
 30
0.0
 11
279.5677795410156
 21
473.10160064697266
 31
0.0
  0
LINE
  5
8E
330
17
100
AcDbEntity
  8
GEOMETRY
100
AcDbLine
 10
279.5677795410156
 20
473.10160064697266
 30
0.0
 11
279.5677795410156
 21
473.3567123413086
 31
0.0
  0
LINE
  5
8F
330
17
100
AcDbEntity
  8
GEOMETRY
100
AcDbLine
 10
285.2369689941406
 20
473.3567123413086
 30
0.0
 11
288.07159423828125
 21
473.3567123413086
 31
0.0
  0
LINE
  5
90
330
17
100
AcDbEntity
  8
GEOMETRY
100
AcDbLine
 10
288.07159423828125
 20
473.3567123413086
 30
0.0
 11
288.07159423828125
 21
473.10160064697266
 31
0.0
  0
LINE
  5
91
330
17
100
AcDbEntity
  8
GEOMETRY
100
AcDbLine
 10
288.07159423828125
 20
473.10160064697266
 30
0.0
 11
285.2369689941406
 21
473.10160064697266
 31
0.0
  0
LINE
  5
92
330
17
100
AcDbEntity
  8
GEOMETRY
100
AcDbLine
 10
285.2369689941406
 20
473.10160064697266
 30
0.0
 11
285.2369689941406
 21
473.3567123413086
 31
0.0
  0
LINE
  5
93
330
17
100
AcDbEntity
  8
GEOMETRY
100
AcDbLine
 10
290.90618896484375
 20
473.3567123413086
 30
0.0
 11
293.74078369140625
 21
473.3567123413086
 31
0.0
  0
LINE
  5
94
330
17
100
AcDbEntity
  8
GEOMETRY
100
AcDbLine
 10
293.74078369140625
 20
473.3567123413086
 30
0.0
 11
293.74078369140625
 21
473.10160064697266
 31
0.0
  0
LINE
  5
95
330
17
100
AcDbEntity
  8
GEOMETRY
100
AcDbLine
 10
293.74078369140625
 20
473.10160064697266
 30
0.0
 11
290.90618896484375
 21
473.10160064697266
 31
0.0
  0
LINE
  5
96
330
17
100
AcDbEntity
  8
GEOMETRY
100
AcDbLine
 10
290.90618896484375
 20
473.10160064697266
 30
0.0
 11
290.90618896484375
 21
473.3567123413086
 31
0.0
  0
LINE
  5
97
330
17
100
AcDbEntity
  8
GEOMETRY
100
AcDbLine
 10
296.57537841796875
 20
473.3567123413086
 30
0.0
 11
299.40997314453125
 21
473.3567123413086
 31
0.0
  0
LINE
  5
98
330
17
100
AcDbEntity
  8
GEOMETRY
100
AcDbLine
 10
299.40997314453125
 20
473.3567123413086
 30
0.0
 11
299.40997314453125
 21
473.10160064697266
 31
0.0
  0
LINE
  5
99
330
17
100
AcDbEntity
  8
GEOMETRY
100
AcDbLine
 10
299.40997314453125
 20
473.10160064697266
 30
0.0
 11
296.57537841796875
 21
473.10160064697266
 31
0.0
  0
LINE
  5
9A
330
17
100
AcDbEntity
  8
GEOMETRY
100
AcDbLine
 10
296.57537841796875
 20
473.10160064697266
 30
0.0
 11
296.57537841796875
 21
473.3567123413086
 31
0.0
  0
LINE
  5
9B
330
17
100
AcDbEntity
  8
GEOMETRY
100
AcDbLine
 10
302.24456787109375
 20
473.3567123413086
 30
0.0
 11
305.07916259765625
 21
473.3567123413086
 31
0.0
  0
LINE
  5
9C
330
17
100
AcDbEntity
  8
GEOMETRY
100
AcDbLine
 10
305.07916259765625
 20
473.3567123413086
 30
0.0
 11
305.07916259765625
 21
473.10160064697266
 31
0.0
  0
LINE
  5
9D
330
17
100
AcDbEntity
  8
GEOMETRY
100
AcDbLine
 10
305.07916259765625
 20
473.10160064697266
 30
0.0
 11
302.24456787109375
 21
473.10160064697266
 31
0.0
  0
LINE
  5
9E
330
17
100
AcDbEntity
  8
GEOMETRY
100
AcDbLine
 10
302.24456787109375
 20
473.10160064697266
 30
0.0
 11
302.24456787109375
 21
473.3567123413086
 31
0.0
  0
LINE
  5
9F
330
17
100
AcDbEntity
  8
GEOMETRY
100
AcDbLine
 10
307.91375732421875
 20
473.3567123413086
 30
0.0
 11
310.74835205078125
 21
473.3567123413086
 31
0.0
  0
LINE
  5
A0
330
17
100
AcDbEntity
  8
GEOMETRY
100
AcDbLine
 10
310.74835205078125
 20
473.3567123413086
 30
0.0
 11
310.74835205078125
 21
473.10160064697266
 31
0.0
  0
LINE
  5
A1
330
17
100
AcDbEntity
  8
GEOMETRY
100
AcDbLine
 10
310.74835205078125
 20
473.10160064697266
 30
0.0
 11
307.91375732421875
 21
473.10160064697266
 31
0.0
  0
LINE
  5
A2
330
17
100
AcDbEntity
  8
GEOMETRY
100
AcDbLine
 10
307.91375732421875
 20
473.10160064697266
 30
0.0
 11
307.91375732421875
 21
473.3567123413086
 31
0.0
  0
LINE
  5
A3
330
17
100
AcDbEntity
  8
GEOMETRY
100
AcDbLine
 10
313.58294677734375
 20
473.3567123413086
 30
0.0
 11
316.41754150390625
 21
473.3567123413086
 31
0.0
  0
LINE
  5
A4
330
17
100
AcDbEntity
  8
GEOMETRY
100
AcDbLine
 10
316.41754150390625
 20
473.3567123413086
 30
0.0
 11
316.41754150390625
 21
473.10160064697266
 31
0.0
  0
LINE
  5
A5
330
17
100
AcDbEntity
  8
GEOMETRY
100
AcDbLine
 10
316.41754150390625
 20
473.10160064697266
 30
0.0
 11
313.58294677734375
 21
473.10160064697266
 31
0.0
  0
LINE
  5
A6
330
17
100
AcDbEntity
  8
GEOMETRY
100
AcDbLine
 10
313.58294677734375
 20
473.10160064697266
 30
0.0
 11
313.58294677734375
 21
473.3567123413086
 31
0.0
  0
LINE
  5
A7
330
17
100
AcDbEntity
  8
GEOMETRY
100
AcDbLine
 10
319.25213623046875
 20
473.3567123413086
 30
0.0
 11
322.0867614746094
 21
473.3567123413086
 31
0.0
  0
LINE
  5
A8
330
17
100
AcDbEntity
  8
GEOMETRY
100
AcDbLine
 10
322.0867614746094
 20
473.3567123413086
 30
0.0
 11
322.0867614746094
 21
473.10160064697266
 31
0.0
  0
LINE
  5
A9
330
17
100
AcDbEntity
  8
GEOMETRY
100
AcDbLine
 10
322.0867614746094
 20
473.10160064697266
 30
0.0
 11
319.25213623046875
 21
473.10160064697266
 31
0.0
  0
LINE
  5
AA
330
17
100
AcDbEntity
  8
GEOMETRY
100
AcDbLine
 10
319.25213623046875
 20
473.10160064697266
 30
0.0
 11
319.25213623046875
 21
473.3567123413086
 31
0.0
  0
LINE
  5
AB
330
17
100
AcDbEntity
  8
GEOMETRY
100
AcDbLine
 10
324.9213562011719
 20
473.3567123413086
 30
0.0
 11
327.7559509277344
 21
473.3567123413086
 31
0.0
  0
LINE
  5
AC
330
17
100
AcDbEntity
  8
GEOMETRY
100
AcDbLine
 10
327.7559509277344
 20
473.3567123413086
 30
0.0
 11
327.7559509277344
 21
473.10160064697266
 31
0.0
  0
LINE
  5
AD
330
17
100
AcDbEntity
  8
GEOMETRY
100
AcDbLine
 10
327.7559509277344
 20
473.10160064697266
 30
0.0
 11
324.9213562011719
 21
473.10160064697266
 31
0.0
  0
LINE
  5
AE
330
17
100
AcDbEntity
  8
GEOMETRY
100
AcDbLine
 10
324.9213562011719
 20
473.10160064697266
 30
0.0
 11
324.9213562011719
 21
473.3567123413086
 31
0.0
  0
LINE
  5
AF
330
17
100
AcDbEntity
  8
GEOMETRY
100
AcDbLine
 10
330.5905456542969
 20
473.3567123413086
 30
0.0
 11
333.4251708984375
 21
473.3567123413086
 31
0.0
  0
LINE
  5
B0
330
17
100
AcDbEntity
  8
GEOMETRY
100
AcDbLine
 10
333.4251708984375
 20
473.3567123413086
 30
0.0
 11
333.4251708984375
 21
473.10160064697266
 31
0.0
  0
LINE
  5
B1
330
17
100
AcDbEntity
  8
GEOMETRY
100
AcDbLine
 10
333.4251708984375
 20
473.10160064697266
 30
0.0
 11
330.5905456542969
 21
473.10160064697266
 31
0.0
  0
LINE
  5
B2
330
17
100
AcDbEntity
  8
GEOMETRY
100
AcDbLine
 10
330.5905456542969
 20
473.10160064697266
 30
0.0
 11
330.5905456542969
 21
473.3567123413086
 31
0.0
  0
LINE
  5
B3
330
17
100
AcDbEntity
  8
GEOMETRY
100
AcDbLine
 10
336.259765625
 20
473.3567123413086
 30
0.0
 11
339.0943603515625
 21
473.3567123413086
 31
0.0
  0
LINE
  5
B4
330
17
100
AcDbEntity
  8
GEOMETRY
100
AcDbLine
 10
339.0943603515625
 20
473.3567123413086
 30
0.0
 11
339.0943603515625
 21
473.10160064697266
 31
0.0
  0
LINE
  5
B5
330
17
100
AcDbEntity
  8
GEOMETRY
100
AcDbLine
 10
339.0943603515625
 20
473.10160064697266
 30
0.0
 11
336.259765625
 21
473.10160064697266
 31
0.0
  0
LINE
  5
B6
330
17
100
AcDbEntity
  8
GEOMETRY
100
AcDbLine
 10
336.259765625
 20
473.10160064697266
 30
0.0
 11
336.259765625
 21
473.3567123413086
 31
0.0
  0
LINE
  5
B7
330
17
100
AcDbEntity
  8
GEOMETRY
100
AcDbLine
 10
341.928955078125
 20
473.3567123413086
 30
0.0
 11
344.7635498046875
 21
473.3567123413086
 31
0.0
  0
LINE
  5
B8
330
17
100
AcDbEntity
  8
GEOMETRY
100
AcDbLine
 10
344.7635498046875
 20
473.3567123413086
 30
0.0
 11
344.7635498046875
 21
473.10160064697266
 31
0.0
  0
LINE
  5
B9
330
17
100
AcDbEntity
  8
GEOMETRY
100
AcDbLine
 10
344.7635498046875
 20
473.10160064697266
 30
0.0
 11
341.928955078125
 21
473.10160064697266
 31
0.0
  0
LINE
  5
BA
330
17
100
AcDbEntity
  8
GEOMETRY
100
AcDbLine
 10
341.928955078125
 20
473.10160064697266
 30
0.0
 11
341.928955078125
 21
473.3567123413086
 31
0.0
  0
LINE
  5
BB
330
17
100
AcDbEntity
  8
GEOMETRY
100
AcDbLine
 10
347.59814453125
 20
473.3567123413086
 30
0.0
 11
350.4327392578125
 21
473.3567123413086
 31
0.0
  0
LINE
  5
BC
330
17
100
AcDbEntity
  8
GEOMETRY
100
AcDbLine
 10
350.4327392578125
 20
473.3567123413086
 30
0.0
 11
350.4327392578125
 21
473.10160064697266
 31
0.0
  0
LINE
  5
BD
330
17
100
AcDbEntity
  8
GEOMETRY
100
AcDbLine
 10
350.4327392578125
 20
473.10160064697266
 30
0.0
 11
347.59814453125
 21
473.10160064697266
 31
0.0
  0
LINE
  5
BE
330
17
100
AcDbEntity
  8
GEOMETRY
100
AcDbLine
 10
347.59814453125
 20
473.10160064697266
 30
0.0
 11
347.59814453125
 21
473.3567123413086
 31
0.0
  0
LINE
  5
BF
330
17
100
AcDbEntity
  8
GEOMETRY
100
AcDbLine
 10
353.267333984375
 20
473.3567123413086
 30
0.0
 11
356.1019287109375
 21
473.3567123413086
 31
0.0
  0
LINE
  5
C0
330
17
100
AcDbEntity
  8
GEOMETRY
100
AcDbLine
 10
356.1019287109375
 20
473.3567123413086
 30
0.0
 11
356.1019287109375
 21
473.10160064697266
 31
0.0
  0
LINE
  5
C1
330
17
100
AcDbEntity
  8
GEOMETRY
100
AcDbLine
 10
356.1019287109375
 20
473.10160064697266
 30
0.0
 11
353.267333984375
 21
473.10160064697266
 31
0.0
  0
LINE
  5
C2
330
17
100
AcDbEntity
  8
GEOMETRY
100
AcDbLine
 10
353.267333984375
 20
473.10160064697266
 30
0.0
 11
353.267333984375
 21
473.3567123413086
 31
0.0
  0
LINE
  5
C3
330
17
100
AcDbEntity
  8
GEOMETRY
100
AcDbLine
 10
358.9365234375
 20
473.3567123413086
 30
0.0
 11
361.7711181640625
 21
473.3567123413086
 31
0.0
  0
LINE
  5
C4
330
17
100
AcDbEntity
  8
GEOMETRY
100
AcDbLine
 10
361.7711181640625
 20
473.3567123413086
 30
0.0
 11
361.7711181640625
 21
473.10160064697266
 31
0.0
  0
LINE
  5
C5
330
17
100
AcDbEntity
  8
GEOMETRY
100
AcDbLine
 10
361.7711181640625
 20
473.10160064697266
 30
0.0
 11
358.9365234375
 21
473.10160064697266
 31
0.0
  0
LINE
  5
C6
330
17
100
AcDbEntity
  8
GEOMETRY
100
AcDbLine
 10
358.9365234375
 20
473.10160064697266
 30
0.0
 11
358.9365234375
 21
473.3567123413086
 31
0.0
  0
LINE
  5
C7
330
17
100
AcDbEntity
  8
GEOMETRY
100
AcDbLine
 10
364.605712890625
 20
473.3567123413086
 30
0.0
 11
367.4403076171875
 21
473.3567123413086
 31
0.0
  0
LINE
  5
C8
330
17
100
AcDbEntity
  8
GEOMETRY
100
AcDbLine
 10
367.4403076171875
 20
473.3567123413086
 30
0.0
 11
367.4403076171875
 21
473.10160064697266
 31
0.0
  0
LINE
  5
C9
330
17
100
AcDbEntity
  8
GEOMETRY
100
AcDbLine
 10
367.4403076171875
 20
473.10160064697266
 30
0.0
 11
364.605712890625
 21
473.10160064697266
 31
0.0
  0
LINE
  5
CA
330
17
100
AcDbEntity
  8
GEOMETRY
100
AcDbLine
 10
364.605712890625
 20
473.10160064697266
 30
0.0
 11
364.605712890625
 21
473.3567123413086
 31
0.0
  0
LINE
  5
CB
330
17
100
AcDbEntity
  8
GEOMETRY
100
AcDbLine
 10
370.2749328613281
 20
473.3567123413086
 30
0.0
 11
373.1095275878906
 21
473.3567123413086
 31
0.0
  0
LINE
  5
CC
330
17
100
AcDbEntity
  8
GEOMETRY
100
AcDbLine
 10
373.1095275878906
 20
473.3567123413086
 30
0.0
 11
373.1095275878906
 21
473.10160064697266
 31
0.0
  0
LINE
  5
CD
330
17
100
AcDbEntity
  8
GEOMETRY
100
AcDbLine
 10
373.1095275878906
 20
473.10160064697266
 30
0.0
 11
370.2749328613281
 21
473.10160064697266
 31
0.0
  0
LINE
  5
CE
330
17
100
AcDbEntity
  8
GEOMETRY
100
AcDbLine
 10
370.2749328613281
 20
473.10160064697266
 30
0.0
 11
370.2749328613281
 21
473.3567123413086
 31
0.0
  0
LINE
  5
CF
330
17
100
AcDbEntity
  8
GEOMETRY
100
AcDbLine
 10
375.9441223144531
 20
473.3567123413086
 30
0.0
 11
378.7787170410156
 21
473.3567123413086
 31
0.0
  0
LINE
  5
D0
330
17
100
AcDbEntity
  8
GEOMETRY
100
AcDbLine
 10
378.7787170410156
 20
473.3567123413086
 30
0.0
 11
378.7787170410156
 21
473.10160064697266
 31
0.0
  0
LINE
  5
D1
330
17
100
AcDbEntity
  8
GEOMETRY
100
AcDbLine
 10
378.7787170410156
 20
473.10160064697266
 30
0.0
 11
375.9441223144531
 21
473.10160064697266
 31
0.0
  0
LINE
  5
D2
330
17
100
AcDbEntity
  8
GEOMETRY
100
AcDbLine
 10
375.9441223144531
 20
473.10160064697266
 30
0.0
 11
375.9441223144531
 21
473.3567123413086
 31
0.0
  0
LINE
  5
D3
330
17
100
AcDbEntity
  8
GEOMETRY
100
AcDbLine
 10
381.61334228515625
 20
473.3567123413086
 30
0.0
 11
384.44793701171875
 21
473.3567123413086
 31
0.0
  0
LINE
  5
D4
330
17
100
AcDbEntity
  8
GEOMETRY
100
AcDbLine
 10
384.44793701171875
 20
473.3567123413086
 30
0.0
 11
384.44793701171875
 21
473.10160064697266
 31
0.0
  0
LINE
  5
D5
330
17
100
AcDbEntity
  8
GEOMETRY
100
AcDbLine
 10
384.44793701171875
 20
473.10160064697266
 30
0.0
 11
381.61334228515625
 21
473.10160064697266
 31
0.0
  0
LINE
  5
D6
330
17
100
AcDbEntity
  8
GEOMETRY
100
AcDbLine
 10
381.61334228515625
 20
473.10160064697266
 30
0.0
 11
381.61334228515625
 21
473.3567123413086
 31
0.0
  0
LINE
  5
D7
330
17
100
AcDbEntity
  8
GEOMETRY
100
AcDbLine
 10
387.28253173828125
 20
473.3567123413086
 30
0.0
 11
390.11712646484375
 21
473.3567123413086
 31
0.0
  0
LINE
  5
D8
330
17
100
AcDbEntity
  8
GEOMETRY
100
AcDbLine
 10
390.11712646484375
 20
473.3567123413086
 30
0.0
 11
390.11712646484375
 21
473.10160064697266
 31
0.0
  0
LINE
  5
D9
330
17
100
AcDbEntity
  8
GEOMETRY
100
AcDbLine
 10
390.11712646484375
 20
473.10160064697266
 30
0.0
 11
387.28253173828125
 21
473.10160064697266
 31
0.0
  0
LINE
  5
DA
330
17
100
AcDbEntity
  8
GEOMETRY
100
AcDbLine
 10
387.28253173828125
 20
473.10160064697266
 30
0.0
 11
387.28253173828125
 21
473.3567123413086
 31
0.0
  0
LINE
  5
DB
330
17
100
AcDbEntity
  8
GEOMETRY
100
AcDbLine
 10
392.95172119140625
 20
473.3567123413086
 30
0.0
 11
395.78631591796875
 21
473.3567123413086
 31
0.0
  0
LINE
  5
DC
330
17
100
AcDbEntity
  8
GEOMETRY
100
AcDbLine
 10
395.78631591796875
 20
473.3567123413086
 30
0.0
 11
395.78631591796875
 21
473.10160064697266
 31
0.0
  0
LINE
  5
DD
330
17
100
AcDbEntity
  8
GEOMETRY
100
AcDbLine
 10
395.78631591796875
 20
473.10160064697266
 30
0.0
 11
392.95172119140625
 21
473.10160064697266
 31
0.0
  0
LINE
  5
DE
330
17
100
AcDbEntity
  8
GEOMETRY
100
AcDbLine
 10
392.95172119140625
 20
473.10160064697266
 30
0.0
 11
392.95172119140625
 21
473.3567123413086
 31
0.0
  0
LINE
  5
DF
330
17
100
AcDbEntity
  8
GEOMETRY
100
AcDbLine
 10
398.62091064453125
 20
473.3567123413086
 30
0.0
 11
401.45550537109375
 21
473.3567123413086
 31
0.0
  0
LINE
  5
E0
330
17
100
AcDbEntity
  8
GEOMETRY
100
AcDbLine
 10
401.45550537109375
 20
473.3567123413086
 30
0.0
 11
401.45550537109375
 21
473.10160064697266
 31
0.0
  0
LINE
  5
E1
330
17
100
AcDbEntity
  8
GEOMETRY
100
AcDbLine
 10
401.45550537109375
 20
473.10160064697266
 30
0.0
 11
398.62091064453125
 21
473.10160064697266
 31
0.0
  0
LINE
  5
E2
330
17
100
AcDbEntity
  8
GEOMETRY
100
AcDbLine
 10
398.62091064453125
 20
473.10160064697266
 30
0.0
 11
398.62091064453125
 21
473.3567123413086
 31
0.0
  0
LINE
  5
E3
330
17
100
AcDbEntity
  8
GEOMETRY
100
AcDbLine
 10
404.29010009765625
 20
473.3567123413086
 30
0.0
 11
407.12469482421875
 21
473.3567123413086
 31
0.0
  0
LINE
  5
E4
330
17
100
AcDbEntity
  8
GEOMETRY
100
AcDbLine
 10
407.12469482421875
 20
473.3567123413086
 30
0.0
 11
407.12469482421875
 21
473.10160064697266
 31
0.0
  0
LINE
  5
E5
330
17
100
AcDbEntity
  8
GEOMETRY
100
AcDbLine
 10
407.12469482421875
 20
473.10160064697266
 30
0.0
 11
404.29010009765625
 21
473.10160064697266
 31
0.0
  0
LINE
  5
E6
330
17
100
AcDbEntity
  8
GEOMETRY
100
AcDbLine
 10
404.29010009765625
 20
473.10160064697266
 30
0.0
 11
404.29010009765625
 21
473.3567123413086
 31
0.0
  0
LINE
  5
E7
330
17
100
AcDbEntity
  8
GEOMETRY
100
AcDbLine
 10
409.95928955078125
 20
473.3567123413086
 30
0.0
 11
412.79388427734375
 21
473.3567123413086
 31
0.0
  0
LINE
  5
E8
330
17
100
AcDbEntity
  8
GEOMETRY
100
AcDbLine
 10
412.79388427734375
 20
473.3567123413086
 30
0.0
 11
412.79388427734375
 21
473.10160064697266
 31
0.0
  0
LINE
  5
E9
330
17
100
AcDbEntity
  8
GEOMETRY
100
AcDbLine
 10
412.79388427734375
 20
473.10160064697266
 30
0.0
 11
409.95928955078125
 21
473.10160064697266
 31
0.0
  0
LINE
  5
EA
330
17
100
AcDbEntity
  8
GEOMETRY
100
AcDbLine
 10
409.95928955078125
 20
473.10160064697266
 30
0.0
 11
409.95928955078125
 21
473.3567123413086
 31
0.0
  0
LINE
  5
EB
330
17
100
AcDbEntity
  8
GEOMETRY
100
AcDbLine
 10
415.62847900390625
 20
473.3567123413086
 30
0.0
 11
418.4631042480469
 21
473.3567123413086
 31
0.0
  0
LINE
  5
EC
330
17
100
AcDbEntity
  8
GEOMETRY
100
AcDbLine
 10
418.4631042480469
 20
473.3567123413086
 30
0.0
 11
418.4631042480469
 21
473.10160064697266
 31
0.0
  0
LINE
  5
ED
330
17
100
AcDbEntity
  8
GEOMETRY
100
AcDbLine
 10
418.4631042480469
 20
473.10160064697266
 30
0.0
 11
415.62847900390625
 21
473.10160064697266
 31
0.0
  0
LINE
  5
EE
330
17
100
AcDbEntity
  8
GEOMETRY
100
AcDbLine
 10
415.62847900390625
 20
473.10160064697266
 30
0.0
 11
415.62847900390625
 21
473.3567123413086
 31
0.0
  0
LINE
  5
EF
330
17
100
AcDbEntity
  8
GEOMETRY
100
AcDbLine
 10
421.2976989746094
 20
473.3567123413086
 30
0.0
 11
424.1322937011719
 21
473.3567123413086
 31
0.0
  0
LINE
  5
F0
330
17
100
AcDbEntity
  8
GEOMETRY
100
AcDbLine
 10
424.1322937011719
 20
473.3567123413086
 30
0.0
 11
424.1322937011719
 21
473.10160064697266
 31
0.0
  0
LINE
  5
F1
330
17
100
AcDbEntity
  8
GEOMETRY
100
AcDbLine
 10
424.1322937011719
 20
473.10160064697266
 30
0.0
 11
421.2976989746094
 21
473.10160064697266
 31
0.0
  0
LINE
  5
F2
330
17
100
AcDbEntity
  8
GEOMETRY
100
AcDbLine
 10
421.2976989746094
 20
473.10160064697266
 30
0.0
 11
421.2976989746094
 21
473.3567123413086
 31
0.0
  0
LINE
  5
F3
330
17
100
AcDbEntity
  8
GEOMETRY
100
AcDbLine
 10
426.9668884277344
 20
473.3567123413086
 30
0.0
 11
429.801513671875
 21
473.3567123413086
 31
0.0
  0
LINE
  5
F4
330
17
100
AcDbEntity
  8
GEOMETRY
100
AcDbLine
 10
429.801513671875
 20
473.3567123413086
 30
0.0
 11
429.801513671875
 21
473.10160064697266
 31
0.0
  0
LINE
  5
F5
330
17
100
AcDbEntity
  8
GEOMETRY
100
AcDbLine
 10
429.801513671875
 20
473.10160064697266
 30
0.0
 11
426.9668884277344
 21
473.10160064697266
 31
0.0
  0
LINE
  5
F6
330
17
100
AcDbEntity
  8
GEOMETRY
100
AcDbLine
 10
426.9668884277344
 20
473.10160064697266
 30
0.0
 11
426.9668884277344
 21
473.3567123413086
 31
0.0
  0
LINE
  5
F7
330
17
100
AcDbEntity
  8
GEOMETRY
100
AcDbLine
 10
432.6361083984375
 20
473.3567123413086
 30
0.0
 11
435.470703125
 21
473.3567123413086
 31
0.0
  0
LINE
  5
F8
330
17
100
AcDbEntity
  8
GEOMETRY
100
AcDbLine
 10
435.470703125
 20
473.3567123413086
 30
0.0
 11
435.470703125
 21
473.10160064697266
 31
0.0
  0
LINE
  5
F9
330
17
100
AcDbEntity
  8
GEOMETRY
100
AcDbLine
 10
435.470703125
 20
473.10160064697266
 30
0.0
 11
432.6361083984375
 21
473.10160064697266
 31
0.0
  0
LINE
  5
FA
330
17
100
AcDbEntity
  8
GEOMETRY
100
AcDbLine
 10
432.6361083984375
 20
473.10160064697266
 30
0.0
 11
432.6361083984375
 21
473.3567123413086
 31
0.0
  0
LINE
  5
FB
330
17
100
AcDbEntity
  8
GEOMETRY
100
AcDbLine
 10
438.3052978515625
 20
473.3567123413086
 30
0.0
 11
441.139892578125
 21
473.3567123413086
 31
0.0
  0
LINE
  5
FC
330
17
100
AcDbEntity
  8
GEOMETRY
100
AcDbLine
 10
441.139892578125
 20
473.3567123413086
 30
0.0
 11
441.139892578125
 21
473.10160064697266
 31
0.0
  0
LINE
  5
FD
330
17
100
AcDbEntity
  8
GEOMETRY
100
AcDbLine
 10
441.139892578125
 20
473.10160064697266
 30
0.0
 11
438.3052978515625
 21
473.10160064697266
 31
0.0
  0
LINE
  5
FE
330
17
100
AcDbEntity
  8
GEOMETRY
100
AcDbLine
 10
438.3052978515625
 20
473.10160064697266
 30
0.0
 11
438.3052978515625
 21
473.3567123413086
 31
0.0
  0
LINE
  5
FF
330
17
100
AcDbEntity
  8
GEOMETRY
100
AcDbLine
 10
443.9744873046875
 20
473.3567123413086
 30
0.0
 11
446.80908203125
 21
473.3567123413086
 31
0.0
  0
LINE
  5
100
330
17
100
AcDbEntity
  8
GEOMETRY
100
AcDbLine
 10
446.80908203125
 20
473.3567123413086
 30
0.0
 11
446.80908203125
 21
473.10160064697266
 31
0.0
  0
LINE
  5
101
330
17
100
AcDbEntity
  8
GEOMETRY
100
AcDbLine
 10
446.80908203125
 20
473.10160064697266
 30
0.0
 11
443.9744873046875
 21
473.10160064697266
 31
0.0
  0
LINE
  5
102
330
17
100
AcDbEntity
  8
GEOMETRY
100
AcDbLine
 10
443.9744873046875
 20
473.10160064697266
 30
0.0
 11
443.9744873046875
 21
473.3567123413086
 31
0.0
  0
LINE
  5
103
330
17
100
AcDbEntity
  8
GEOMETRY
100
AcDbLine
 10
449.6436767578125
 20
473.3567123413086
 30
0.0
 11
452.478271484375
 21
473.3567123413086
 31
0.0
  0
LINE
  5
104
330
17
100
AcDbEntity
  8
GEOMETRY
100
AcDbLine
 10
452.478271484375
 20
473.3567123413086
 30
0.0
 11
452.478271484375
 21
473.10160064697266
 31
0.0
  0
LINE
  5
105
330
17
100
AcDbEntity
  8
GEOMETRY
100
AcDbLine
 10
452.478271484375
 20
473.10160064697266
 30
0.0
 11
449.6436767578125
 21
473.10160064697266
 31
0.0
  0
LINE
  5
106
330
17
100
AcDbEntity
  8
GEOMETRY
100
AcDbLine
 10
449.6436767578125
 20
473.10160064697266
 30
0.0
 11
449.6436767578125
 21
473.3567123413086
 31
0.0
  0
LINE
  5
107
330
17
100
AcDbEntity
  8
GEOMETRY
100
AcDbLine
 10
455.3128662109375
 20
473.3567123413086
 30
0.0
 11
458.1474914550781
 21
473.3567123413086
 31
0.0
  0
LINE
  5
108
330
17
100
AcDbEntity
  8
GEOMETRY
100
AcDbLine
 10
458.1474914550781
 20
473.3567123413086
 30
0.0
 11
458.1474914550781
 21
473.10160064697266
 31
0.0
  0
LINE
  5
109
330
17
100
AcDbEntity
  8
GEOMETRY
100
AcDbLine
 10
458.1474914550781
 20
473.10160064697266
 30
0.0
 11
455.3128662109375
 21
473.10160064697266
 31
0.0
  0
LINE
  5
10A
330
17
100
AcDbEntity
  8
GEOMETRY
100
AcDbLine
 10
455.3128662109375
 20
473.10160064697266
 30
0.0
 11
455.3128662109375
 21
473.3567123413086
 31
0.0
  0
LINE
  5
10B
330
17
100
AcDbEntity
  8
GEOMETRY
100
AcDbLine
 10
460.9820861816406
 20
473.3567123413086
 30
0.0
 11
463.8166809082031
 21
473.3567123413086
 31
0.0
  0
LINE
  5
10C
330
17
100
AcDbEntity
  8
GEOMETRY
100
AcDbLine
 10
463.8166809082031
 20
473.3567123413086
 30
0.0
 11
463.8166809082031
 21
473.10160064697266
 31
0.0
  0
LINE
  5
10D
330
17
100
AcDbEntity
  8
GEOMETRY
100
AcDbLine
 10
463.8166809082031
 20
473.10160064697266
 30
0.0
 11
460.9820861816406
 21
473.10160064697266
 31
0.0
  0
LINE
  5
10E
330
17
100
AcDbEntity
  8
GEOMETRY
100
AcDbLine
 10
460.9820861816406
 20
473.10160064697266
 30
0.0
 11
460.9820861816406
 21
473.3567123413086
 31
0.0
  0
LINE
  5
10F
330
17
100
AcDbEntity
  8
GEOMETRY
100
AcDbLine
 10
466.6512756347656
 20
473.3567123413086
 30
0.0
 11
469.4858703613281
 21
473.3567123413086
 31
0.0
  0
LINE
  5
110
330
17
100
AcDbEntity
  8
GEOMETRY
100
AcDbLine
 10
469.4858703613281
 20
473.3567123413086
 30
0.0
 11
469.4858703613281
 21
473.10160064697266
 31
0.0
  0
LINE
  5
111
330
17
100
AcDbEntity
  8
GEOMETRY
100
AcDbLine
 10
469.4858703613281
 20
473.10160064697266
 30
0.0
 11
466.6512756347656
 21
473.10160064697266
 31
0.0
  0
LINE
  5
112
330
17
100
AcDbEntity
  8
GEOMETRY
100
AcDbLine
 10
466.6512756347656
 20
473.10160064697266
 30
0.0
 11
466.6512756347656
 21
473.3567123413086
 31
0.0
  0
LINE
  5
113
330
17
100
AcDbEntity
  8
GEOMETRY
100
AcDbLine
 10
472.3204650878906
 20
473.3567123413086
 30
0.0
 11
475.1550598144531
 21
473.3567123413086
 31
0.0
  0
LINE
  5
114
330
17
100
AcDbEntity
  8
GEOMETRY
100
AcDbLine
 10
475.1550598144531
 20
473.3567123413086
 30
0.0
 11
475.1550598144531
 21
473.10160064697266
 31
0.0
  0
LINE
  5
115
330
17
100
AcDbEntity
  8
GEOMETRY
100
AcDbLine
 10
475.1550598144531
 20
473.10160064697266
 30
0.0
 11
472.3204650878906
 21
473.10160064697266
 31
0.0
  0
LINE
  5
116
330
17
100
AcDbEntity
  8
GEOMETRY
100
AcDbLine
 10
472.3204650878906
 20
473.10160064697266
 30
0.0
 11
472.3204650878906
 21
473.3567123413086
 31
0.0
  0
LINE
  5
117
330
17
100
AcDbEntity
  8
GEOMETRY
100
AcDbLine
 10
477.9896545410156
 20
473.3567123413086
 30
0.0
 11
480.8242492675781
 21
473.3567123413086
 31
0.0
  0
LINE
  5
118
330
17
100
AcDbEntity
  8
GEOMETRY
100
AcDbLine
 10
480.8242492675781
 20
473.3567123413086
 30
0.0
 11
480.8242492675781
 21
473.10160064697266
 31
0.0
  0
LINE
  5
119
330
17
100
AcDbEntity
  8
GEOMETRY
100
AcDbLine
 10
480.8242492675781
 20
473.10160064697266
 30
0.0
 11
477.9896545410156
 21
473.10160064697266
 31
0.0
  0
LINE
  5
11A
330
17
100
AcDbEntity
  8
GEOMETRY
100
AcDbLine
 10
477.9896545410156
 20
473.10160064697266
 30
0.0
 11
477.9896545410156
 21
473.3567123413086
 31
0.0
  0
LINE
  5
11B
330
17
100
AcDbEntity
  8
GEOMETRY
100
AcDbLine
 10
483.65887451171875
 20
473.3567123413086
 30
0.0
 11
486.49346923828125
 21
473.3567123413086
 31
0.0
  0
LINE
  5
11C
330
17
100
AcDbEntity
  8
GEOMETRY
100
AcDbLine
 10
486.49346923828125
 20
473.3567123413086
 30
0.0
 11
486.49346923828125
 21
473.10160064697266
 31
0.0
  0
LINE
  5
11D
330
17
100
AcDbEntity
  8
GEOMETRY
100
AcDbLine
 10
486.49346923828125
 20
473.10160064697266
 30
0.0
 11
483.65887451171875
 21
473.10160064697266
 31
0.0
  0
LINE
  5
11E
330
17
100
AcDbEntity
  8
GEOMETRY
100
AcDbLine
 10
483.65887451171875
 20
473.10160064697266
 30
0.0
 11
483.65887451171875
 21
473.3567123413086
 31
0.0
  0
LINE
  5
11F
330
17
100
AcDbEntity
  8
GEOMETRY
100
AcDbLine
 10
489.32806396484375
 20
473.3567123413086
 30
0.0
 11
492.16265869140625
 21
473.3567123413086
 31
0.0
  0
LINE
  5
120
330
17
100
AcDbEntity
  8
GEOMETRY
100
AcDbLine
 10
492.16265869140625
 20
473.3567123413086
 30
0.0
 11
492.16265869140625
 21
473.10160064697266
 31
0.0
  0
LINE
  5
121
330
17
100
AcDbEntity
  8
GEOMETRY
100
AcDbLine
 10
492.16265869140625
 20
473.10160064697266
 30
0.0
 11
489.32806396484375
 21
473.10160064697266
 31
0.0
  0
LINE
  5
122
330
17
100
AcDbEntity
  8
GEOMETRY
100
AcDbLine
 10
489.32806396484375
 20
473.10160064697266
 30
0.0
 11
489.32806396484375
 21
473.3567123413086
 31
0.0
  0
LINE
  5
123
330
17
100
AcDbEntity
  8
GEOMETRY
100
AcDbLine
 10
494.99725341796875
 20
473.3567123413086
 30
0.0
 11
497.83184814453125
 21
473.3567123413086
 31
0.0
  0
LINE
  5
124
330
17
100
AcDbEntity
  8
GEOMETRY
100
AcDbLine
 10
497.83184814453125
 20
473.3567123413086
 30
0.0
 11
497.83184814453125
 21
473.10160064697266
 31
0.0
  0
LINE
  5
125
330
17
100
AcDbEntity
  8
GEOMETRY
100
AcDbLine
 10
497.83184814453125
 20
473.10160064697266
 30
0.0
 11
494.99725341796875
 21
473.10160064697266
 31
0.0
  0
LINE
  5
126
330
17
100
AcDbEntity
  8
GEOMETRY
100
AcDbLine
 10
494.99725341796875
 20
473.10160064697266
 30
0.0
 11
494.99725341796875
 21
473.3567123413086
 31
0.0
  0
LINE
  5
127
330
17
100
AcDbEntity
  8
GEOMETRY
100
AcDbLine
 10
500.66644287109375
 20
473.3567123413086
 30
0.0
 11
503.50103759765625
 21
473.3567123413086
 31
0.0
  0
LINE
  5
128
330
17
100
AcDbEntity
  8
GEOMETRY
100
AcDbLine
 10
503.50103759765625
 20
473.3567123413086
 30
0.0
 11
503.50103759765625
 21
473.10160064697266
 31
0.0
  0
LINE
  5
129
330
17
100
AcDbEntity
  8
GEOMETRY
100
AcDbLine
 10
503.50103759765625
 20
473.10160064697266
 30
0.0
 11
500.66644287109375
 21
473.10160064697266
 31
0.0
  0
LINE
  5
12A
330
17
100
AcDbEntity
  8
GEOMETRY
100
AcDbLine
 10
500.66644287109375
 20
473.10160064697266
 30
0.0
 11
500.66644287109375
 21
473.3567123413086
 31
0.0
  0
LINE
  5
12B
330
17
100
AcDbEntity
  8
GEOMETRY
100
AcDbLine
 10
506.3356628417969
 20
473.3567123413086
 30
0.0
 11
509.1702575683594
 21
473.3567123413086
 31
0.0
  0
LINE
  5
12C
330
17
100
AcDbEntity
  8
GEOMETRY
100
AcDbLine
 10
509.1702575683594
 20
473.3567123413086
 30
0.0
 11
509.1702575683594
 21
473.10160064697266
 31
0.0
  0
LINE
  5
12D
330
17
100
AcDbEntity
  8
GEOMETRY
100
AcDbLine
 10
509.1702575683594
 20
473.10160064697266
 30
0.0
 11
506.3356628417969
 21
473.10160064697266
 31
0.0
  0
LINE
  5
12E
330
17
100
AcDbEntity
  8
GEOMETRY
100
AcDbLine
 10
506.3356628417969
 20
473.10160064697266
 30
0.0
 11
506.3356628417969
 21
473.3567123413086
 31
0.0
  0
LINE
  5
12F
330
17
100
AcDbEntity
  8
GEOMETRY
100
AcDbLine
 10
512.0048828125
 20
473.3567123413086
 30
0.0
 11
514.8394775390625
 21
473.3567123413086
 31
0.0
  0
LINE
  5
130
330
17
100
AcDbEntity
  8
GEOMETRY
100
AcDbLine
 10
514.8394775390625
 20
473.3567123413086
 30
0.0
 11
514.8394775390625
 21
473.10160064697266
 31
0.0
  0
LINE
  5
131
330
17
100
AcDbEntity
  8
GEOMETRY
100
AcDbLine
 10
514.8394775390625
 20
473.10160064697266
 30
0.0
 11
512.0048828125
 21
473.10160064697266
 31
0.0
  0
LINE
  5
132
330
17
100
AcDbEntity
  8
GEOMETRY
100
AcDbLine
 10
512.0048828125
 20
473.10160064697266
 30
0.0
 11
512.0048828125
 21
473.3567123413086
 31
0.0
  0
LINE
  5
133
330
17
100
AcDbEntity
  8
GEOMETRY
100
AcDbLine
 10
517.674072265625
 20
473.3567123413086
 30
0.0
 11
520.5086669921875
 21
473.3567123413086
 31
0.0
  0
LINE
  5
134
330
17
100
AcDbEntity
  8
GEOMETRY
100
AcDbLine
 10
520.5086669921875
 20
473.3567123413086
 30
0.0
 11
520.5086669921875
 21
473.10160064697266
 31
0.0
  0
LINE
  5
135
330
17
100
AcDbEntity
  8
GEOMETRY
100
AcDbLine
 10
520.5086669921875
 20
473.10160064697266
 30
0.0
 11
517.674072265625
 21
473.10160064697266
 31
0.0
  0
LINE
  5
136
330
17
100
AcDbEntity
  8
GEOMETRY
100
AcDbLine
 10
517.674072265625
 20
473.10160064697266
 30
0.0
 11
517.674072265625
 21
473.3567123413086
 31
0.0
  0
LINE
  5
137
330
17
100
AcDbEntity
  8
GEOMETRY
100
AcDbLine
 10
523.34326171875
 20
473.3567123413086
 30
0.0
 11
526.1778564453125
 21
473.3567123413086
 31
0.0
  0
LINE
  5
138
330
17
100
AcDbEntity
  8
GEOMETRY
100
AcDbLine
 10
526.1778564453125
 20
473.3567123413086
 30
0.0
 11
526.1778564453125
 21
473.10160064697266
 31
0.0
  0
LINE
  5
139
330
17
100
AcDbEntity
  8
GEOMETRY
100
AcDbLine
 10
526.1778564453125
 20
473.10160064697266
 30
0.0
 11
523.34326171875
 21
473.10160064697266
 31
0.0
  0
LINE
  5
13A
330
17
100
AcDbEntity
  8
GEOMETRY
100
AcDbLine
 10
523.34326171875
 20
473.10160064697266
 30
0.0
 11
523.34326171875
 21
473.3567123413086
 31
0.0
  0
LINE
  5
13B
330
17
100
AcDbEntity
  8
GEOMETRY
100
AcDbLine
 10
529.012451171875
 20
473.3567123413086
 30
0.0
 11
531.8470458984375
 21
473.3567123413086
 31
0.0
  0
LINE
  5
13C
330
17
100
AcDbEntity
  8
GEOMETRY
100
AcDbLine
 10
531.8470458984375
 20
473.3567123413086
 30
0.0
 11
531.8470458984375
 21
473.10160064697266
 31
0.0
  0
LINE
  5
13D
330
17
100
AcDbEntity
  8
GEOMETRY
100
AcDbLine
 10
531.8470458984375
 20
473.10160064697266
 30
0.0
 11
529.012451171875
 21
473.10160064697266
 31
0.0
  0
LINE
  5
13E
330
17
100
AcDbEntity
  8
GEOMETRY
100
AcDbLine
 10
529.012451171875
 20
473.10160064697266
 30
0.0
 11
529.012451171875
 21
473.3567123413086
 31
0.0
  0
LINE
  5
13F
330
17
100
AcDbEntity
  8
GEOMETRY
100
AcDbLine
 10
534.681640625
 20
473.3567123413086
 30
0.0
 11
537.5162353515625
 21
473.3567123413086
 31
0.0
  0
LINE
  5
140
330
17
100
AcDbEntity
  8
GEOMETRY
100
AcDbLine
 10
537.5162353515625
 20
473.3567123413086
 30
0.0
 11
537.5162353515625
 21
473.10160064697266
 31
0.0
  0
LINE
  5
141
330
17
100
AcDbEntity
  8
GEOMETRY
100
AcDbLine
 10
537.5162353515625
 20
473.10160064697266
 30
0.0
 11
534.681640625
 21
473.10160064697266
 31
0.0
  0
LINE
  5
142
330
17
100
AcDbEntity
  8
GEOMETRY
100
AcDbLine
 10
534.681640625
 20
473.10160064697266
 30
0.0
 11
534.681640625
 21
473.3567123413086
 31
0.0
  0
LINE
  5
143
330
17
100
AcDbEntity
  8
GEOMETRY
100
AcDbLine
 10
540.350830078125
 20
473.3567123413086
 30
0.0
 11
543.1854248046875
 21
473.3567123413086
 31
0.0
  0
LINE
  5
144
330
17
100
AcDbEntity
  8
GEOMETRY
100
AcDbLine
 10
543.1854248046875
 20
473.3567123413086
 30
0.0
 11
543.1854248046875
 21
473.10160064697266
 31
0.0
  0
LINE
  5
145
330
17
100
AcDbEntity
  8
GEOMETRY
100
AcDbLine
 10
543.1854248046875
 20
473.10160064697266
 30
0.0
 11
540.350830078125
 21
473.10160064697266
 31
0.0
  0
LINE
  5
146
330
17
100
AcDbEntity
  8
GEOMETRY
100
AcDbLine
 10
540.350830078125
 20
473.10160064697266
 30
0.0
 11
540.350830078125
 21
473.3567123413086
 31
0.0
  0
LINE
  5
147
330
17
100
AcDbEntity
  8
GEOMETRY
100
AcDbLine
 10
546.02001953125
 20
473.3567123413086
 30
0.0
 11
548.8546142578125
 21
473.3567123413086
 31
0.0
  0
LINE
  5
148
330
17
100
AcDbEntity
  8
GEOMETRY
100
AcDbLine
 10
548.8546142578125
 20
473.3567123413086
 30
0.0
 11
548.8546142578125
 21
473.10160064697266
 31
0.0
  0
LINE
  5
149
330
17
100
AcDbEntity
  8
GEOMETRY
100
AcDbLine
 10
548.8546142578125
 20
473.10160064697266
 30
0.0
 11
546.02001953125
 21
473.10160064697266
 31
0.0
  0
LINE
  5
14A
330
17
100
AcDbEntity
  8
GEOMETRY
100
AcDbLine
 10
546.02001953125
 20
473.10160064697266
 30
0.0
 11
546.02001953125
 21
473.3567123413086
 31
0.0
  0
LINE
  5
14B
330
17
100
AcDbEntity
  8
GEOMETRY
100
AcDbLine
 10
551.689208984375
 20
473.3567123413086
 30
0.0
 11
554.5238037109375
 21
473.3567123413086
 31
0.0
  0
LINE
  5
14C
330
17
100
AcDbEntity
  8
GEOMETRY
100
AcDbLine
 10
554.5238037109375
 20
473.3567123413086
 30
0.0
 11
554.5238037109375
 21
473.10160064697266
 31
0.0
  0
LINE
  5
14D
330
17
100
AcDbEntity
  8
GEOMETRY
100
AcDbLine
 10
554.5238037109375
 20
473.10160064697266
 30
0.0
 11
551.689208984375
 21
473.10160064697266
 31
0.0
  0
LINE
  5
14E
330
17
100
AcDbEntity
  8
GEOMETRY
100
AcDbLine
 10
551.689208984375
 20
473.10160064697266
 30
0.0
 11
551.689208984375
 21
473.3567123413086
 31
0.0
  0
LINE
  5
14F
330
17
100
AcDbEntity
  8
GEOMETRY
100
AcDbLine
 10
557.3583984375
 20
473.3567123413086
 30
0.0
 11
560.1929931640625
 21
473.3567123413086
 31
0.0
  0
LINE
  5
150
330
17
100
AcDbEntity
  8
GEOMETRY
100
AcDbLine
 10
560.1929931640625
 20
473.3567123413086
 30
0.0
 11
560.1929931640625
 21
473.10160064697266
 31
0.0
  0
LINE
  5
151
330
17
100
AcDbEntity
  8
GEOMETRY
100
AcDbLine
 10
560.1929931640625
 20
473.10160064697266
 30
0.0
 11
557.3583984375
 21
473.10160064697266
 31
0.0
  0
LINE
  5
152
330
17
100
AcDbEntity
  8
GEOMETRY
100
AcDbLine
 10
557.3583984375
 20
473.10160064697266
 30
0.0
 11
557.3583984375
 21
473.3567123413086
 31
0.0
  0
LINE
  5
153
330
17
100
AcDbEntity
  8
GEOMETRY
100
AcDbLine
 10
563.027587890625
 20
473.3567123413086
 30
0.0
 11
565.8621826171875
 21
473.3567123413086
 31
0.0
  0
LINE
  5
154
330
17
100
AcDbEntity
  8
GEOMETRY
100
AcDbLine
 10
565.8621826171875
 20
473.3567123413086
 30
0.0
 11
565.8621826171875
 21
473.10160064697266
 31
0.0
  0
LINE
  5
155
330
17
100
AcDbEntity
  8
GEOMETRY
100
AcDbLine
 10
565.8621826171875
 20
473.10160064697266
 30
0.0
 11
563.027587890625
 21
473.10160064697266
 31
0.0
  0
LINE
  5
156
330
17
100
AcDbEntity
  8
GEOMETRY
100
AcDbLine
 10
563.027587890625
 20
473.10160064697266
 30
0.0
 11
563.027587890625
 21
473.3567123413086
 31
0.0
  0
LINE
  5
157
330
17
100
AcDbEntity
  8
GEOMETRY
100
AcDbLine
 10
568.69677734375
 20
473.3567123413086
 30
0.0
 11
571.5313720703125
 21
473.3567123413086
 31
0.0
  0
LINE
  5
158
330
17
100
AcDbEntity
  8
GEOMETRY
100
AcDbLine
 10
571.5313720703125
 20
473.3567123413086
 30
0.0
 11
571.5313720703125
 21
473.10160064697266
 31
0.0
  0
LINE
  5
159
330
17
100
AcDbEntity
  8
GEOMETRY
100
AcDbLine
 10
571.5313720703125
 20
473.10160064697266
 30
0.0
 11
568.69677734375
 21
473.10160064697266
 31
0.0
  0
LINE
  5
15A
330
17
100
AcDbEntity
  8
GEOMETRY
100
AcDbLine
 10
568.69677734375
 20
473.10160064697266
 30
0.0
 11
568.69677734375
 21
473.3567123413086
 31
0.0
  0
LINE
  5
15B
330
17
100
AcDbEntity
  8
GEOMETRY
100
AcDbLine
 10
574.365966796875
 20
473.3567123413086
 30
0.0
 11
577.2005615234375
 21
473.3567123413086
 31
0.0
  0
LINE
  5
15C
330
17
100
AcDbEntity
  8
GEOMETRY
100
AcDbLine
 10
577.2005615234375
 20
473.3567123413086
 30
0.0
 11
577.2005615234375
 21
473.10160064697266
 31
0.0
  0
LINE
  5
15D
330
17
100
AcDbEntity
  8
GEOMETRY
100
AcDbLine
 10
577.2005615234375
 20
473.10160064697266
 30
0.0
 11
574.365966796875
 21
473.10160064697266
 31
0.0
  0
LINE
  5
15E
330
17
100
AcDbEntity
  8
GEOMETRY
100
AcDbLine
 10
574.365966796875
 20
473.10160064697266
 30
0.0
 11
574.365966796875
 21
473.3567123413086
 31
0.0
  0
LINE
  5
15F
330
17
100
AcDbEntity
  8
GEOMETRY
100
AcDbLine
 10
580.0352172851562
 20
473.3567123413086
 30
0.0
 11
582.8698120117188
 21
473.3567123413086
 31
0.0
  0
LINE
  5
160
330
17
100
AcDbEntity
  8
GEOMETRY
100
AcDbLine
 10
582.8698120117188
 20
473.3567123413086
 30
0.0
 11
582.8698120117188
 21
473.10160064697266
 31
0.0
  0
LINE
  5
161
330
17
100
AcDbEntity
  8
GEOMETRY
100
AcDbLine
 10
582.8698120117188
 20
473.10160064697266
 30
0.0
 11
580.0352172851562
 21
473.10160064697266
 31
0.0
  0
LINE
  5
162
330
17
100
AcDbEntity
  8
GEOMETRY
100
AcDbLine
 10
580.0352172851562
 20
473.10160064697266
 30
0.0
 11
580.0352172851562
 21
473.3567123413086
 31
0.0
  0
LINE
  5
163
330
17
100
AcDbEntity
  8
GEOMETRY
100
AcDbLine
 10
585.7044067382812
 20
473.3567123413086
 30
0.0
 11
588.5390014648438
 21
473.3567123413086
 31
0.0
  0
LINE
  5
164
330
17
100
AcDbEntity
  8
GEOMETRY
100
AcDbLine
 10
588.5390014648438
 20
473.3567123413086
 30
0.0
 11
588.5390014648438
 21
473.10160064697266
 31
0.0
  0
LINE
  5
165
330
17
100
AcDbEntity
  8
GEOMETRY
100
AcDbLine
 10
588.5390014648438
 20
473.10160064697266
 30
0.0
 11
585.7044067382812
 21
473.10160064697266
 31
0.0
  0
LINE
  5
166
330
17
100
AcDbEntity
  8
GEOMETRY
100
AcDbLine
 10
585.7044067382812
 20
473.10160064697266
 30
0.0
 11
585.7044067382812
 21
473.3567123413086
 31
0.0
  0
LINE
  5
167
330
17
100
AcDbEntity
  8
GEOMETRY
100
AcDbLine
 10
591.3735961914062
 20
473.3567123413086
 30
0.0
 11
594.2081909179688
 21
473.3567123413086
 31
0.0
  0
LINE
  5
168
330
17
100
AcDbEntity
  8
GEOMETRY
100
AcDbLine
 10
594.2081909179688
 20
473.3567123413086
 30
0.0
 11
594.2081909179688
 21
473.10160064697266
 31
0.0
  0
LINE
  5
169
330
17
100
AcDbEntity
  8
GEOMETRY
100
AcDbLine
 10
594.2081909179688
 20
473.10160064697266
 30
0.0
 11
591.3735961914062
 21
473.10160064697266
 31
0.0
  0
LINE
  5
16A
330
17
100
AcDbEntity
  8
GEOMETRY
100
AcDbLine
 10
591.3735961914062
 20
473.10160064697266
 30
0.0
 11
591.3735961914062
 21
473.3567123413086
 31
0.0
  0
LINE
  5
16B
330
17
100
AcDbEntity
  8
GEOMETRY
100
AcDbLine
 10
597.0427856445312
 20
473.3567123413086
 30
0.0
 11
599.8773803710938
 21
473.3567123413086
 31
0.0
  0
LINE
  5
16C
330
17
100
AcDbEntity
  8
GEOMETRY
100
AcDbLine
 10
599.8773803710938
 20
473.3567123413086
 30
0.0
 11
599.8773803710938
 21
473.10160064697266
 31
0.0
  0
LINE
  5
16D
330
17
100
AcDbEntity
  8
GEOMETRY
100
AcDbLine
 10
599.8773803710938
 20
473.10160064697266
 30
0.0
 11
597.0427856445312
 21
473.10160064697266
 31
0.0
  0
LINE
  5
16E
330
17
100
AcDbEntity
  8
GEOMETRY
100
AcDbLine
 10
597.0427856445312
 20
473.10160064697266
 30
0.0
 11
597.0427856445312
 21
473.3567123413086
 31
0.0
  0
LINE
  5
16F
330
17
100
AcDbEntity
  8
GEOMETRY
100
AcDbLine
 10
602.7120361328125
 20
473.3567123413086
 30
0.0
 11
605.546630859375
 21
473.3567123413086
 31
0.0
  0
LINE
  5
170
330
17
100
AcDbEntity
  8
GEOMETRY
100
AcDbLine
 10
605.546630859375
 20
473.3567123413086
 30
0.0
 11
605.546630859375
 21
473.10160064697266
 31
0.0
  0
LINE
  5
171
330
17
100
AcDbEntity
  8
GEOMETRY
100
AcDbLine
 10
605.546630859375
 20
473.10160064697266
 30
0.0
 11
602.7120361328125
 21
473.10160064697266
 31
0.0
  0
LINE
  5
172
330
17
100
AcDbEntity
  8
GEOMETRY
100
AcDbLine
 10
602.7120361328125
 20
473.10160064697266
 30
0.0
 11
602.7120361328125
 21
473.3567123413086
 31
0.0
  0
LINE
  5
173
330
17
100
AcDbEntity
  8
GEOMETRY
100
AcDbLine
 10
608.3812255859375
 20
473.3567123413086
 30
0.0
 11
611.2158203125
 21
473.3567123413086
 31
0.0
  0
LINE
  5
174
330
17
100
AcDbEntity
  8
GEOMETRY
100
AcDbLine
 10
611.2158203125
 20
473.3567123413086
 30
0.0
 11
611.2158203125
 21
473.10160064697266
 31
0.0
  0
LINE
  5
175
330
17
100
AcDbEntity
  8
GEOMETRY
100
AcDbLine
 10
611.2158203125
 20
473.10160064697266
 30
0.0
 11
608.3812255859375
 21
473.10160064697266
 31
0.0
  0
LINE
  5
176
330
17
100
AcDbEntity
  8
GEOMETRY
100
AcDbLine
 10
608.3812255859375
 20
473.10160064697266
 30
0.0
 11
608.3812255859375
 21
473.3567123413086
 31
0.0
  0
LINE
  5
177
330
17
100
AcDbEntity
  8
GEOMETRY
100
AcDbLine
 10
614.0504150390625
 20
473.3567123413086
 30
0.0
 11
616.885009765625
 21
473.3567123413086
 31
0.0
  0
LINE
  5
178
330
17
100
AcDbEntity
  8
GEOMETRY
100
AcDbLine
 10
616.885009765625
 20
473.3567123413086
 30
0.0
 11
616.885009765625
 21
473.10160064697266
 31
0.0
  0
LINE
  5
179
330
17
100
AcDbEntity
  8
GEOMETRY
100
AcDbLine
 10
616.885009765625
 20
473.10160064697266
 30
0.0
 11
614.0504150390625
 21
473.10160064697266
 31
0.0
  0
LINE
  5
17A
330
17
100
AcDbEntity
  8
GEOMETRY
100
AcDbLine
 10
614.0504150390625
 20
473.10160064697266
 30
0.0
 11
614.0504150390625
 21
473.3567123413086
 31
0.0
  0
LINE
  5
17B
330
17
100
AcDbEntity
  8
GEOMETRY
100
AcDbLine
 10
619.7196044921875
 20
473.3567123413086
 30
0.0
 11
622.55419921875
 21
473.3567123413086
 31
0.0
  0
LINE
  5
17C
330
17
100
AcDbEntity
  8
GEOMETRY
100
AcDbLine
 10
622.55419921875
 20
473.3567123413086
 30
0.0
 11
622.55419921875
 21
473.10160064697266
 31
0.0
  0
LINE
  5
17D
330
17
100
AcDbEntity
  8
GEOMETRY
100
AcDbLine
 10
622.55419921875
 20
473.10160064697266
 30
0.0
 11
619.7196044921875
 21
473.10160064697266
 31
0.0
  0
LINE
  5
17E
330
17
100
AcDbEntity
  8
GEOMETRY
100
AcDbLine
 10
619.7196044921875
 20
473.10160064697266
 30
0.0
 11
619.7196044921875
 21
473.3567123413086
 31
0.0
  0
LINE
  5
17F
330
17
100
AcDbEntity
  8
GEOMETRY
100
AcDbLine
 10
625.3887939453125
 20
473.3567123413086
 30
0.0
 11
628.223388671875
 21
473.3567123413086
 31
0.0
  0
LINE
  5
180
330
17
100
AcDbEntity
  8
GEOMETRY
100
AcDbLine
 10
628.223388671875
 20
473.3567123413086
 30
0.0
 11
628.223388671875
 21
473.10160064697266
 31
0.0
  0
LINE
  5
181
330
17
100
AcDbEntity
  8
GEOMETRY
100
AcDbLine
 10
628.223388671875
 20
473.10160064697266
 30
0.0
 11
625.3887939453125
 21
473.10160064697266
 31
0.0
  0
LINE
  5
182
330
17
100
AcDbEntity
  8
GEOMETRY
100
AcDbLine
 10
625.3887939453125
 20
473.10160064697266
 30
0.0
 11
625.3887939453125
 21
473.3567123413086
 31
0.0
  0
LINE
  5
183
330
17
100
AcDbEntity
  8
GEOMETRY
100
AcDbLine
 10
631.0579833984375
 20
473.3567123413086
 30
0.0
 11
633.892578125
 21
473.3567123413086
 31
0.0
  0
LINE
  5
184
330
17
100
AcDbEntity
  8
GEOMETRY
100
AcDbLine
 10
633.892578125
 20
473.3567123413086
 30
0.0
 11
633.892578125
 21
473.10160064697266
 31
0.0
  0
LINE
  5
185
330
17
100
AcDbEntity
  8
GEOMETRY
100
AcDbLine
 10
633.892578125
 20
473.10160064697266
 30
0.0
 11
631.0579833984375
 21
473.10160064697266
 31
0.0
  0
LINE
  5
186
330
17
100
AcDbEntity
  8
GEOMETRY
100
AcDbLine
 10
631.0579833984375
 20
473.10160064697266
 30
0.0
 11
631.0579833984375
 21
473.3567123413086
 31
0.0
  0
LINE
  5
187
330
17
100
AcDbEntity
  8
GEOMETRY
100
AcDbLine
 10
636.7271728515625
 20
473.3567123413086
 30
0.0
 11
638.2720336914062
 21
473.3567123413086
 31
0.0
  0
LINE
  5
188
330
17
100
AcDbEntity
  8
GEOMETRY
100
AcDbLine
 10
638.2720336914062
 20
473.3567123413086
 30
0.0
 11
638.2720336914062
 21
471.8118591308594
 31
0.0
  0
LINE
  5
189
330
17
100
AcDbEntity
  8
GEOMETRY
100
AcDbLine
 10
638.2720336914062
 20
471.8118591308594
 30
0.0
 11
638.0169067382812
 21
471.8118591308594
 31
0.0
  0
LINE
  5
18A
330
17
100
AcDbEntity
  8
GEOMETRY
100
AcDbLine
 10
638.0169067382812
 20
471.8118591308594
 30
0.0
 11
638.0169067382812
 21
473.2291564941406
 31
0.0
  0
LINE
  5
18B
330
17
100
AcDbEntity
  8
GEOMETRY
100
AcDbLine
 10
638.0169067382812
 20
473.2291564941406
 30
0.0
 11
638.1444702148438
 21
473.2291564941406
 31
0.0
  0
LINE
  5
18C
330
17
100
AcDbEntity
  8
GEOMETRY
100
AcDbLine
 10
638.1444702148438
 20
473.2291564941406
 30
0.0
 11
638.1444702148438
 21
473.10160064697266
 31
0.0
  0
LINE
  5
18D
330
17
100
AcDbEntity
  8
GEOMETRY
100
AcDbLine
 10
638.1444702148438
 20
473.10160064697266
 30
0.0
 11
636.7271728515625
 21
473.10160064697266
 31
0.0
  0
LINE
  5
18E
330
17
100
AcDbEntity
  8
GEOMETRY
100
AcDbLine
 10
636.7271728515625
 20
473.10160064697266
 30
0.0
 11
636.7271728515625
 21
473.3567123413086
 31
0.0
  0
LINE
  5
18F
330
17
100
AcDbEntity
  8
GEOMETRY
100
AcDbLine
 10
638.2720336914062
 20
468.97725677490234
 30
0.0
 11
638.2720336914062
 21
466.1426696777344
 31
0.0
  0
LINE
  5
190
330
17
100
AcDbEntity
  8
GEOMETRY
100
AcDbLine
 10
638.2720336914062
 20
466.1426696777344
 30
0.0
 11
638.0169067382812
 21
466.1426696777344
 31
0.0
  0
LINE
  5
191
330
17
100
AcDbEntity
  8
GEOMETRY
100
AcDbLine
 10
638.0169067382812
 20
466.1426696777344
 30
0.0
 11
638.0169067382812
 21
468.97725677490234
 31
0.0
  0
LINE
  5
192
330
17
100
AcDbEntity
  8
GEOMETRY
100
AcDbLine
 10
638.0169067382812
 20
468.97725677490234
 30
0.0
 11
638.2720336914062
 21
468.97725677490234
 31
0.0
  0
LINE
  5
193
330
17
100
AcDbEntity
  8
GEOMETRY
100
AcDbLine
 10
638.2720336914062
 20
463.3080596923828
 30
0.0
 11
638.2720336914062
 21
460.4734649658203
 31
0.0
  0
LINE
  5
194
330
17
100
AcDbEntity
  8
GEOMETRY
100
AcDbLine
 10
638.2720336914062
 20
460.4734649658203
 30
0.0
 11
638.0169067382812
 21
460.4734649658203
 31
0.0
  0
LINE
  5
195
330
17
100
AcDbEntity
  8
GEOMETRY
100
AcDbLine
 10
638.0169067382812
 20
460.4734649658203
 30
0.0
 11
638.0169067382812
 21
463.3080596923828
 31
0.0
  0
LINE
  5
196
330
17
100
AcDbEntity
  8
GEOMETRY
100
AcDbLine
 10
638.0169067382812
 20
463.3080596923828
 30
0.0
 11
638.2720336914062
 21
463.3080596923828
 31
0.0
  0
LINE
  5
197
330
17
100
AcDbEntity
  8
GEOMETRY
100
AcDbLine
 10
638.2720336914062
 20
457.6388702392578
 30
0.0
 11
638.2720336914062
 21
454.8042755126953
 31
0.0
  0
LINE
  5
198
330
17
100
AcDbEntity
  8
GEOMETRY
100
AcDbLine
 10
638.2720336914062
 20
454.8042755126953
 30
0.0
 11
638.0169067382812
 21
454.8042755126953
 31
0.0
  0
LINE
  5
199
330
17
100
AcDbEntity
  8
GEOMETRY
100
AcDbLine
 10
638.0169067382812
 20
454.8042755126953
 30
0.0
 11
638.0169067382812
 21
457.6388702392578
 31
0.0
  0
LINE
  5
19A
330
17
100
AcDbEntity
  8
GEOMETRY
100
AcDbLine
 10
638.0169067382812
 20
457.6388702392578
 30
0.0
 11
638.2720336914062
 21
457.6388702392578
 31
0.0
  0
LINE
  5
19B
330
17
100
AcDbEntity
  8
GEOMETRY
100
AcDbLine
 10
638.2720336914062
 20
451.96966552734375
 30
0.0
 11
638.2720336914062
 21
449.13507080078125
 31
0.0
  0
LINE
  5
19C
330
17
100
AcDbEntity
  8
GEOMETRY
100
AcDbLine
 10
638.2720336914062
 20
449.13507080078125
 30
0.0
 11
638.0169067382812
 21
449.13507080078125
 31
0.0
  0
LINE
  5
19D
330
17
100
AcDbEntity
  8
GEOMETRY
100
AcDbLine
 10
638.0169067382812
 20
449.13507080078125
 30
0.0
 11
638.0169067382812
 21
451.96966552734375
 31
0.0
  0
LINE
  5
19E
330
17
100
AcDbEntity
  8
GEOMETRY
100
AcDbLine
 10
638.0169067382812
 20
451.96966552734375
 30
0.0
 11
638.2720336914062
 21
451.96966552734375
 31
0.0
  0
LINE
  5
19F
330
17
100
AcDbEntity
  8
GEOMETRY
100
AcDbLine
 10
638.2720336914062
 20
446.30047607421875
 30
0.0
 11
638.2720336914062
 21
443.46588134765625
 31
0.0
  0
LINE
  5
1A0
330
17
100
AcDbEntity
  8
GEOMETRY
100
AcDbLine
 10
638.2720336914062
 20
443.46588134765625
 30
0.0
 11
638.0169067382812
 21
443.46588134765625
 31
0.0
  0
LINE
  5
1A1
330
17
100
AcDbEntity
  8
GEOMETRY
100
AcDbLine
 10
638.0169067382812
 20
443.46588134765625
 30
0.0
 11
638.0169067382812
 21
446.30047607421875
 31
0.0
  0
LINE
  5
1A2
330
17
100
AcDbEntity
  8
GEOMETRY
100
AcDbLine
 10
638.0169067382812
 20
446.30047607421875
 30
0.0
 11
638.2720336914062
 21
446.30047607421875
 31
0.0
  0
LINE
  5
1A3
330
17
100
AcDbEntity
  8
GEOMETRY
100
AcDbLine
 10
638.2720336914062
 20
440.6312713623047
 30
0.0
 11
638.2720336914062
 21
437.7966766357422
 31
0.0
  0
LINE
  5
1A4
330
17
100
AcDbEntity
  8
GEOMETRY
100
AcDbLine
 10
638.2720336914062
 20
437.7966766357422
 30
0.0
 11
638.0169067382812
 21
437.7966766357422
 31
0.0
  0
LINE
  5
1A5
330
17
100
AcDbEntity
  8
GEOMETRY
100
AcDbLine
 10
638.0169067382812
 20
437.7966766357422
 30
0.0
 11
638.0169067382812
 21
440.6312713623047
 31
0.0
  0
LINE
  5
1A6
330
17
100
AcDbEntity
  8
GEOMETRY
100
AcDbLine
 10
638.0169067382812
 20
440.6312713623047
 30
0.0
 11
638.2720336914062
 21
440.6312713623047
 31
0.0
  0
LINE
  5
1A7
330
17
100
AcDbEntity
  8
GEOMETRY
100
AcDbLine
 10
638.2720336914062
 20
434.9620819091797
 30
0.0
 11
638.2720336914062
 21
432.1274871826172
 31
0.0
  0
LINE
  5
1A8
330
17
100
AcDbEntity
  8
GEOMETRY
100
AcDbLine
 10
638.2720336914062
 20
432.1274871826172
 30
0.0
 11
638.0169067382812
 21
432.1274871826172
 31
0.0
  0
LINE
  5
1A9
330
17
100
AcDbEntity
  8
GEOMETRY
100
AcDbLine
 10
638.0169067382812
 20
432.1274871826172
 30
0.0
 11
638.0169067382812
 21
434.9620819091797
 31
0.0
  0
LINE
  5
1AA
330
17
100
AcDbEntity
  8
GEOMETRY
100
AcDbLine
 10
638.0169067382812
 20
434.9620819091797
 30
0.0
 11
638.2720336914062
 21
434.9620819091797
 31
0.0
  0
LINE
  5
1AB
330
17
100
AcDbEntity
  8
GEOMETRY
100
AcDbLine
 10
638.2720336914062
 20
429.2928771972656
 30
0.0
 11
638.2720336914062
 21
426.4582824707031
 31
0.0
  0
LINE
  5
1AC
330
17
100
AcDbEntity
  8
GEOMETRY
100
AcDbLine
 10
638.2720336914062
 20
426.4582824707031
 30
0.0
 11
638.0169067382812
 21
426.4582824707031
 31
0.0
  0
LINE
  5
1AD
330
17
100
AcDbEntity
  8
GEOMETRY
100
AcDbLine
 10
638.0169067382812
 20
426.4582824707031
 30
0.0
 11
638.0169067382812
 21
429.2928771972656
 31
0.0
  0
LINE
  5
1AE
330
17
100
AcDbEntity
  8
GEOMETRY
100
AcDbLine
 10
638.0169067382812
 20
429.2928771972656
 30
0.0
 11
638.2720336914062
 21
429.2928771972656
 31
0.0
  0
LINE
  5
1AF
330
17
100
AcDbEntity
  8
GEOMETRY
100
AcDbLine
 10
638.2720336914062
 20
423.6236877441406
 30
0.0
 11
638.2720336914062
 21
420.7890930175781
 31
0.0
  0
LINE
  5
1B0
330
17
100
AcDbEntity
  8
GEOMETRY
100
AcDbLine
 10
638.2720336914062
 20
420.7890930175781
 30
0.0
 11
638.0169067382812
 21
420.7890930175781
 31
0.0
  0
LINE
  5
1B1
330
17
100
AcDbEntity
  8
GEOMETRY
100
AcDbLine
 10
638.0169067382812
 20
420.7890930175781
 30
0.0
 11
638.0169067382812
 21
423.6236877441406
 31
0.0
  0
LINE
  5
1B2
330
17
100
AcDbEntity
  8
GEOMETRY
100
AcDbLine
 10
638.0169067382812
 20
423.6236877441406
 30
0.0
 11
638.2720336914062
 21
423.6236877441406
 31
0.0
  0
LINE
  5
1B3
330
17
100
AcDbEntity
  8
GEOMETRY
100
AcDbLine
 10
638.2720336914062
 20
417.9544982910156
 30
0.0
 11
638.2720336914062
 21
415.11988830566406
 31
0.0
  0
LINE
  5
1B4
330
17
100
AcDbEntity
  8
GEOMETRY
100
AcDbLine
 10
638.2720336914062
 20
415.11988830566406
 30
0.0
 11
638.0169067382812
 21
415.11988830566406
 31
0.0
  0
LINE
  5
1B5
330
17
100
AcDbEntity
  8
GEOMETRY
100
AcDbLine
 10
638.0169067382812
 20
415.11988830566406
 30
0.0
 11
638.0169067382812
 21
417.9544982910156
 31
0.0
  0
LINE
  5
1B6
330
17
100
AcDbEntity
  8
GEOMETRY
100
AcDbLine
 10
638.0169067382812
 20
417.9544982910156
 30
0.0
 11
638.2720336914062
 21
417.9544982910156
 31
0.0
  0
LINE
  5
1B7
330
17
100
AcDbEntity
  8
GEOMETRY
100
AcDbLine
 10
638.2720336914062
 20
412.28529357910156
 30
0.0
 11
638.2720336914062
 21
409.45069885253906
 31
0.0
  0
LINE
  5
1B8
330
17
100
AcDbEntity
  8
GEOMETRY
100
AcDbLine
 10
638.2720336914062
 20
409.45069885253906
 30
0.0
 11
638.0169067382812
 21
409.45069885253906
 31
0.0
  0
LINE
  5
1B9
330
17
100
AcDbEntity
  8
GEOMETRY
100
AcDbLine
 10
638.0169067382812
 20
409.45069885253906
 30
0.0
 11
638.0169067382812
 21
412.28529357910156
 31
0.0
  0
LINE
  5
1BA
330
17
100
AcDbEntity
  8
GEOMETRY
100
AcDbLine
 10
638.0169067382812
 20
412.28529357910156
 30
0.0
 11
638.2720336914062
 21
412.28529357910156
 31
0.0
  0
LINE
  5
1BB
330
17
100
AcDbEntity
  8
GEOMETRY
100
AcDbLine
 10
638.2720336914062
 20
406.6160888671875
 30
0.0
 11
638.2720336914062
 21
403.781494140625
 31
0.0
  0
LINE
  5
1BC
330
17
100
AcDbEntity
  8
GEOMETRY
100
AcDbLine
 10
638.2720336914062
 20
403.781494140625
 30
0.0
 11
638.0169067382812
 21
403.781494140625
 31
0.0
  0
LINE
  5
1BD
330
17
100
AcDbEntity
  8
GEOMETRY
100
AcDbLine
 10
638.0169067382812
 20
403.781494140625
 30
0.0
 11
638.0169067382812
 21
406.6160888671875
 31
0.0
  0
LINE
  5
1BE
330
17
100
AcDbEntity
  8
GEOMETRY
100
AcDbLine
 10
638.0169067382812
 20
406.6160888671875
 30
0.0
 11
638.2720336914062
 21
406.6160888671875
 31
0.0
  0
LINE
  5
1BF
330
17
100
AcDbEntity
  8
GEOMETRY
100
AcDbLine
 10
638.2720336914062
 20
400.9468994140625
 30
0.0
 11
638.2720336914062
 21
398.1123046875
 31
0.0
  0
LINE
  5
1C0
330
17
100
AcDbEntity
  8
GEOMETRY
100
AcDbLine
 10
638.2720336914062
 20
398.1123046875
 30
0.0
 11
638.0169067382812
 21
398.1123046875
 31
0.0
  0
LINE
  5
1C1
330
17
100
AcDbEntity
  8
GEOMETRY
100
AcDbLine
 10
638.0169067382812
 20
398.1123046875
 30
0.0
 11
638.0169067382812
 21
400.9468994140625
 31
0.0
  0
LINE
  5
1C2
330
17
100
AcDbEntity
  8
GEOMETRY
100
AcDbLine
 10
638.0169067382812
 20
400.9468994140625
 30
0.0
 11
638.2720336914062
 21
400.9468994140625
 31
0.0
  0
LINE
  5
1C3
330
17
100
AcDbEntity
  8
GEOMETRY
100
AcDbLine
 10
638.2720336914062
 20
395.2777099609375
 30
0.0
 11
638.2720336914062
 21
392.443115234375
 31
0.0
  0
LINE
  5
1C4
330
17
100
AcDbEntity
  8
GEOMETRY
100
AcDbLine
 10
638.2720336914062
 20
392.443115234375
 30
0.0
 11
638.0169067382812
 21
392.443115234375
 31
0.0
  0
LINE
  5
1C5
330
17
100
AcDbEntity
  8
GEOMETRY
100
AcDbLine
 10
638.0169067382812
 20
392.443115234375
 30
0.0
 11
638.0169067382812
 21
395.2777099609375
 31
0.0
  0
LINE
  5
1C6
330
17
100
AcDbEntity
  8
GEOMETRY
100
AcDbLine
 10
638.0169067382812
 20
395.2777099609375
 30
0.0
 11
638.2720336914062
 21
395.2777099609375
 31
0.0
  0
LINE
  5
1C7
330
17
100
AcDbEntity
  8
GEOMETRY
100
AcDbLine
 10
638.2720336914062
 20
389.60850524902344
 30
0.0
 11
638.2720336914062
 21
386.77391052246094
 31
0.0
  0
LINE
  5
1C8
330
17
100
AcDbEntity
  8
GEOMETRY
100
AcDbLine
 10
638.2720336914062
 20
386.77391052246094
 30
0.0
 11
638.0169067382812
 21
386.77391052246094
 31
0.0
  0
LINE
  5
1C9
330
17
100
AcDbEntity
  8
GEOMETRY
100
AcDbLine
 10
638.0169067382812
 20
386.77391052246094
 30
0.0
 11
638.0169067382812
 21
389.60850524902344
 31
0.0
  0
LINE
  5
1CA
330
17
100
AcDbEntity
  8
GEOMETRY
100
AcDbLine
 10
638.0169067382812
 20
389.60850524902344
 30
0.0
 11
638.2720336914062
 21
389.60850524902344
 31
0.0
  0
LINE
  5
1CB
330
17
100
AcDbEntity
  8
GEOMETRY
100
AcDbLine
 10
638.2720336914062
 20
383.9393005371094
 30
0.0
 11
638.2720336914062
 21
381.1047058105469
 31
0.0
  0
LINE
  5
1CC
330
17
100
AcDbEntity
  8
GEOMETRY
100
AcDbLine
 10
638.2720336914062
 20
381.1047058105469
 30
0.0
 11
638.0169067382812
 21
381.1047058105469
 31
0.0
  0
LINE
  5
1CD
330
17
100
AcDbEntity
  8
GEOMETRY
100
AcDbLine
 10
638.0169067382812
 20
381.1047058105469
 30
0.0
 11
638.0169067382812
 21
383.9393005371094
 31
0.0
  0
LINE
  5
1CE
330
17
100
AcDbEntity
  8
GEOMETRY
100
AcDbLine
 10
638.0169067382812
 20
383.9393005371094
 30
0.0
 11
638.2720336914062
 21
383.9393005371094
 31
0.0
  0
LINE
  5
1CF
330
17
100
AcDbEntity
  8
GEOMETRY
100
AcDbLine
 10
638.2720336914062
 20
378.2701110839844
 30
0.0
 11
638.2720336914062
 21
375.4355163574219
 31
0.0
  0
LINE
  5
1D0
330
17
100
AcDbEntity
  8
GEOMETRY
100
AcDbLine
 10
638.2720336914062
 20
375.4355163574219
 30
0.0
 11
638.0169067382812
 21
375.4355163574219
 31
0.0
  0
LINE
  5
1D1
330
17
100
AcDbEntity
  8
GEOMETRY
100
AcDbLine
 10
638.0169067382812
 20
375.4355163574219
 30
0.0
 11
638.0169067382812
 21
378.2701110839844
 31
0.0
  0
LINE
  5
1D2
330
17
100
AcDbEntity
  8
GEOMETRY
100
AcDbLine
 10
638.0169067382812
 20
378.2701110839844
 30
0.0
 11
638.2720336914062
 21
378.2701110839844
 31
0.0
  0
LINE
  5
1D3
330
17
100
AcDbEntity
  8
GEOMETRY
100
AcDbLine
 10
638.2720336914062
 20
372.6009216308594
 30
0.0
 11
638.2720336914062
 21
369.7663269042969
 31
0.0
  0
LINE
  5
1D4
330
17
100
AcDbEntity
  8
GEOMETRY
100
AcDbLine
 10
638.2720336914062
 20
369.7663269042969
 30
0.0
 11
638.0169067382812
 21
369.7663269042969
 31
0.0
  0
LINE
  5
1D5
330
17
100
AcDbEntity
  8
GEOMETRY
100
AcDbLine
 10
638.0169067382812
 20
369.7663269042969
 30
0.0
 11
638.0169067382812
 21
372.6009216308594
 31
0.0
  0
LINE
  5
1D6
330
17
100
AcDbEntity
  8
GEOMETRY
100
AcDbLine
 10
638.0169067382812
 20
372.6009216308594
 30
0.0
 11
638.2720336914062
 21
372.6009216308594
 31
0.0
  0
LINE
  5
1D7
330
17
100
AcDbEntity
  8
GEOMETRY
100
AcDbLine
 10
638.2720336914062
 20
366.9317169189453
 30
0.0
 11
638.2720336914062
 21
364.0971221923828
 31
0.0
  0
LINE
  5
1D8
330
17
100
AcDbEntity
  8
GEOMETRY
100
AcDbLine
 10
638.2720336914062
 20
364.0971221923828
 30
0.0
 11
638.0169067382812
 21
364.0971221923828
 31
0.0
  0
LINE
  5
1D9
330
17
100
AcDbEntity
  8
GEOMETRY
100
AcDbLine
 10
638.0169067382812
 20
364.0971221923828
 30
0.0
 11
638.0169067382812
 21
366.9317169189453
 31
0.0
  0
LINE
  5
1DA
330
17
100
AcDbEntity
  8
GEOMETRY
100
AcDbLine
 10
638.0169067382812
 20
366.9317169189453
 30
0.0
 11
638.2720336914062
 21
366.9317169189453
 31
0.0
  0
LINE
  5
1DB
330
17
100
AcDbEntity
  8
GEOMETRY
100
AcDbLine
 10
638.2720336914062
 20
361.26251220703125
 30
0.0
 11
638.2720336914062
 21
358.42791748046875
 31
0.0
  0
LINE
  5
1DC
330
17
100
AcDbEntity
  8
GEOMETRY
100
AcDbLine
 10
638.2720336914062
 20
358.42791748046875
 30
0.0
 11
638.0169067382812
 21
358.42791748046875
 31
0.0
  0
LINE
  5
1DD
330
17
100
AcDbEntity
  8
GEOMETRY
100
AcDbLine
 10
638.0169067382812
 20
358.42791748046875
 30
0.0
 11
638.0169067382812
 21
361.26251220703125
 31
0.0
  0
LINE
  5
1DE
330
17
100
AcDbEntity
  8
GEOMETRY
100
AcDbLine
 10
638.0169067382812
 20
361.26251220703125
 30
0.0
 11
638.2720336914062
 21
361.26251220703125
 31
0.0
  0
LINE
  5
1DF
330
17
100
AcDbEntity
  8
GEOMETRY
100
AcDbLine
 10
638.2720336914062
 20
355.59332275390625
 30
0.0
 11
638.2720336914062
 21
352.75872802734375
 31
0.0
  0
LINE
  5
1E0
330
17
100
AcDbEntity
  8
GEOMETRY
100
AcDbLine
 10
638.2720336914062
 20
352.75872802734375
 30
0.0
 11
638.0169067382812
 21
352.75872802734375
 31
0.0
  0
LINE
  5
1E1
330
17
100
AcDbEntity
  8
GEOMETRY
100
AcDbLine
 10
638.0169067382812
 20
352.75872802734375
 30
0.0
 11
638.0169067382812
 21
355.59332275390625
 31
0.0
  0
LINE
  5
1E2
330
17
100
AcDbEntity
  8
GEOMETRY
100
AcDbLine
 10
638.0169067382812
 20
355.59332275390625
 30
0.0
 11
638.2720336914062
 21
355.59332275390625
 31
0.0
  0
LINE
  5
1E3
330
17
100
AcDbEntity
  8
GEOMETRY
100
AcDbLine
 10
638.2720336914062
 20
349.92413330078125
 30
0.0
 11
638.2720336914062
 21
347.08953857421875
 31
0.0
  0
LINE
  5
1E4
330
17
100
AcDbEntity
  8
GEOMETRY
100
AcDbLine
 10
638.2720336914062
 20
347.08953857421875
 30
0.0
 11
638.0169067382812
 21
347.08953857421875
 31
0.0
  0
LINE
  5
1E5
330
17
100
AcDbEntity
  8
GEOMETRY
100
AcDbLine
 10
638.0169067382812
 20
347.08953857421875
 30
0.0
 11
638.0169067382812
 21
349.92413330078125
 31
0.0
  0
LINE
  5
1E6
330
17
100
AcDbEntity
  8
GEOMETRY
100
AcDbLine
 10
638.0169067382812
 20
349.92413330078125
 30
0.0
 11
638.2720336914062
 21
349.92413330078125
 31
0.0
  0
LINE
  5
1E7
330
17
100
AcDbEntity
  8
GEOMETRY
100
AcDbLine
 10
638.2720336914062
 20
344.25494384765625
 30
0.0
 11
638.2720336914062
 21
341.4203338623047
 31
0.0
  0
LINE
  5
1E8
330
17
100
AcDbEntity
  8
GEOMETRY
100
AcDbLine
 10
638.2720336914062
 20
341.4203338623047
 30
0.0
 11
638.0169067382812
 21
341.4203338623047
 31
0.0
  0
LINE
  5
1E9
330
17
100
AcDbEntity
  8
GEOMETRY
100
AcDbLine
 10
638.0169067382812
 20
341.4203338623047
 30
0.0
 11
638.0169067382812
 21
344.25494384765625
 31
0.0
  0
LINE
  5
1EA
330
17
100
AcDbEntity
  8
GEOMETRY
100
AcDbLine
 10
638.0169067382812
 20
344.25494384765625
 30
0.0
 11
638.2720336914062
 21
344.25494384765625
 31
0.0
  0
LINE
  5
1EB
330
17
100
AcDbEntity
  8
GEOMETRY
100
AcDbLine
 10
638.2720336914062
 20
338.58575439453125
 30
0.0
 11
638.2720336914062
 21
335.75115966796875
 31
0.0
  0
LINE
  5
1EC
330
17
100
AcDbEntity
  8
GEOMETRY
100
AcDbLine
 10
638.2720336914062
 20
335.75115966796875
 30
0.0
 11
638.0169067382812
 21
335.75115966796875
 31
0.0
  0
LINE
  5
1ED
330
17
100
AcDbEntity
  8
GEOMETRY
100
AcDbLine
 10
638.0169067382812
 20
335.75115966796875
 30
0.0
 11
638.0169067382812
 21
338.58575439453125
 31
0.0
  0
LINE
  5
1EE
330
17
100
AcDbEntity
  8
GEOMETRY
100
AcDbLine
 10
638.0169067382812
 20
338.58575439453125
 30
0.0
 11
638.2720336914062
 21
338.58575439453125
 31
0.0
  0
LINE
  5
1EF
330
17
100
AcDbEntity
  8
GEOMETRY
100
AcDbLine
 10
638.2720336914062
 20
332.9165344238281
 30
0.0
 11
638.2720336914062
 21
330.0819396972656
 31
0.0
  0
LINE
  5
1F0
330
17
100
AcDbEntity
  8
GEOMETRY
100
AcDbLine
 10
638.2720336914062
 20
330.0819396972656
 30
0.0
 11
638.0169067382812
 21
330.0819396972656
 31
0.0
  0
LINE
  5
1F1
330
17
100
AcDbEntity
  8
GEOMETRY
100
AcDbLine
 10
638.0169067382812
 20
330.0819396972656
 30
0.0
 11
638.0169067382812
 21
332.9165344238281
 31
0.0
  0
LINE
  5
1F2
330
17
100
AcDbEntity
  8
GEOMETRY
100
AcDbLine
 10
638.0169067382812
 20
332.9165344238281
 30
0.0
 11
638.2720336914062
 21
332.9165344238281
 31
0.0
  0
LINE
  5
1F3
330
17
100
AcDbEntity
  8
GEOMETRY
100
AcDbLine
 10
638.2720336914062
 20
327.2473449707031
 30
0.0
 11
638.2720336914062
 21
324.4127502441406
 31
0.0
  0
LINE
  5
1F4
330
17
100
AcDbEntity
  8
GEOMETRY
100
AcDbLine
 10
638.2720336914062
 20
324.4127502441406
 30
0.0
 11
638.0169067382812
 21
324.4127502441406
 31
0.0
  0
LINE
  5
1F5
330
17
100
AcDbEntity
  8
GEOMETRY
100
AcDbLine
 10
638.0169067382812
 20
324.4127502441406
 30
0.0
 11
638.0169067382812
 21
327.2473449707031
 31
0.0
  0
LINE
  5
1F6
330
17
100
AcDbEntity
  8
GEOMETRY
100
AcDbLine
 10
638.0169067382812
 20
327.2473449707031
 30
0.0
 11
638.2720336914062
 21
327.2473449707031
 31
0.0
  0
LINE
  5
1F7
330
17
100
AcDbEntity
  8
GEOMETRY
100
AcDbLine
 10
638.2720336914062
 20
321.578125
 30
0.0
 11
638.2720336914062
 21
318.7435302734375
 31
0.0
  0
LINE
  5
1F8
330
17
100
AcDbEntity
  8
GEOMETRY
100
AcDbLine
 10
638.2720336914062
 20
318.7435302734375
 30
0.0
 11
638.0169067382812
 21
318.7435302734375
 31
0.0
  0
LINE
  5
1F9
330
17
100
AcDbEntity
  8
GEOMETRY
100
AcDbLine
 10
638.0169067382812
 20
318.7435302734375
 30
0.0
 11
638.0169067382812
 21
321.578125
 31
0.0
  0
LINE
  5
1FA
330
17
100
AcDbEntity
  8
GEOMETRY
100
AcDbLine
 10
638.0169067382812
 20
321.578125
 30
0.0
 11
638.2720336914062
 21
321.578125
 31
0.0
  0
LINE
  5
1FB
330
17
100
AcDbEntity
  8
GEOMETRY
100
AcDbLine
 10
638.2720336914062
 20
315.908935546875
 30
0.0
 11
638.2720336914062
 21
313.0743408203125
 31
0.0
  0
LINE
  5
1FC
330
17
100
AcDbEntity
  8
GEOMETRY
100
AcDbLine
 10
638.2720336914062
 20
313.0743408203125
 30
0.0
 11
638.0169067382812
 21
313.0743408203125
 31
0.0
  0
LINE
  5
1FD
330
17
100
AcDbEntity
  8
GEOMETRY
100
AcDbLine
 10
638.0169067382812
 20
313.0743408203125
 30
0.0
 11
638.0169067382812
 21
315.908935546875
 31
0.0
  0
LINE
  5
1FE
330
17
100
AcDbEntity
  8
GEOMETRY
100
AcDbLine
 10
638.0169067382812
 20
315.908935546875
 30
0.0
 11
638.2720336914062
 21
315.908935546875
 31
0.0
  0
LINE
  5
1FF
330
17
100
AcDbEntity
  8
GEOMETRY
100
AcDbLine
 10
638.2720336914062
 20
310.23974609375
 30
0.0
 11
638.2720336914062
 21
307.4051513671875
 31
0.0
  0
LINE
  5
200
330
17
100
AcDbEntity
  8
GEOMETRY
100
AcDbLine
 10
638.2720336914062
 20
307.4051513671875
 30
0.0
 11
638.0169067382812
 21
307.4051513671875
 31
0.0
  0
LINE
  5
201
330
17
100
AcDbEntity
  8
GEOMETRY
100
AcDbLine
 10
638.0169067382812
 20
307.4051513671875
 30
0.0
 11
638.0169067382812
 21
310.23974609375
 31
0.0
  0
LINE
  5
202
330
17
100
AcDbEntity
  8
GEOMETRY
100
AcDbLine
 10
638.0169067382812
 20
310.23974609375
 30
0.0
 11
638.2720336914062
 21
310.23974609375
 31
0.0
  0
LINE
  5
203
330
17
100
AcDbEntity
  8
GEOMETRY
100
AcDbLine
 10
638.2720336914062
 20
304.570556640625
 30
0.0
 11
638.2720336914062
 21
301.7359619140625
 31
0.0
  0
LINE
  5
204
330
17
100
AcDbEntity
  8
GEOMETRY
100
AcDbLine
 10
638.2720336914062
 20
301.7359619140625
 30
0.0
 11
638.0169067382812
 21
301.7359619140625
 31
0.0
  0
LINE
  5
205
330
17
100
AcDbEntity
  8
GEOMETRY
100
AcDbLine
 10
638.0169067382812
 20
301.7359619140625
 30
0.0
 11
638.0169067382812
 21
304.570556640625
 31
0.0
  0
LINE
  5
206
330
17
100
AcDbEntity
  8
GEOMETRY
100
AcDbLine
 10
638.0169067382812
 20
304.570556640625
 30
0.0
 11
638.2720336914062
 21
304.570556640625
 31
0.0
  0
LINE
  5
207
330
17
100
AcDbEntity
  8
GEOMETRY
100
AcDbLine
 10
638.2720336914062
 20
298.9013671875
 30
0.0
 11
638.2720336914062
 21
296.0667724609375
 31
0.0
  0
LINE
  5
208
330
17
100
AcDbEntity
  8
GEOMETRY
100
AcDbLine
 10
638.2720336914062
 20
296.0667724609375
 30
0.0
 11
638.0169067382812
 21
296.0667724609375
 31
0.0
  0
LINE
  5
209
330
17
100
AcDbEntity
  8
GEOMETRY
100
AcDbLine
 10
638.0169067382812
 20
296.0667724609375
 30
0.0
 11
638.0169067382812
 21
298.9013671875
 31
0.0
  0
LINE
  5
20A
330
17
100
AcDbEntity
  8
GEOMETRY
100
AcDbLine
 10
638.0169067382812
 20
298.9013671875
 30
0.0
 11
638.2720336914062
 21
298.9013671875
 31
0.0
  0
LINE
  5
20B
330
17
100
AcDbEntity
  8
GEOMETRY
100
AcDbLine
 10
638.2720336914062
 20
293.232177734375
 30
0.0
 11
638.2720336914062
 21
290.3975830078125
 31
0.0
  0
LINE
  5
20C
330
17
100
AcDbEntity
  8
GEOMETRY
100
AcDbLine
 10
638.2720336914062
 20
290.3975830078125
 30
0.0
 11
638.0169067382812
 21
290.3975830078125
 31
0.0
  0
LINE
  5
20D
330
17
100
AcDbEntity
  8
GEOMETRY
100
AcDbLine
 10
638.0169067382812
 20
290.3975830078125
 30
0.0
 11
638.0169067382812
 21
293.232177734375
 31
0.0
  0
LINE
  5
20E
330
17
100
AcDbEntity
  8
GEOMETRY
100
AcDbLine
 10
638.0169067382812
 20
293.232177734375
 30
0.0
 11
638.2720336914062
 21
293.232177734375
 31
0.0
  0
LINE
  5
20F
330
17
100
AcDbEntity
  8
GEOMETRY
100
AcDbLine
 10
638.2720336914062
 20
287.56298828125
 30
0.0
 11
638.2720336914062
 21
284.7283630371094
 31
0.0
  0
LINE
  5
210
330
17
100
AcDbEntity
  8
GEOMETRY
100
AcDbLine
 10
638.2720336914062
 20
284.7283630371094
 30
0.0
 11
638.0169067382812
 21
284.7283630371094
 31
0.0
  0
LINE
  5
211
330
17
100
AcDbEntity
  8
GEOMETRY
100
AcDbLine
 10
638.0169067382812
 20
284.7283630371094
 30
0.0
 11
638.0169067382812
 21
287.56298828125
 31
0.0
  0
LINE
  5
212
330
17
100
AcDbEntity
  8
GEOMETRY
100
AcDbLine
 10
638.0169067382812
 20
287.56298828125
 30
0.0
 11
638.2720336914062
 21
287.56298828125
 31
0.0
  0
LINE
  5
213
330
17
100
AcDbEntity
  8
GEOMETRY
100
AcDbLine
 10
638.2720336914062
 20
281.8937683105469
 30
0.0
 11
638.2720336914062
 21
279.0591735839844
 31
0.0
  0
LINE
  5
214
330
17
100
AcDbEntity
  8
GEOMETRY
100
AcDbLine
 10
638.2720336914062
 20
279.0591735839844
 30
0.0
 11
638.0169067382812
 21
279.0591735839844
 31
0.0
  0
LINE
  5
215
330
17
100
AcDbEntity
  8
GEOMETRY
100
AcDbLine
 10
638.0169067382812
 20
279.0591735839844
 30
0.0
 11
638.0169067382812
 21
281.8937683105469
 31
0.0
  0
LINE
  5
216
330
17
100
AcDbEntity
  8
GEOMETRY
100
AcDbLine
 10
638.0169067382812
 20
281.8937683105469
 30
0.0
 11
638.2720336914062
 21
281.8937683105469
 31
0.0
  0
LINE
  5
217
330
17
100
AcDbEntity
  8
GEOMETRY
100
AcDbLine
 10
638.2720336914062
 20
276.2245788574219
 30
0.0
 11
638.2720336914062
 21
273.38995361328125
 31
0.0
  0
LINE
  5
218
330
17
100
AcDbEntity
  8
GEOMETRY
100
AcDbLine
 10
638.2720336914062
 20
273.38995361328125
 30
0.0
 11
638.0169067382812
 21
273.38995361328125
 31
0.0
  0
LINE
  5
219
330
17
100
AcDbEntity
  8
GEOMETRY
100
AcDbLine
 10
638.0169067382812
 20
273.38995361328125
 30
0.0
 11
638.0169067382812
 21
276.2245788574219
 31
0.0
  0
LINE
  5
21A
330
17
100
AcDbEntity
  8
GEOMETRY
100
AcDbLine
 10
638.0169067382812
 20
276.2245788574219
 30
0.0
 11
638.2720336914062
 21
276.2245788574219
 31
0.0
  0
LINE
  5
21B
330
17
100
AcDbEntity
  8
GEOMETRY
100
AcDbLine
 10
638.2720336914062
 20
270.55535888671875
 30
0.0
 11
638.2720336914062
 21
267.72076416015625
 31
0.0
  0
LINE
  5
21C
330
17
100
AcDbEntity
  8
GEOMETRY
100
AcDbLine
 10
638.2720336914062
 20
267.72076416015625
 30
0.0
 11
638.0169067382812
 21
267.72076416015625
 31
0.0
  0
LINE
  5
21D
330
17
100
AcDbEntity
  8
GEOMETRY
100
AcDbLine
 10
638.0169067382812
 20
267.72076416015625
 30
0.0
 11
638.0169067382812
 21
270.55535888671875
 31
0.0
  0
LINE
  5
21E
330
17
100
AcDbEntity
  8
GEOMETRY
100
AcDbLine
 10
638.0169067382812
 20
270.55535888671875
 30
0.0
 11
638.2720336914062
 21
270.55535888671875
 31
0.0
  0
LINE
  5
21F
330
17
100
AcDbEntity
  8
GEOMETRY
100
AcDbLine
 10
638.2720336914062
 20
264.88616943359375
 30
0.0
 11
638.2720336914062
 21
262.05157470703125
 31
0.0
  0
LINE
  5
220
330
17
100
AcDbEntity
  8
GEOMETRY
100
AcDbLine
 10
638.2720336914062
 20
262.05157470703125
 30
0.0
 11
638.0169067382812
 21
262.05157470703125
 31
0.0
  0
LINE
  5
221
330
17
100
AcDbEntity
  8
GEOMETRY
100
AcDbLine
 10
638.0169067382812
 20
262.05157470703125
 30
0.0
 11
638.0169067382812
 21
264.88616943359375
 31
0.0
  0
LINE
  5
222
330
17
100
AcDbEntity
  8
GEOMETRY
100
AcDbLine
 10
638.0169067382812
 20
264.88616943359375
 30
0.0
 11
638.2720336914062
 21
264.88616943359375
 31
0.0
  0
LINE
  5
223
330
17
100
AcDbEntity
  8
GEOMETRY
100
AcDbLine
 10
638.2720336914062
 20
259.21697998046875
 30
0.0
 11
638.2720336914062
 21
256.38238525390625
 31
0.0
  0
LINE
  5
224
330
17
100
AcDbEntity
  8
GEOMETRY
100
AcDbLine
 10
638.2720336914062
 20
256.38238525390625
 30
0.0
 11
638.0169067382812
 21
256.38238525390625
 31
0.0
  0
LINE
  5
225
330
17
100
AcDbEntity
  8
GEOMETRY
100
AcDbLine
 10
638.0169067382812
 20
256.38238525390625
 30
0.0
 11
638.0169067382812
 21
259.21697998046875
 31
0.0
  0
LINE
  5
226
330
17
100
AcDbEntity
  8
GEOMETRY
100
AcDbLine
 10
638.0169067382812
 20
259.21697998046875
 30
0.0
 11
638.2720336914062
 21
259.21697998046875
 31
0.0
  0
LINE
  5
227
330
17
100
AcDbEntity
  8
GEOMETRY
100
AcDbLine
 10
638.2720336914062
 20
253.54779052734375
 30
0.0
 11
638.2720336914062
 21
250.71319580078125
 31
0.0
  0
LINE
  5
228
330
17
100
AcDbEntity
  8
GEOMETRY
100
AcDbLine
 10
638.2720336914062
 20
250.71319580078125
 30
0.0
 11
638.0169067382812
 21
250.71319580078125
 31
0.0
  0
LINE
  5
229
330
17
100
AcDbEntity
  8
GEOMETRY
100
AcDbLine
 10
638.0169067382812
 20
250.71319580078125
 30
0.0
 11
638.0169067382812
 21
253.54779052734375
 31
0.0
  0
LINE
  5
22A
330
17
100
AcDbEntity
  8
GEOMETRY
100
AcDbLine
 10
638.0169067382812
 20
253.54779052734375
 30
0.0
 11
638.2720336914062
 21
253.54779052734375
 31
0.0
  0
LINE
  5
22B
330
17
100
AcDbEntity
  8
GEOMETRY
100
AcDbLine
 10
638.2720336914062
 20
247.87860107421875
 30
0.0
 11
638.2720336914062
 21
245.04400634765625
 31
0.0
  0
LINE
  5
22C
330
17
100
AcDbEntity
  8
GEOMETRY
100
AcDbLine
 10
638.2720336914062
 20
245.04400634765625
 30
0.0
 11
638.0169067382812
 21
245.04400634765625
 31
0.0
  0
LINE
  5
22D
330
17
100
AcDbEntity
  8
GEOMETRY
100
AcDbLine
 10
638.0169067382812
 20
245.04400634765625
 30
0.0
 11
638.0169067382812
 21
247.87860107421875
 31
0.0
  0
LINE
  5
22E
330
17
100
AcDbEntity
  8
GEOMETRY
100
AcDbLine
 10
638.0169067382812
 20
247.87860107421875
 30
0.0
 11
638.2720336914062
 21
247.87860107421875
 31
0.0
  0
LINE
  5
22F
330
17
100
AcDbEntity
  8
GEOMETRY
100
AcDbLine
 10
638.2720336914062
 20
242.20941162109375
 30
0.0
 11
638.2720336914062
 21
239.37481689453125
 31
0.0
  0
LINE
  5
230
330
17
100
AcDbEntity
  8
GEOMETRY
100
AcDbLine
 10
638.2720336914062
 20
239.37481689453125
 30
0.0
 11
638.0169067382812
 21
239.37481689453125
 31
0.0
  0
LINE
  5
231
330
17
100
AcDbEntity
  8
GEOMETRY
100
AcDbLine
 10
638.0169067382812
 20
239.37481689453125
 30
0.0
 11
638.0169067382812
 21
242.20941162109375
 31
0.0
  0
LINE
  5
232
330
17
100
AcDbEntity
  8
GEOMETRY
100
AcDbLine
 10
638.0169067382812
 20
242.20941162109375
 30
0.0
 11
638.2720336914062
 21
242.20941162109375
 31
0.0
  0
LINE
  5
233
330
17
100
AcDbEntity
  8
GEOMETRY
100
AcDbLine
 10
638.2720336914062
 20
236.54019165039062
 30
0.0
 11
638.2720336914062
 21
233.70559692382812
 31
0.0
  0
LINE
  5
234
330
17
100
AcDbEntity
  8
GEOMETRY
100
AcDbLine
 10
638.2720336914062
 20
233.70559692382812
 30
0.0
 11
638.0169067382812
 21
233.70559692382812
 31
0.0
  0
LINE
  5
235
330
17
100
AcDbEntity
  8
GEOMETRY
100
AcDbLine
 10
638.0169067382812
 20
233.70559692382812
 30
0.0
 11
638.0169067382812
 21
236.54019165039062
 31
0.0
  0
LINE
  5
236
330
17
100
AcDbEntity
  8
GEOMETRY
100
AcDbLine
 10
638.0169067382812
 20
236.54019165039062
 30
0.0
 11
638.2720336914062
 21
236.54019165039062
 31
0.0
  0
LINE
  5
237
330
17
100
AcDbEntity
  8
GEOMETRY
100
AcDbLine
 10
638.2720336914062
 20
230.87100219726562
 30
0.0
 11
638.2720336914062
 21
228.03640747070312
 31
0.0
  0
LINE
  5
238
330
17
100
AcDbEntity
  8
GEOMETRY
100
AcDbLine
 10
638.2720336914062
 20
228.03640747070312
 30
0.0
 11
638.0169067382812
 21
228.03640747070312
 31
0.0
  0
LINE
  5
239
330
17
100
AcDbEntity
  8
GEOMETRY
100
AcDbLine
 10
638.0169067382812
 20
228.03640747070312
 30
0.0
 11
638.0169067382812
 21
230.87100219726562
 31
0.0
  0
LINE
  5
23A
330
17
100
AcDbEntity
  8
GEOMETRY
100
AcDbLine
 10
638.0169067382812
 20
230.87100219726562
 30
0.0
 11
638.2720336914062
 21
230.87100219726562
 31
0.0
  0
LINE
  5
23B
330
17
100
AcDbEntity
  8
GEOMETRY
100
AcDbLine
 10
638.2720336914062
 20
225.2017822265625
 30
0.0
 11
638.2720336914062
 21
222.3671875
 31
0.0
  0
LINE
  5
23C
330
17
100
AcDbEntity
  8
GEOMETRY
100
AcDbLine
 10
638.2720336914062
 20
222.3671875
 30
0.0
 11
638.0169067382812
 21
222.3671875
 31
0.0
  0
LINE
  5
23D
330
17
100
AcDbEntity
  8
GEOMETRY
100
AcDbLine
 10
638.0169067382812
 20
222.3671875
 30
0.0
 11
638.0169067382812
 21
225.2017822265625
 31
0.0
  0
LINE
  5
23E
330
17
100
AcDbEntity
  8
GEOMETRY
100
AcDbLine
 10
638.0169067382812
 20
225.2017822265625
 30
0.0
 11
638.2720336914062
 21
225.2017822265625
 31
0.0
  0
LINE
  5
23F
330
17
100
AcDbEntity
  8
GEOMETRY
100
AcDbLine
 10
638.2720336914062
 20
219.5325927734375
 30
0.0
 11
638.2720336914062
 21
216.697998046875
 31
0.0
  0
LINE
  5
240
330
17
100
AcDbEntity
  8
GEOMETRY
100
AcDbLine
 10
638.2720336914062
 20
216.697998046875
 30
0.0
 11
638.0169067382812
 21
216.697998046875
 31
0.0
  0
LINE
  5
241
330
17
100
AcDbEntity
  8
GEOMETRY
100
AcDbLine
 10
638.0169067382812
 20
216.697998046875
 30
0.0
 11
638.0169067382812
 21
219.5325927734375
 31
0.0
  0
LINE
  5
242
330
17
100
AcDbEntity
  8
GEOMETRY
100
AcDbLine
 10
638.0169067382812
 20
219.5325927734375
 30
0.0
 11
638.2720336914062
 21
219.5325927734375
 31
0.0
  0
LINE
  5
243
330
17
100
AcDbEntity
  8
GEOMETRY
100
AcDbLine
 10
636.7271728515625
 20
215.15313720703125
 30
0.0
 11
633.892578125
 21
215.15313720703125
 31
0.0
  0
LINE
  5
244
330
17
100
AcDbEntity
  8
GEOMETRY
100
AcDbLine
 10
633.892578125
 20
215.15313720703125
 30
0.0
 11
633.892578125
 21
215.40826416015625
 31
0.0
  0
LINE
  5
245
330
17
100
AcDbEntity
  8
GEOMETRY
100
AcDbLine
 10
633.892578125
 20
215.40826416015625
 30
0.0
 11
636.7271728515625
 21
215.40826416015625
 31
0.0
  0
LINE
  5
246
330
17
100
AcDbEntity
  8
GEOMETRY
100
AcDbLine
 10
636.7271728515625
 20
215.40826416015625
 30
0.0
 11
636.7271728515625
 21
215.15313720703125
 31
0.0
  0
LINE
  5
247
330
17
100
AcDbEntity
  8
GEOMETRY
100
AcDbLine
 10
631.0579833984375
 20
215.15313720703125
 30
0.0
 11
628.223388671875
 21
215.15313720703125
 31
0.0
  0
LINE
  5
248
330
17
100
AcDbEntity
  8
GEOMETRY
100
AcDbLine
 10
628.223388671875
 20
215.15313720703125
 30
0.0
 11
628.223388671875
 21
215.40826416015625
 31
0.0
  0
LINE
  5
249
330
17
100
AcDbEntity
  8
GEOMETRY
100
AcDbLine
 10
628.223388671875
 20
215.40826416015625
 30
0.0
 11
631.0579833984375
 21
215.40826416015625
 31
0.0
  0
LINE
  5
24A
330
17
100
AcDbEntity
  8
GEOMETRY
100
AcDbLine
 10
631.0579833984375
 20
215.40826416015625
 30
0.0
 11
631.0579833984375
 21
215.15313720703125
 31
0.0
  0
LINE
  5
24B
330
17
100
AcDbEntity
  8
GEOMETRY
100
AcDbLine
 10
625.3887939453125
 20
215.15313720703125
 30
0.0
 11
622.55419921875
 21
215.15313720703125
 31
0.0
  0
LINE
  5
24C
330
17
100
AcDbEntity
  8
GEOMETRY
100
AcDbLine
 10
622.55419921875
 20
215.15313720703125
 30
0.0
 11
622.55419921875
 21
215.40826416015625
 31
0.0
  0
LINE
  5
24D
330
17
100
AcDbEntity
  8
GEOMETRY
100
AcDbLine
 10
622.55419921875
 20
215.40826416015625
 30
0.0
 11
625.3887939453125
 21
215.40826416015625
 31
0.0
  0
LINE
  5
24E
330
17
100
AcDbEntity
  8
GEOMETRY
100
AcDbLine
 10
625.3887939453125
 20
215.40826416015625
 30
0.0
 11
625.3887939453125
 21
215.15313720703125
 31
0.0
  0
LINE
  5
24F
330
17
100
AcDbEntity
  8
GEOMETRY
100
AcDbLine
 10
619.7196044921875
 20
215.15313720703125
 30
0.0
 11
616.885009765625
 21
215.15313720703125
 31
0.0
  0
LINE
  5
250
330
17
100
AcDbEntity
  8
GEOMETRY
100
AcDbLine
 10
616.885009765625
 20
215.15313720703125
 30
0.0
 11
616.885009765625
 21
215.40826416015625
 31
0.0
  0
LINE
  5
251
330
17
100
AcDbEntity
  8
GEOMETRY
100
AcDbLine
 10
616.885009765625
 20
215.40826416015625
 30
0.0
 11
619.7196044921875
 21
215.40826416015625
 31
0.0
  0
LINE
  5
252
330
17
100
AcDbEntity
  8
GEOMETRY
100
AcDbLine
 10
619.7196044921875
 20
215.40826416015625
 30
0.0
 11
619.7196044921875
 21
215.15313720703125
 31
0.0
  0
LINE
  5
253
330
17
100
AcDbEntity
  8
GEOMETRY
100
AcDbLine
 10
614.0504150390625
 20
215.15313720703125
 30
0.0
 11
611.2158203125
 21
215.15313720703125
 31
0.0
  0
LINE
  5
254
330
17
100
AcDbEntity
  8
GEOMETRY
100
AcDbLine
 10
611.2158203125
 20
215.15313720703125
 30
0.0
 11
611.2158203125
 21
215.40826416015625
 31
0.0
  0
LINE
  5
255
330
17
100
AcDbEntity
  8
GEOMETRY
100
AcDbLine
 10
611.2158203125
 20
215.40826416015625
 30
0.0
 11
614.0504150390625
 21
215.40826416015625
 31
0.0
  0
LINE
  5
256
330
17
100
AcDbEntity
  8
GEOMETRY
100
AcDbLine
 10
614.0504150390625
 20
215.40826416015625
 30
0.0
 11
614.0504150390625
 21
215.15313720703125
 31
0.0
  0
LINE
  5
257
330
17
100
AcDbEntity
  8
GEOMETRY
100
AcDbLine
 10
608.3812255859375
 20
215.15313720703125
 30
0.0
 11
605.546630859375
 21
215.15313720703125
 31
0.0
  0
LINE
  5
258
330
17
100
AcDbEntity
  8
GEOMETRY
100
AcDbLine
 10
605.546630859375
 20
215.15313720703125
 30
0.0
 11
605.546630859375
 21
215.40826416015625
 31
0.0
  0
LINE
  5
259
330
17
100
AcDbEntity
  8
GEOMETRY
100
AcDbLine
 10
605.546630859375
 20
215.40826416015625
 30
0.0
 11
608.3812255859375
 21
215.40826416015625
 31
0.0
  0
LINE
  5
25A
330
17
100
AcDbEntity
  8
GEOMETRY
100
AcDbLine
 10
608.3812255859375
 20
215.40826416015625
 30
0.0
 11
608.3812255859375
 21
215.15313720703125
 31
0.0
  0
LINE
  5
25B
330
17
100
AcDbEntity
  8
GEOMETRY
100
AcDbLine
 10
602.7120361328125
 20
215.15313720703125
 30
0.0
 11
599.8773803710938
 21
215.15313720703125
 31
0.0
  0
LINE
  5
25C
330
17
100
AcDbEntity
  8
GEOMETRY
100
AcDbLine
 10
599.8773803710938
 20
215.15313720703125
 30
0.0
 11
599.8773803710938
 21
215.40826416015625
 31
0.0
  0
LINE
  5
25D
330
17
100
AcDbEntity
  8
GEOMETRY
100
AcDbLine
 10
599.8773803710938
 20
215.40826416015625
 30
0.0
 11
602.7120361328125
 21
215.40826416015625
 31
0.0
  0
LINE
  5
25E
330
17
100
AcDbEntity
  8
GEOMETRY
100
AcDbLine
 10
602.7120361328125
 20
215.40826416015625
 30
0.0
 11
602.7120361328125
 21
215.15313720703125
 31
0.0
  0
LINE
  5
25F
330
17
100
AcDbEntity
  8
GEOMETRY
100
AcDbLine
 10
597.0427856445312
 20
215.15313720703125
 30
0.0
 11
594.2081909179688
 21
215.15313720703125
 31
0.0
  0
LINE
  5
260
330
17
100
AcDbEntity
  8
GEOMETRY
100
AcDbLine
 10
594.2081909179688
 20
215.15313720703125
 30
0.0
 11
594.2081909179688
 21
215.40826416015625
 31
0.0
  0
LINE
  5
261
330
17
100
AcDbEntity
  8
GEOMETRY
100
AcDbLine
 10
594.2081909179688
 20
215.40826416015625
 30
0.0
 11
597.0427856445312
 21
215.40826416015625
 31
0.0
  0
LINE
  5
262
330
17
100
AcDbEntity
  8
GEOMETRY
100
AcDbLine
 10
597.0427856445312
 20
215.40826416015625
 30
0.0
 11
597.0427856445312
 21
215.15313720703125
 31
0.0
  0
LINE
  5
263
330
17
100
AcDbEntity
  8
GEOMETRY
100
AcDbLine
 10
591.3735961914062
 20
215.15313720703125
 30
0.0
 11
588.5390014648438
 21
215.15313720703125
 31
0.0
  0
LINE
  5
264
330
17
100
AcDbEntity
  8
GEOMETRY
100
AcDbLine
 10
588.5390014648438
 20
215.15313720703125
 30
0.0
 11
588.5390014648438
 21
215.40826416015625
 31
0.0
  0
LINE
  5
265
330
17
100
AcDbEntity
  8
GEOMETRY
100
AcDbLine
 10
588.5390014648438
 20
215.40826416015625
 30
0.0
 11
591.3735961914062
 21
215.40826416015625
 31
0.0
  0
LINE
  5
266
330
17
100
AcDbEntity
  8
GEOMETRY
100
AcDbLine
 10
591.3735961914062
 20
215.40826416015625
 30
0.0
 11
591.3735961914062
 21
215.15313720703125
 31
0.0
  0
LINE
  5
267
330
17
100
AcDbEntity
  8
GEOMETRY
100
AcDbLine
 10
585.7044067382812
 20
215.15313720703125
 30
0.0
 11
582.8698120117188
 21
215.15313720703125
 31
0.0
  0
LINE
  5
268
330
17
100
AcDbEntity
  8
GEOMETRY
100
AcDbLine
 10
582.8698120117188
 20
215.15313720703125
 30
0.0
 11
582.8698120117188
 21
215.40826416015625
 31
0.0
  0
LINE
  5
269
330
17
100
AcDbEntity
  8
GEOMETRY
100
AcDbLine
 10
582.8698120117188
 20
215.40826416015625
 30
0.0
 11
585.7044067382812
 21
215.40826416015625
 31
0.0
  0
LINE
  5
26A
330
17
100
AcDbEntity
  8
GEOMETRY
100
AcDbLine
 10
585.7044067382812
 20
215.40826416015625
 30
0.0
 11
585.7044067382812
 21
215.15313720703125
 31
0.0
  0
LINE
  5
26B
330
17
100
AcDbEntity
  8
GEOMETRY
100
AcDbLine
 10
580.0352172851562
 20
215.15313720703125
 30
0.0
 11
577.2005615234375
 21
215.15313720703125
 31
0.0
  0
LINE
  5
26C
330
17
100
AcDbEntity
  8
GEOMETRY
100
AcDbLine
 10
577.2005615234375
 20
215.15313720703125
 30
0.0
 11
577.2005615234375
 21
215.40826416015625
 31
0.0
  0
LINE
  5
26D
330
17
100
AcDbEntity
  8
GEOMETRY
100
AcDbLine
 10
577.2005615234375
 20
215.40826416015625
 30
0.0
 11
580.0352172851562
 21
215.40826416015625
 31
0.0
  0
LINE
  5
26E
330
17
100
AcDbEntity
  8
GEOMETRY
100
AcDbLine
 10
580.0352172851562
 20
215.40826416015625
 30
0.0
 11
580.0352172851562
 21
215.15313720703125
 31
0.0
  0
LINE
  5
26F
330
17
100
AcDbEntity
  8
GEOMETRY
100
AcDbLine
 10
574.365966796875
 20
215.15313720703125
 30
0.0
 11
571.5313720703125
 21
215.15313720703125
 31
0.0
  0
LINE
  5
270
330
17
100
AcDbEntity
  8
GEOMETRY
100
AcDbLine
 10
571.5313720703125
 20
215.15313720703125
 30
0.0
 11
571.5313720703125
 21
215.40826416015625
 31
0.0
  0
LINE
  5
271
330
17
100
AcDbEntity
  8
GEOMETRY
100
AcDbLine
 10
571.5313720703125
 20
215.40826416015625
 30
0.0
 11
574.365966796875
 21
215.40826416015625
 31
0.0
  0
LINE
  5
272
330
17
100
AcDbEntity
  8
GEOMETRY
100
AcDbLine
 10
574.365966796875
 20
215.40826416015625
 30
0.0
 11
574.365966796875
 21
215.15313720703125
 31
0.0
  0
LINE
  5
273
330
17
100
AcDbEntity
  8
GEOMETRY
100
AcDbLine
 10
568.69677734375
 20
215.15313720703125
 30
0.0
 11
565.8621826171875
 21
215.15313720703125
 31
0.0
  0
LINE
  5
274
330
17
100
AcDbEntity
  8
GEOMETRY
100
AcDbLine
 10
565.8621826171875
 20
215.15313720703125
 30
0.0
 11
565.8621826171875
 21
215.40826416015625
 31
0.0
  0
LINE
  5
275
330
17
100
AcDbEntity
  8
GEOMETRY
100
AcDbLine
 10
565.8621826171875
 20
215.40826416015625
 30
0.0
 11
568.69677734375
 21
215.40826416015625
 31
0.0
  0
LINE
  5
276
330
17
100
AcDbEntity
  8
GEOMETRY
100
AcDbLine
 10
568.69677734375
 20
215.40826416015625
 30
0.0
 11
568.69677734375
 21
215.15313720703125
 31
0.0
  0
LINE
  5
277
330
17
100
AcDbEntity
  8
GEOMETRY
100
AcDbLine
 10
563.027587890625
 20
215.15313720703125
 30
0.0
 11
560.1929931640625
 21
215.15313720703125
 31
0.0
  0
LINE
  5
278
330
17
100
AcDbEntity
  8
GEOMETRY
100
AcDbLine
 10
560.1929931640625
 20
215.15313720703125
 30
0.0
 11
560.1929931640625
 21
215.40826416015625
 31
0.0
  0
LINE
  5
279
330
17
100
AcDbEntity
  8
GEOMETRY
100
AcDbLine
 10
560.1929931640625
 20
215.40826416015625
 30
0.0
 11
563.027587890625
 21
215.40826416015625
 31
0.0
  0
LINE
  5
27A
330
17
100
AcDbEntity
  8
GEOMETRY
100
AcDbLine
 10
563.027587890625
 20
215.40826416015625
 30
0.0
 11
563.027587890625
 21
215.15313720703125
 31
0.0
  0
LINE
  5
27B
330
17
100
AcDbEntity
  8
GEOMETRY
100
AcDbLine
 10
557.3583984375
 20
215.15313720703125
 30
0.0
 11
554.5238037109375
 21
215.15313720703125
 31
0.0
  0
LINE
  5
27C
330
17
100
AcDbEntity
  8
GEOMETRY
100
AcDbLine
 10
554.5238037109375
 20
215.15313720703125
 30
0.0
 11
554.5238037109375
 21
215.40826416015625
 31
0.0
  0
LINE
  5
27D
330
17
100
AcDbEntity
  8
GEOMETRY
100
AcDbLine
 10
554.5238037109375
 20
215.40826416015625
 30
0.0
 11
557.3583984375
 21
215.40826416015625
 31
0.0
  0
LINE
  5
27E
330
17
100
AcDbEntity
  8
GEOMETRY
100
AcDbLine
 10
557.3583984375
 20
215.40826416015625
 30
0.0
 11
557.3583984375
 21
215.15313720703125
 31
0.0
  0
LINE
  5
27F
330
17
100
AcDbEntity
  8
GEOMETRY
100
AcDbLine
 10
551.689208984375
 20
215.15313720703125
 30
0.0
 11
548.8546142578125
 21
215.15313720703125
 31
0.0
  0
LINE
  5
280
330
17
100
AcDbEntity
  8
GEOMETRY
100
AcDbLine
 10
548.8546142578125
 20
215.15313720703125
 30
0.0
 11
548.8546142578125
 21
215.40826416015625
 31
0.0
  0
LINE
  5
281
330
17
100
AcDbEntity
  8
GEOMETRY
100
AcDbLine
 10
548.8546142578125
 20
215.40826416015625
 30
0.0
 11
551.689208984375
 21
215.40826416015625
 31
0.0
  0
LINE
  5
282
330
17
100
AcDbEntity
  8
GEOMETRY
100
AcDbLine
 10
551.689208984375
 20
215.40826416015625
 30
0.0
 11
551.689208984375
 21
215.15313720703125
 31
0.0
  0
LINE
  5
283
330
17
100
AcDbEntity
  8
GEOMETRY
100
AcDbLine
 10
546.02001953125
 20
215.15313720703125
 30
0.0
 11
543.1854248046875
 21
215.15313720703125
 31
0.0
  0
LINE
  5
284
330
17
100
AcDbEntity
  8
GEOMETRY
100
AcDbLine
 10
543.1854248046875
 20
215.15313720703125
 30
0.0
 11
543.1854248046875
 21
215.40826416015625
 31
0.0
  0
LINE
  5
285
330
17
100
AcDbEntity
  8
GEOMETRY
100
AcDbLine
 10
543.1854248046875
 20
215.40826416015625
 30
0.0
 11
546.02001953125
 21
215.40826416015625
 31
0.0
  0
LINE
  5
286
330
17
100
AcDbEntity
  8
GEOMETRY
100
AcDbLine
 10
546.02001953125
 20
215.40826416015625
 30
0.0
 11
546.02001953125
 21
215.15313720703125
 31
0.0
  0
LINE
  5
287
330
17
100
AcDbEntity
  8
GEOMETRY
100
AcDbLine
 10
540.350830078125
 20
215.15313720703125
 30
0.0
 11
537.5162353515625
 21
215.15313720703125
 31
0.0
  0
LINE
  5
288
330
17
100
AcDbEntity
  8
GEOMETRY
100
AcDbLine
 10
537.5162353515625
 20
215.15313720703125
 30
0.0
 11
537.5162353515625
 21
215.40826416015625
 31
0.0
  0
LINE
  5
289
330
17
100
AcDbEntity
  8
GEOMETRY
100
AcDbLine
 10
537.5162353515625
 20
215.40826416015625
 30
0.0
 11
540.350830078125
 21
215.40826416015625
 31
0.0
  0
LINE
  5
28A
330
17
100
AcDbEntity
  8
GEOMETRY
100
AcDbLine
 10
540.350830078125
 20
215.40826416015625
 30
0.0
 11
540.350830078125
 21
215.15313720703125
 31
0.0
  0
LINE
  5
28B
330
17
100
AcDbEntity
  8
GEOMETRY
100
AcDbLine
 10
534.681640625
 20
215.15313720703125
 30
0.0
 11
531.8470458984375
 21
215.15313720703125
 31
0.0
  0
LINE
  5
28C
330
17
100
AcDbEntity
  8
GEOMETRY
100
AcDbLine
 10
531.8470458984375
 20
215.15313720703125
 30
0.0
 11
531.8470458984375
 21
215.40826416015625
 31
0.0
  0
LINE
  5
28D
330
17
100
AcDbEntity
  8
GEOMETRY
100
AcDbLine
 10
531.8470458984375
 20
215.40826416015625
 30
0.0
 11
534.681640625
 21
215.40826416015625
 31
0.0
  0
LINE
  5
28E
330
17
100
AcDbEntity
  8
GEOMETRY
100
AcDbLine
 10
534.681640625
 20
215.40826416015625
 30
0.0
 11
534.681640625
 21
215.15313720703125
 31
0.0
  0
LINE
  5
28F
330
17
100
AcDbEntity
  8
GEOMETRY
100
AcDbLine
 10
529.012451171875
 20
215.15313720703125
 30
0.0
 11
526.1778564453125
 21
215.15313720703125
 31
0.0
  0
LINE
  5
290
330
17
100
AcDbEntity
  8
GEOMETRY
100
AcDbLine
 10
526.1778564453125
 20
215.15313720703125
 30
0.0
 11
526.1778564453125
 21
215.40826416015625
 31
0.0
  0
LINE
  5
291
330
17
100
AcDbEntity
  8
GEOMETRY
100
AcDbLine
 10
526.1778564453125
 20
215.40826416015625
 30
0.0
 11
529.012451171875
 21
215.40826416015625
 31
0.0
  0
LINE
  5
292
330
17
100
AcDbEntity
  8
GEOMETRY
100
AcDbLine
 10
529.012451171875
 20
215.40826416015625
 30
0.0
 11
529.012451171875
 21
215.15313720703125
 31
0.0
  0
LINE
  5
293
330
17
100
AcDbEntity
  8
GEOMETRY
100
AcDbLine
 10
523.34326171875
 20
215.15313720703125
 30
0.0
 11
520.5086669921875
 21
215.15313720703125
 31
0.0
  0
LINE
  5
294
330
17
100
AcDbEntity
  8
GEOMETRY
100
AcDbLine
 10
520.5086669921875
 20
215.15313720703125
 30
0.0
 11
520.5086669921875
 21
215.40826416015625
 31
0.0
  0
LINE
  5
295
330
17
100
AcDbEntity
  8
GEOMETRY
100
AcDbLine
 10
520.5086669921875
 20
215.40826416015625
 30
0.0
 11
523.34326171875
 21
215.40826416015625
 31
0.0
  0
LINE
  5
296
330
17
100
AcDbEntity
  8
GEOMETRY
100
AcDbLine
 10
523.34326171875
 20
215.40826416015625
 30
0.0
 11
523.34326171875
 21
215.15313720703125
 31
0.0
  0
LINE
  5
297
330
17
100
AcDbEntity
  8
GEOMETRY
100
AcDbLine
 10
517.674072265625
 20
215.15313720703125
 30
0.0
 11
514.8394775390625
 21
215.15313720703125
 31
0.0
  0
LINE
  5
298
330
17
100
AcDbEntity
  8
GEOMETRY
100
AcDbLine
 10
514.8394775390625
 20
215.15313720703125
 30
0.0
 11
514.8394775390625
 21
215.40826416015625
 31
0.0
  0
LINE
  5
299
330
17
100
AcDbEntity
  8
GEOMETRY
100
AcDbLine
 10
514.8394775390625
 20
215.40826416015625
 30
0.0
 11
517.674072265625
 21
215.40826416015625
 31
0.0
  0
LINE
  5
29A
330
17
100
AcDbEntity
  8
GEOMETRY
100
AcDbLine
 10
517.674072265625
 20
215.40826416015625
 30
0.0
 11
517.674072265625
 21
215.15313720703125
 31
0.0
  0
LINE
  5
29B
330
17
100
AcDbEntity
  8
GEOMETRY
100
AcDbLine
 10
512.0048828125
 20
215.15313720703125
 30
0.0
 11
509.1702575683594
 21
215.15313720703125
 31
0.0
  0
LINE
  5
29C
330
17
100
AcDbEntity
  8
GEOMETRY
100
AcDbLine
 10
509.1702575683594
 20
215.15313720703125
 30
0.0
 11
509.1702575683594
 21
215.40826416015625
 31
0.0
  0
LINE
  5
29D
330
17
100
AcDbEntity
  8
GEOMETRY
100
AcDbLine
 10
509.1702575683594
 20
215.40826416015625
 30
0.0
 11
512.0048828125
 21
215.40826416015625
 31
0.0
  0
LINE
  5
29E
330
17
100
AcDbEntity
  8
GEOMETRY
100
AcDbLine
 10
512.0048828125
 20
215.40826416015625
 30
0.0
 11
512.0048828125
 21
215.15313720703125
 31
0.0
  0
LINE
  5
29F
330
17
100
AcDbEntity
  8
GEOMETRY
100
AcDbLine
 10
506.3356628417969
 20
215.15313720703125
 30
0.0
 11
503.50103759765625
 21
215.15313720703125
 31
0.0
  0
LINE
  5
2A0
330
17
100
AcDbEntity
  8
GEOMETRY
100
AcDbLine
 10
503.50103759765625
 20
215.15313720703125
 30
0.0
 11
503.50103759765625
 21
215.40826416015625
 31
0.0
  0
LINE
  5
2A1
330
17
100
AcDbEntity
  8
GEOMETRY
100
AcDbLine
 10
503.50103759765625
 20
215.40826416015625
 30
0.0
 11
506.3356628417969
 21
215.40826416015625
 31
0.0
  0
LINE
  5
2A2
330
17
100
AcDbEntity
  8
GEOMETRY
100
AcDbLine
 10
506.3356628417969
 20
215.40826416015625
 30
0.0
 11
506.3356628417969
 21
215.15313720703125
 31
0.0
  0
LINE
  5
2A3
330
17
100
AcDbEntity
  8
GEOMETRY
100
AcDbLine
 10
500.66644287109375
 20
215.15313720703125
 30
0.0
 11
497.83184814453125
 21
215.15313720703125
 31
0.0
  0
LINE
  5
2A4
330
17
100
AcDbEntity
  8
GEOMETRY
100
AcDbLine
 10
497.83184814453125
 20
215.15313720703125
 30
0.0
 11
497.83184814453125
 21
215.40826416015625
 31
0.0
  0
LINE
  5
2A5
330
17
100
AcDbEntity
  8
GEOMETRY
100
AcDbLine
 10
497.83184814453125
 20
215.40826416015625
 30
0.0
 11
500.66644287109375
 21
215.40826416015625
 31
0.0
  0
LINE
  5
2A6
330
17
100
AcDbEntity
  8
GEOMETRY
100
AcDbLine
 10
500.66644287109375
 20
215.40826416015625
 30
0.0
 11
500.66644287109375
 21
215.15313720703125
 31
0.0
  0
LINE
  5
2A7
330
17
100
AcDbEntity
  8
GEOMETRY
100
AcDbLine
 10
494.99725341796875
 20
215.15313720703125
 30
0.0
 11
492.16265869140625
 21
215.15313720703125
 31
0.0
  0
LINE
  5
2A8
330
17
100
AcDbEntity
  8
GEOMETRY
100
AcDbLine
 10
492.16265869140625
 20
215.15313720703125
 30
0.0
 11
492.16265869140625
 21
215.40826416015625
 31
0.0
  0
LINE
  5
2A9
330
17
100
AcDbEntity
  8
GEOMETRY
100
AcDbLine
 10
492.16265869140625
 20
215.40826416015625
 30
0.0
 11
494.99725341796875
 21
215.40826416015625
 31
0.0
  0
LINE
  5
2AA
330
17
100
AcDbEntity
  8
GEOMETRY
100
AcDbLine
 10
494.99725341796875
 20
215.40826416015625
 30
0.0
 11
494.99725341796875
 21
215.15313720703125
 31
0.0
  0
LINE
  5
2AB
330
17
100
AcDbEntity
  8
GEOMETRY
100
AcDbLine
 10
489.32806396484375
 20
215.15313720703125
 30
0.0
 11
486.49346923828125
 21
215.15313720703125
 31
0.0
  0
LINE
  5
2AC
330
17
100
AcDbEntity
  8
GEOMETRY
100
AcDbLine
 10
486.49346923828125
 20
215.15313720703125
 30
0.0
 11
486.49346923828125
 21
215.40826416015625
 31
0.0
  0
LINE
  5
2AD
330
17
100
AcDbEntity
  8
GEOMETRY
100
AcDbLine
 10
486.49346923828125
 20
215.40826416015625
 30
0.0
 11
489.32806396484375
 21
215.40826416015625
 31
0.0
  0
LINE
  5
2AE
330
17
100
AcDbEntity
  8
GEOMETRY
100
AcDbLine
 10
489.32806396484375
 20
215.40826416015625
 30
0.0
 11
489.32806396484375
 21
215.15313720703125
 31
0.0
  0
LINE
  5
2AF
330
17
100
AcDbEntity
  8
GEOMETRY
100
AcDbLine
 10
483.65887451171875
 20
215.15313720703125
 30
0.0
 11
480.8242492675781
 21
215.15313720703125
 31
0.0
  0
LINE
  5
2B0
330
17
100
AcDbEntity
  8
GEOMETRY
100
AcDbLine
 10
480.8242492675781
 20
215.15313720703125
 30
0.0
 11
480.8242492675781
 21
215.40826416015625
 31
0.0
  0
LINE
  5
2B1
330
17
100
AcDbEntity
  8
GEOMETRY
100
AcDbLine
 10
480.8242492675781
 20
215.40826416015625
 30
0.0
 11
483.65887451171875
 21
215.40826416015625
 31
0.0
  0
LINE
  5
2B2
330
17
100
AcDbEntity
  8
GEOMETRY
100
AcDbLine
 10
483.65887451171875
 20
215.40826416015625
 30
0.0
 11
483.65887451171875
 21
215.15313720703125
 31
0.0
  0
LINE
  5
2B3
330
17
100
AcDbEntity
  8
GEOMETRY
100
AcDbLine
 10
477.9896545410156
 20
215.15313720703125
 30
0.0
 11
475.1550598144531
 21
215.15313720703125
 31
0.0
  0
LINE
  5
2B4
330
17
100
AcDbEntity
  8
GEOMETRY
100
AcDbLine
 10
475.1550598144531
 20
215.15313720703125
 30
0.0
 11
475.1550598144531
 21
215.40826416015625
 31
0.0
  0
LINE
  5
2B5
330
17
100
AcDbEntity
  8
GEOMETRY
100
AcDbLine
 10
475.1550598144531
 20
215.40826416015625
 30
0.0
 11
477.9896545410156
 21
215.40826416015625
 31
0.0
  0
LINE
  5
2B6
330
17
100
AcDbEntity
  8
GEOMETRY
100
AcDbLine
 10
477.9896545410156
 20
215.40826416015625
 30
0.0
 11
477.9896545410156
 21
215.15313720703125
 31
0.0
  0
LINE
  5
2B7
330
17
100
AcDbEntity
  8
GEOMETRY
100
AcDbLine
 10
472.3204650878906
 20
215.15313720703125
 30
0.0
 11
469.4858703613281
 21
215.15313720703125
 31
0.0
  0
LINE
  5
2B8
330
17
100
AcDbEntity
  8
GEOMETRY
100
AcDbLine
 10
469.4858703613281
 20
215.15313720703125
 30
0.0
 11
469.4858703613281
 21
215.40826416015625
 31
0.0
  0
LINE
  5
2B9
330
17
100
AcDbEntity
  8
GEOMETRY
100
AcDbLine
 10
469.4858703613281
 20
215.40826416015625
 30
0.0
 11
472.3204650878906
 21
215.40826416015625
 31
0.0
  0
LINE
  5
2BA
330
17
100
AcDbEntity
  8
GEOMETRY
100
AcDbLine
 10
472.3204650878906
 20
215.40826416015625
 30
0.0
 11
472.3204650878906
 21
215.15313720703125
 31
0.0
  0
LINE
  5
2BB
330
17
100
AcDbEntity
  8
GEOMETRY
100
AcDbLine
 10
466.6512756347656
 20
215.15313720703125
 30
0.0
 11
463.8166809082031
 21
215.15313720703125
 31
0.0
  0
LINE
  5
2BC
330
17
100
AcDbEntity
  8
GEOMETRY
100
AcDbLine
 10
463.8166809082031
 20
215.15313720703125
 30
0.0
 11
463.8166809082031
 21
215.40826416015625
 31
0.0
  0
LINE
  5
2BD
330
17
100
AcDbEntity
  8
GEOMETRY
100
AcDbLine
 10
463.8166809082031
 20
215.40826416015625
 30
0.0
 11
466.6512756347656
 21
215.40826416015625
 31
0.0
  0
LINE
  5
2BE
330
17
100
AcDbEntity
  8
GEOMETRY
100
AcDbLine
 10
466.6512756347656
 20
215.40826416015625
 30
0.0
 11
466.6512756347656
 21
215.15313720703125
 31
0.0
  0
LINE
  5
2BF
330
17
100
AcDbEntity
  8
GEOMETRY
100
AcDbLine
 10
460.9820861816406
 20
215.15313720703125
 30
0.0
 11
458.1474914550781
 21
215.15313720703125
 31
0.0
  0
LINE
  5
2C0
330
17
100
AcDbEntity
  8
GEOMETRY
100
AcDbLine
 10
458.1474914550781
 20
215.15313720703125
 30
0.0
 11
458.1474914550781
 21
215.40826416015625
 31
0.0
  0
LINE
  5
2C1
330
17
100
AcDbEntity
  8
GEOMETRY
100
AcDbLine
 10
458.1474914550781
 20
215.40826416015625
 30
0.0
 11
460.9820861816406
 21
215.40826416015625
 31
0.0
  0
LINE
  5
2C2
330
17
100
AcDbEntity
  8
GEOMETRY
100
AcDbLine
 10
460.9820861816406
 20
215.40826416015625
 30
0.0
 11
460.9820861816406
 21
215.15313720703125
 31
0.0
  0
LINE
  5
2C3
330
17
100
AcDbEntity
  8
GEOMETRY
100
AcDbLine
 10
455.3128662109375
 20
215.15313720703125
 30
0.0
 11
452.478271484375
 21
215.15313720703125
 31
0.0
  0
LINE
  5
2C4
330
17
100
AcDbEntity
  8
GEOMETRY
100
AcDbLine
 10
452.478271484375
 20
215.15313720703125
 30
0.0
 11
452.478271484375
 21
215.40826416015625
 31
0.0
  0
LINE
  5
2C5
330
17
100
AcDbEntity
  8
GEOMETRY
100
AcDbLine
 10
452.478271484375
 20
215.40826416015625
 30
0.0
 11
455.3128662109375
 21
215.40826416015625
 31
0.0
  0
LINE
  5
2C6
330
17
100
AcDbEntity
  8
GEOMETRY
100
AcDbLine
 10
455.3128662109375
 20
215.40826416015625
 30
0.0
 11
455.3128662109375
 21
215.15313720703125
 31
0.0
  0
LINE
  5
2C7
330
17
100
AcDbEntity
  8
GEOMETRY
100
AcDbLine
 10
449.6436767578125
 20
215.15313720703125
 30
0.0
 11
446.80908203125
 21
215.15313720703125
 31
0.0
  0
LINE
  5
2C8
330
17
100
AcDbEntity
  8
GEOMETRY
100
AcDbLine
 10
446.80908203125
 20
215.15313720703125
 30
0.0
 11
446.80908203125
 21
215.40826416015625
 31
0.0
  0
LINE
  5
2C9
330
17
100
AcDbEntity
  8
GEOMETRY
100
AcDbLine
 10
446.80908203125
 20
215.40826416015625
 30
0.0
 11
449.6436767578125
 21
215.40826416015625
 31
0.0
  0
LINE
  5
2CA
330
17
100
AcDbEntity
  8
GEOMETRY
100
AcDbLine
 10
449.6436767578125
 20
215.40826416015625
 30
0.0
 11
449.6436767578125
 21
215.15313720703125
 31
0.0
  0
LINE
  5
2CB
330
17
100
AcDbEntity
  8
GEOMETRY
100
AcDbLine
 10
443.9744873046875
 20
215.15313720703125
 30
0.0
 11
441.139892578125
 21
215.15313720703125
 31
0.0
  0
LINE
  5
2CC
330
17
100
AcDbEntity
  8
GEOMETRY
100
AcDbLine
 10
441.139892578125
 20
215.15313720703125
 30
0.0
 11
441.139892578125
 21
215.40826416015625
 31
0.0
  0
LINE
  5
2CD
330
17
100
AcDbEntity
  8
GEOMETRY
100
AcDbLine
 10
441.139892578125
 20
215.40826416015625
 30
0.0
 11
443.9744873046875
 21
215.40826416015625
 31
0.0
  0
LINE
  5
2CE
330
17
100
AcDbEntity
  8
GEOMETRY
100
AcDbLine
 10
443.9744873046875
 20
215.40826416015625
 30
0.0
 11
443.9744873046875
 21
215.15313720703125
 31
0.0
  0
LINE
  5
2CF
330
17
100
AcDbEntity
  8
GEOMETRY
100
AcDbLine
 10
438.3052978515625
 20
215.15313720703125
 30
0.0
 11
435.470703125
 21
215.15313720703125
 31
0.0
  0
LINE
  5
2D0
330
17
100
AcDbEntity
  8
GEOMETRY
100
AcDbLine
 10
435.470703125
 20
215.15313720703125
 30
0.0
 11
435.470703125
 21
215.40826416015625
 31
0.0
  0
LINE
  5
2D1
330
17
100
AcDbEntity
  8
GEOMETRY
100
AcDbLine
 10
435.470703125
 20
215.40826416015625
 30
0.0
 11
438.3052978515625
 21
215.40826416015625
 31
0.0
  0
LINE
  5
2D2
330
17
100
AcDbEntity
  8
GEOMETRY
100
AcDbLine
 10
438.3052978515625
 20
215.40826416015625
 30
0.0
 11
438.3052978515625
 21
215.15313720703125
 31
0.0
  0
LINE
  5
2D3
330
17
100
AcDbEntity
  8
GEOMETRY
100
AcDbLine
 10
432.6361083984375
 20
215.15313720703125
 30
0.0
 11
429.801513671875
 21
215.15313720703125
 31
0.0
  0
LINE
  5
2D4
330
17
100
AcDbEntity
  8
GEOMETRY
100
AcDbLine
 10
429.801513671875
 20
215.15313720703125
 30
0.0
 11
429.801513671875
 21
215.40826416015625
 31
0.0
  0
LINE
  5
2D5
330
17
100
AcDbEntity
  8
GEOMETRY
100
AcDbLine
 10
429.801513671875
 20
215.40826416015625
 30
0.0
 11
432.6361083984375
 21
215.40826416015625
 31
0.0
  0
LINE
  5
2D6
330
17
100
AcDbEntity
  8
GEOMETRY
100
AcDbLine
 10
432.6361083984375
 20
215.40826416015625
 30
0.0
 11
432.6361083984375
 21
215.15313720703125
 31
0.0
  0
LINE
  5
2D7
330
17
100
AcDbEntity
  8
GEOMETRY
100
AcDbLine
 10
426.9668884277344
 20
215.15313720703125
 30
0.0
 11
424.1322937011719
 21
215.15313720703125
 31
0.0
  0
LINE
  5
2D8
330
17
100
AcDbEntity
  8
GEOMETRY
100
AcDbLine
 10
424.1322937011719
 20
215.15313720703125
 30
0.0
 11
424.1322937011719
 21
215.40826416015625
 31
0.0
  0
LINE
  5
2D9
330
17
100
AcDbEntity
  8
GEOMETRY
100
AcDbLine
 10
424.1322937011719
 20
215.40826416015625
 30
0.0
 11
426.9668884277344
 21
215.40826416015625
 31
0.0
  0
LINE
  5
2DA
330
17
100
AcDbEntity
  8
GEOMETRY
100
AcDbLine
 10
426.9668884277344
 20
215.40826416015625
 30
0.0
 11
426.9668884277344
 21
215.15313720703125
 31
0.0
  0
LINE
  5
2DB
330
17
100
AcDbEntity
  8
GEOMETRY
100
AcDbLine
 10
421.2976989746094
 20
215.15313720703125
 30
0.0
 11
418.4631042480469
 21
215.15313720703125
 31
0.0
  0
LINE
  5
2DC
330
17
100
AcDbEntity
  8
GEOMETRY
100
AcDbLine
 10
418.4631042480469
 20
215.15313720703125
 30
0.0
 11
418.4631042480469
 21
215.40826416015625
 31
0.0
  0
LINE
  5
2DD
330
17
100
AcDbEntity
  8
GEOMETRY
100
AcDbLine
 10
418.4631042480469
 20
215.40826416015625
 30
0.0
 11
421.2976989746094
 21
215.40826416015625
 31
0.0
  0
LINE
  5
2DE
330
17
100
AcDbEntity
  8
GEOMETRY
100
AcDbLine
 10
421.2976989746094
 20
215.40826416015625
 30
0.0
 11
421.2976989746094
 21
215.15313720703125
 31
0.0
  0
LINE
  5
2DF
330
17
100
AcDbEntity
  8
GEOMETRY
100
AcDbLine
 10
415.62847900390625
 20
215.15313720703125
 30
0.0
 11
412.79388427734375
 21
215.15313720703125
 31
0.0
  0
LINE
  5
2E0
330
17
100
AcDbEntity
  8
GEOMETRY
100
AcDbLine
 10
412.79388427734375
 20
215.15313720703125
 30
0.0
 11
412.79388427734375
 21
215.40826416015625
 31
0.0
  0
LINE
  5
2E1
330
17
100
AcDbEntity
  8
GEOMETRY
100
AcDbLine
 10
412.79388427734375
 20
215.40826416015625
 30
0.0
 11
415.62847900390625
 21
215.40826416015625
 31
0.0
  0
LINE
  5
2E2
330
17
100
AcDbEntity
  8
GEOMETRY
100
AcDbLine
 10
415.62847900390625
 20
215.40826416015625
 30
0.0
 11
415.62847900390625
 21
215.15313720703125
 31
0.0
  0
LINE
  5
2E3
330
17
100
AcDbEntity
  8
GEOMETRY
100
AcDbLine
 10
409.95928955078125
 20
215.15313720703125
 30
0.0
 11
407.1247253417969
 21
215.15313720703125
 31
0.0
  0
LINE
  5
2E4
330
17
100
AcDbEntity
  8
GEOMETRY
100
AcDbLine
 10
407.1247253417969
 20
215.15313720703125
 30
0.0
 11
407.1247253417969
 21
215.40826416015625
 31
0.0
  0
LINE
  5
2E5
330
17
100
AcDbEntity
  8
GEOMETRY
100
AcDbLine
 10
407.1247253417969
 20
215.40826416015625
 30
0.0
 11
409.95928955078125
 21
215.40826416015625
 31
0.0
  0
LINE
  5
2E6
330
17
100
AcDbEntity
  8
GEOMETRY
100
AcDbLine
 10
409.95928955078125
 20
215.40826416015625
 30
0.0
 11
409.95928955078125
 21
215.15313720703125
 31
0.0
  0
LINE
  5
2E7
330
17
100
AcDbEntity
  8
GEOMETRY
100
AcDbLine
 10
404.29010009765625
 20
215.15313720703125
 30
0.0
 11
401.45550537109375
 21
215.15313720703125
 31
0.0
  0
LINE
  5
2E8
330
17
100
AcDbEntity
  8
GEOMETRY
100
AcDbLine
 10
401.45550537109375
 20
215.15313720703125
 30
0.0
 11
401.45550537109375
 21
215.40826416015625
 31
0.0
  0
LINE
  5
2E9
330
17
100
AcDbEntity
  8
GEOMETRY
100
AcDbLine
 10
401.45550537109375
 20
215.40826416015625
 30
0.0
 11
404.29010009765625
 21
215.40826416015625
 31
0.0
  0
LINE
  5
2EA
330
17
100
AcDbEntity
  8
GEOMETRY
100
AcDbLine
 10
404.29010009765625
 20
215.40826416015625
 30
0.0
 11
404.29010009765625
 21
215.15313720703125
 31
0.0
  0
LINE
  5
2EB
330
17
100
AcDbEntity
  8
GEOMETRY
100
AcDbLine
 10
398.62091064453125
 20
215.15313720703125
 30
0.0
 11
395.78631591796875
 21
215.15313720703125
 31
0.0
  0
LINE
  5
2EC
330
17
100
AcDbEntity
  8
GEOMETRY
100
AcDbLine
 10
395.78631591796875
 20
215.15313720703125
 30
0.0
 11
395.78631591796875
 21
215.40826416015625
 31
0.0
  0
LINE
  5
2ED
330
17
100
AcDbEntity
  8
GEOMETRY
100
AcDbLine
 10
395.78631591796875
 20
215.40826416015625
 30
0.0
 11
398.62091064453125
 21
215.40826416015625
 31
0.0
  0
LINE
  5
2EE
330
17
100
AcDbEntity
  8
GEOMETRY
100
AcDbLine
 10
398.62091064453125
 20
215.40826416015625
 30
0.0
 11
398.62091064453125
 21
215.15313720703125
 31
0.0
  0
LINE
  5
2EF
330
17
100
AcDbEntity
  8
GEOMETRY
100
AcDbLine
 10
392.95172119140625
 20
215.15313720703125
 30
0.0
 11
390.11712646484375
 21
215.15313720703125
 31
0.0
  0
LINE
  5
2F0
330
17
100
AcDbEntity
  8
GEOMETRY
100
AcDbLine
 10
390.11712646484375
 20
215.15313720703125
 30
0.0
 11
390.11712646484375
 21
215.40826416015625
 31
0.0
  0
LINE
  5
2F1
330
17
100
AcDbEntity
  8
GEOMETRY
100
AcDbLine
 10
390.11712646484375
 20
215.40826416015625
 30
0.0
 11
392.95172119140625
 21
215.40826416015625
 31
0.0
  0
LINE
  5
2F2
330
17
100
AcDbEntity
  8
GEOMETRY
100
AcDbLine
 10
392.95172119140625
 20
215.40826416015625
 30
0.0
 11
392.95172119140625
 21
215.15313720703125
 31
0.0
  0
LINE
  5
2F3
330
17
100
AcDbEntity
  8
GEOMETRY
100
AcDbLine
 10
387.28253173828125
 20
215.15313720703125
 30
0.0
 11
384.44793701171875
 21
215.15313720703125
 31
0.0
  0
LINE
  5
2F4
330
17
100
AcDbEntity
  8
GEOMETRY
100
AcDbLine
 10
384.44793701171875
 20
215.15313720703125
 30
0.0
 11
384.44793701171875
 21
215.40826416015625
 31
0.0
  0
LINE
  5
2F5
330
17
100
AcDbEntity
  8
GEOMETRY
100
AcDbLine
 10
384.44793701171875
 20
215.40826416015625
 30
0.0
 11
387.28253173828125
 21
215.40826416015625
 31
0.0
  0
LINE
  5
2F6
330
17
100
AcDbEntity
  8
GEOMETRY
100
AcDbLine
 10
387.28253173828125
 20
215.40826416015625
 30
0.0
 11
387.28253173828125
 21
215.15313720703125
 31
0.0
  0
LINE
  5
2F7
330
17
100
AcDbEntity
  8
GEOMETRY
100
AcDbLine
 10
381.61334228515625
 20
215.15313720703125
 30
0.0
 11
378.7787170410156
 21
215.15313720703125
 31
0.0
  0
LINE
  5
2F8
330
17
100
AcDbEntity
  8
GEOMETRY
100
AcDbLine
 10
378.7787170410156
 20
215.15313720703125
 30
0.0
 11
378.7787170410156
 21
215.40826416015625
 31
0.0
  0
LINE
  5
2F9
330
17
100
AcDbEntity
  8
GEOMETRY
100
AcDbLine
 10
378.7787170410156
 20
215.40826416015625
 30
0.0
 11
381.61334228515625
 21
215.40826416015625
 31
0.0
  0
LINE
  5
2FA
330
17
100
AcDbEntity
  8
GEOMETRY
100
AcDbLine
 10
381.61334228515625
 20
215.40826416015625
 30
0.0
 11
381.61334228515625
 21
215.15313720703125
 31
0.0
  0
LINE
  5
2FB
330
17
100
AcDbEntity
  8
GEOMETRY
100
AcDbLine
 10
375.9441223144531
 20
215.15313720703125
 30
0.0
 11
373.1095275878906
 21
215.15313720703125
 31
0.0
  0
LINE
  5
2FC
330
17
100
AcDbEntity
  8
GEOMETRY
100
AcDbLine
 10
373.1095275878906
 20
215.15313720703125
 30
0.0
 11
373.1095275878906
 21
215.40826416015625
 31
0.0
  0
LINE
  5
2FD
330
17
100
AcDbEntity
  8
GEOMETRY
100
AcDbLine
 10
373.1095275878906
 20
215.40826416015625
 30
0.0
 11
375.9441223144531
 21
215.40826416015625
 31
0.0
  0
LINE
  5
2FE
330
17
100
AcDbEntity
  8
GEOMETRY
100
AcDbLine
 10
375.9441223144531
 20
215.40826416015625
 30
0.0
 11
375.9441223144531
 21
215.15313720703125
 31
0.0
  0
LINE
  5
2FF
330
17
100
AcDbEntity
  8
GEOMETRY
100
AcDbLine
 10
370.2749328613281
 20
215.15313720703125
 30
0.0
 11
367.4403076171875
 21
215.15313720703125
 31
0.0
  0
LINE
  5
300
330
17
100
AcDbEntity
  8
GEOMETRY
100
AcDbLine
 10
367.4403076171875
 20
215.15313720703125
 30
0.0
 11
367.4403076171875
 21
215.40826416015625
 31
0.0
  0
LINE
  5
301
330
17
100
AcDbEntity
  8
GEOMETRY
100
AcDbLine
 10
367.4403076171875
 20
215.40826416015625
 30
0.0
 11
370.2749328613281
 21
215.40826416015625
 31
0.0
  0
LINE
  5
302
330
17
100
AcDbEntity
  8
GEOMETRY
100
AcDbLine
 10
370.2749328613281
 20
215.40826416015625
 30
0.0
 11
370.2749328613281
 21
215.15313720703125
 31
0.0
  0
LINE
  5
303
330
17
100
AcDbEntity
  8
GEOMETRY
100
AcDbLine
 10
364.605712890625
 20
215.15313720703125
 30
0.0
 11
361.7711181640625
 21
215.15313720703125
 31
0.0
  0
LINE
  5
304
330
17
100
AcDbEntity
  8
GEOMETRY
100
AcDbLine
 10
361.7711181640625
 20
215.15313720703125
 30
0.0
 11
361.7711181640625
 21
215.40826416015625
 31
0.0
  0
LINE
  5
305
330
17
100
AcDbEntity
  8
GEOMETRY
100
AcDbLine
 10
361.7711181640625
 20
215.40826416015625
 30
0.0
 11
364.605712890625
 21
215.40826416015625
 31
0.0
  0
LINE
  5
306
330
17
100
AcDbEntity
  8
GEOMETRY
100
AcDbLine
 10
364.605712890625
 20
215.40826416015625
 30
0.0
 11
364.605712890625
 21
215.15313720703125
 31
0.0
  0
LINE
  5
307
330
17
100
AcDbEntity
  8
GEOMETRY
100
AcDbLine
 10
358.9365234375
 20
215.15313720703125
 30
0.0
 11
356.1019287109375
 21
215.15313720703125
 31
0.0
  0
LINE
  5
308
330
17
100
AcDbEntity
  8
GEOMETRY
100
AcDbLine
 10
356.1019287109375
 20
215.15313720703125
 30
0.0
 11
356.1019287109375
 21
215.40826416015625
 31
0.0
  0
LINE
  5
309
330
17
100
AcDbEntity
  8
GEOMETRY
100
AcDbLine
 10
356.1019287109375
 20
215.40826416015625
 30
0.0
 11
358.9365234375
 21
215.40826416015625
 31
0.0
  0
LINE
  5
30A
330
17
100
AcDbEntity
  8
GEOMETRY
100
AcDbLine
 10
358.9365234375
 20
215.40826416015625
 30
0.0
 11
358.9365234375
 21
215.15313720703125
 31
0.0
  0
LINE
  5
30B
330
17
100
AcDbEntity
  8
GEOMETRY
100
AcDbLine
 10
353.267333984375
 20
215.15313720703125
 30
0.0
 11
350.4327392578125
 21
215.15313720703125
 31
0.0
  0
LINE
  5
30C
330
17
100
AcDbEntity
  8
GEOMETRY
100
AcDbLine
 10
350.4327392578125
 20
215.15313720703125
 30
0.0
 11
350.4327392578125
 21
215.40826416015625
 31
0.0
  0
LINE
  5
30D
330
17
100
AcDbEntity
  8
GEOMETRY
100
AcDbLine
 10
350.4327392578125
 20
215.40826416015625
 30
0.0
 11
353.267333984375
 21
215.40826416015625
 31
0.0
  0
LINE
  5
30E
330
17
100
AcDbEntity
  8
GEOMETRY
100
AcDbLine
 10
353.267333984375
 20
215.40826416015625
 30
0.0
 11
353.267333984375
 21
215.15313720703125
 31
0.0
  0
LINE
  5
30F
330
17
100
AcDbEntity
  8
GEOMETRY
100
AcDbLine
 10
347.59814453125
 20
215.15313720703125
 30
0.0
 11
344.7635498046875
 21
215.15313720703125
 31
0.0
  0
LINE
  5
310
330
17
100
AcDbEntity
  8
GEOMETRY
100
AcDbLine
 10
344.7635498046875
 20
215.15313720703125
 30
0.0
 11
344.7635498046875
 21
215.40826416015625
 31
0.0
  0
LINE
  5
311
330
17
100
AcDbEntity
  8
GEOMETRY
100
AcDbLine
 10
344.7635498046875
 20
215.40826416015625
 30
0.0
 11
347.59814453125
 21
215.40826416015625
 31
0.0
  0
LINE
  5
312
330
17
100
AcDbEntity
  8
GEOMETRY
100
AcDbLine
 10
347.59814453125
 20
215.40826416015625
 30
0.0
 11
347.59814453125
 21
215.15313720703125
 31
0.0
  0
LINE
  5
313
330
17
100
AcDbEntity
  8
GEOMETRY
100
AcDbLine
 10
341.928955078125
 20
215.15313720703125
 30
0.0
 11
339.0943603515625
 21
215.15313720703125
 31
0.0
  0
LINE
  5
314
330
17
100
AcDbEntity
  8
GEOMETRY
100
AcDbLine
 10
339.0943603515625
 20
215.15313720703125
 30
0.0
 11
339.0943603515625
 21
215.40826416015625
 31
0.0
  0
LINE
  5
315
330
17
100
AcDbEntity
  8
GEOMETRY
100
AcDbLine
 10
339.0943603515625
 20
215.40826416015625
 30
0.0
 11
341.928955078125
 21
215.40826416015625
 31
0.0
  0
LINE
  5
316
330
17
100
AcDbEntity
  8
GEOMETRY
100
AcDbLine
 10
341.928955078125
 20
215.40826416015625
 30
0.0
 11
341.928955078125
 21
215.15313720703125
 31
0.0
  0
LINE
  5
317
330
17
100
AcDbEntity
  8
GEOMETRY
100
AcDbLine
 10
336.259765625
 20
215.15313720703125
 30
0.0
 11
333.4251708984375
 21
215.15313720703125
 31
0.0
  0
LINE
  5
318
330
17
100
AcDbEntity
  8
GEOMETRY
100
AcDbLine
 10
333.4251708984375
 20
215.15313720703125
 30
0.0
 11
333.4251708984375
 21
215.40826416015625
 31
0.0
  0
LINE
  5
319
330
17
100
AcDbEntity
  8
GEOMETRY
100
AcDbLine
 10
333.4251708984375
 20
215.40826416015625
 30
0.0
 11
336.259765625
 21
215.40826416015625
 31
0.0
  0
LINE
  5
31A
330
17
100
AcDbEntity
  8
GEOMETRY
100
AcDbLine
 10
336.259765625
 20
215.40826416015625
 30
0.0
 11
336.259765625
 21
215.15313720703125
 31
0.0
  0
LINE
  5
31B
330
17
100
AcDbEntity
  8
GEOMETRY
100
AcDbLine
 10
330.5905456542969
 20
215.15313720703125
 30
0.0
 11
327.7559509277344
 21
215.15313720703125
 31
0.0
  0
LINE
  5
31C
330
17
100
AcDbEntity
  8
GEOMETRY
100
AcDbLine
 10
327.7559509277344
 20
215.15313720703125
 30
0.0
 11
327.7559509277344
 21
215.40826416015625
 31
0.0
  0
LINE
  5
31D
330
17
100
AcDbEntity
  8
GEOMETRY
100
AcDbLine
 10
327.7559509277344
 20
215.40826416015625
 30
0.0
 11
330.5905456542969
 21
215.40826416015625
 31
0.0
  0
LINE
  5
31E
330
17
100
AcDbEntity
  8
GEOMETRY
100
AcDbLine
 10
330.5905456542969
 20
215.40826416015625
 30
0.0
 11
330.5905456542969
 21
215.15313720703125
 31
0.0
  0
LINE
  5
31F
330
17
100
AcDbEntity
  8
GEOMETRY
100
AcDbLine
 10
324.9213562011719
 20
215.15313720703125
 30
0.0
 11
322.0867614746094
 21
215.15313720703125
 31
0.0
  0
LINE
  5
320
330
17
100
AcDbEntity
  8
GEOMETRY
100
AcDbLine
 10
322.0867614746094
 20
215.15313720703125
 30
0.0
 11
322.0867614746094
 21
215.40826416015625
 31
0.0
  0
LINE
  5
321
330
17
100
AcDbEntity
  8
GEOMETRY
100
AcDbLine
 10
322.0867614746094
 20
215.40826416015625
 30
0.0
 11
324.9213562011719
 21
215.40826416015625
 31
0.0
  0
LINE
  5
322
330
17
100
AcDbEntity
  8
GEOMETRY
100
AcDbLine
 10
324.9213562011719
 20
215.40826416015625
 30
0.0
 11
324.9213562011719
 21
215.15313720703125
 31
0.0
  0
LINE
  5
323
330
17
100
AcDbEntity
  8
GEOMETRY
100
AcDbLine
 10
319.25213623046875
 20
215.15313720703125
 30
0.0
 11
316.41754150390625
 21
215.15313720703125
 31
0.0
  0
LINE
  5
324
330
17
100
AcDbEntity
  8
GEOMETRY
100
AcDbLine
 10
316.41754150390625
 20
215.15313720703125
 30
0.0
 11
316.41754150390625
 21
215.40826416015625
 31
0.0
  0
LINE
  5
325
330
17
100
AcDbEntity
  8
GEOMETRY
100
AcDbLine
 10
316.41754150390625
 20
215.40826416015625
 30
0.0
 11
319.25213623046875
 21
215.40826416015625
 31
0.0
  0
LINE
  5
326
330
17
100
AcDbEntity
  8
GEOMETRY
100
AcDbLine
 10
319.25213623046875
 20
215.40826416015625
 30
0.0
 11
319.25213623046875
 21
215.15313720703125
 31
0.0
  0
LINE
  5
327
330
17
100
AcDbEntity
  8
GEOMETRY
100
AcDbLine
 10
313.58294677734375
 20
215.15313720703125
 30
0.0
 11
310.74835205078125
 21
215.15313720703125
 31
0.0
  0
LINE
  5
328
330
17
100
AcDbEntity
  8
GEOMETRY
100
AcDbLine
 10
310.74835205078125
 20
215.15313720703125
 30
0.0
 11
310.74835205078125
 21
215.40826416015625
 31
0.0
  0
LINE
  5
329
330
17
100
AcDbEntity
  8
GEOMETRY
100
AcDbLine
 10
310.74835205078125
 20
215.40826416015625
 30
0.0
 11
313.58294677734375
 21
215.40826416015625
 31
0.0
  0
LINE
  5
32A
330
17
100
AcDbEntity
  8
GEOMETRY
100
AcDbLine
 10
313.58294677734375
 20
215.40826416015625
 30
0.0
 11
313.58294677734375
 21
215.15313720703125
 31
0.0
  0
LINE
  5
32B
330
17
100
AcDbEntity
  8
GEOMETRY
100
AcDbLine
 10
307.91375732421875
 20
215.15313720703125
 30
0.0
 11
305.07916259765625
 21
215.15313720703125
 31
0.0
  0
LINE
  5
32C
330
17
100
AcDbEntity
  8
GEOMETRY
100
AcDbLine
 10
305.07916259765625
 20
215.15313720703125
 30
0.0
 11
305.07916259765625
 21
215.40826416015625
 31
0.0
  0
LINE
  5
32D
330
17
100
AcDbEntity
  8
GEOMETRY
100
AcDbLine
 10
305.07916259765625
 20
215.40826416015625
 30
0.0
 11
307.91375732421875
 21
215.40826416015625
 31
0.0
  0
LINE
  5
32E
330
17
100
AcDbEntity
  8
GEOMETRY
100
AcDbLine
 10
307.91375732421875
 20
215.40826416015625
 30
0.0
 11
307.91375732421875
 21
215.15313720703125
 31
0.0
  0
LINE
  5
32F
330
17
100
AcDbEntity
  8
GEOMETRY
100
AcDbLine
 10
302.24456787109375
 20
215.15313720703125
 30
0.0
 11
299.40997314453125
 21
215.15313720703125
 31
0.0
  0
LINE
  5
330
330
17
100
AcDbEntity
  8
GEOMETRY
100
AcDbLine
 10
299.40997314453125
 20
215.15313720703125
 30
0.0
 11
299.40997314453125
 21
215.40826416015625
 31
0.0
  0
LINE
  5
331
330
17
100
AcDbEntity
  8
GEOMETRY
100
AcDbLine
 10
299.40997314453125
 20
215.40826416015625
 30
0.0
 11
302.24456787109375
 21
215.40826416015625
 31
0.0
  0
LINE
  5
332
330
17
100
AcDbEntity
  8
GEOMETRY
100
AcDbLine
 10
302.24456787109375
 20
215.40826416015625
 30
0.0
 11
302.24456787109375
 21
215.15313720703125
 31
0.0
  0
LINE
  5
333
330
17
100
AcDbEntity
  8
GEOMETRY
100
AcDbLine
 10
296.57537841796875
 20
215.15313720703125
 30
0.0
 11
293.74078369140625
 21
215.15313720703125
 31
0.0
  0
LINE
  5
334
330
17
100
AcDbEntity
  8
GEOMETRY
100
AcDbLine
 10
293.74078369140625
 20
215.15313720703125
 30
0.0
 11
293.74078369140625
 21
215.40826416015625
 31
0.0
  0
LINE
  5
335
330
17
100
AcDbEntity
  8
GEOMETRY
100
AcDbLine
 10
293.74078369140625
 20
215.40826416015625
 30
0.0
 11
296.57537841796875
 21
215.40826416015625
 31
0.0
  0
LINE
  5
336
330
17
100
AcDbEntity
  8
GEOMETRY
100
AcDbLine
 10
296.57537841796875
 20
215.40826416015625
 30
0.0
 11
296.57537841796875
 21
215.15313720703125
 31
0.0
  0
LINE
  5
337
330
17
100
AcDbEntity
  8
GEOMETRY
100
AcDbLine
 10
290.90618896484375
 20
215.15313720703125
 30
0.0
 11
288.07159423828125
 21
215.15313720703125
 31
0.0
  0
LINE
  5
338
330
17
100
AcDbEntity
  8
GEOMETRY
100
AcDbLine
 10
288.07159423828125
 20
215.15313720703125
 30
0.0
 11
288.07159423828125
 21
215.40826416015625
 31
0.0
  0
LINE
  5
339
330
17
100
AcDbEntity
  8
GEOMETRY
100
AcDbLine
 10
288.07159423828125
 20
215.40826416015625
 30
0.0
 11
290.90618896484375
 21
215.40826416015625
 31
0.0
  0
LINE
  5
33A
330
17
100
AcDbEntity
  8
GEOMETRY
100
AcDbLine
 10
290.90618896484375
 20
215.40826416015625
 30
0.0
 11
290.90618896484375
 21
215.15313720703125
 31
0.0
  0
LINE
  5
33B
330
17
100
AcDbEntity
  8
GEOMETRY
100
AcDbLine
 10
285.2369689941406
 20
215.15313720703125
 30
0.0
 11
282.4023742675781
 21
215.15313720703125
 31
0.0
  0
LINE
  5
33C
330
17
100
AcDbEntity
  8
GEOMETRY
100
AcDbLine
 10
282.4023742675781
 20
215.15313720703125
 30
0.0
 11
282.4023742675781
 21
215.40826416015625
 31
0.0
  0
LINE
  5
33D
330
17
100
AcDbEntity
  8
GEOMETRY
100
AcDbLine
 10
282.4023742675781
 20
215.40826416015625
 30
0.0
 11
285.2369689941406
 21
215.40826416015625
 31
0.0
  0
LINE
  5
33E
330
17
100
AcDbEntity
  8
GEOMETRY
100
AcDbLine
 10
285.2369689941406
 20
215.40826416015625
 30
0.0
 11
285.2369689941406
 21
215.15313720703125
 31
0.0
  0
LINE
  5
33F
330
17
100
AcDbEntity
  8
GEOMETRY
100
AcDbLine
 10
279.5677795410156
 20
215.15313720703125
 30
0.0
 11
276.7331848144531
 21
215.15313720703125
 31
0.0
  0
LINE
  5
340
330
17
100
AcDbEntity
  8
GEOMETRY
100
AcDbLine
 10
276.7331848144531
 20
215.15313720703125
 30
0.0
 11
276.7331848144531
 21
215.40826416015625
 31
0.0
  0
LINE
  5
341
330
17
100
AcDbEntity
  8
GEOMETRY
100
AcDbLine
 10
276.7331848144531
 20
215.40826416015625
 30
0.0
 11
279.5677795410156
 21
215.40826416015625
 31
0.0
  0
LINE
  5
342
330
17
100
AcDbEntity
  8
GEOMETRY
100
AcDbLine
 10
279.5677795410156
 20
215.40826416015625
 30
0.0
 11
279.5677795410156
 21
215.15313720703125
 31
0.0
  0
LINE
  5
343
330
17
100
AcDbEntity
  8
GEOMETRY
100
AcDbLine
 10
273.8985900878906
 20
215.15313720703125
 30
0.0
 11
271.0639953613281
 21
215.15313720703125
 31
0.0
  0
LINE
  5
344
330
17
100
AcDbEntity
  8
GEOMETRY
100
AcDbLine
 10
271.0639953613281
 20
215.15313720703125
 30
0.0
 11
271.0639953613281
 21
215.40826416015625
 31
0.0
  0
LINE
  5
345
330
17
100
AcDbEntity
  8
GEOMETRY
100
AcDbLine
 10
271.0639953613281
 20
215.40826416015625
 30
0.0
 11
273.8985900878906
 21
215.40826416015625
 31
0.0
  0
LINE
  5
346
330
17
100
AcDbEntity
  8
GEOMETRY
100
AcDbLine
 10
273.8985900878906
 20
215.40826416015625
 30
0.0
 11
273.8985900878906
 21
215.15313720703125
 31
0.0
  0
LINE
  5
347
330
17
100
AcDbEntity
  8
GEOMETRY
100
AcDbLine
 10
268.2293701171875
 20
215.15313720703125
 30
0.0
 11
265.394775390625
 21
215.15313720703125
 31
0.0
  0
LINE
  5
348
330
17
100
AcDbEntity
  8
GEOMETRY
100
AcDbLine
 10
265.394775390625
 20
215.15313720703125
 30
0.0
 11
265.394775390625
 21
215.40826416015625
 31
0.0
  0
LINE
  5
349
330
17
100
AcDbEntity
  8
GEOMETRY
100
AcDbLine
 10
265.394775390625
 20
215.40826416015625
 30
0.0
 11
268.2293701171875
 21
215.40826416015625
 31
0.0
  0
LINE
  5
34A
330
17
100
AcDbEntity
  8
GEOMETRY
100
AcDbLine
 10
268.2293701171875
 20
215.40826416015625
 30
0.0
 11
268.2293701171875
 21
215.15313720703125
 31
0.0
  0
LINE
  5
34B
330
17
100
AcDbEntity
  8
GEOMETRY
100
AcDbLine
 10
262.5601806640625
 20
215.15313720703125
 30
0.0
 11
259.7255859375
 21
215.15313720703125
 31
0.0
  0
LINE
  5
34C
330
17
100
AcDbEntity
  8
GEOMETRY
100
AcDbLine
 10
259.7255859375
 20
215.15313720703125
 30
0.0
 11
259.7255859375
 21
215.40826416015625
 31
0.0
  0
LINE
  5
34D
330
17
100
AcDbEntity
  8
GEOMETRY
100
AcDbLine
 10
259.7255859375
 20
215.40826416015625
 30
0.0
 11
262.5601806640625
 21
215.40826416015625
 31
0.0
  0
LINE
  5
34E
330
17
100
AcDbEntity
  8
GEOMETRY
100
AcDbLine
 10
262.5601806640625
 20
215.40826416015625
 30
0.0
 11
262.5601806640625
 21
215.15313720703125
 31
0.0
  0
LINE
  5
34F
330
17
100
AcDbEntity
  8
GEOMETRY
100
AcDbLine
 10
256.8909912109375
 20
215.15313720703125
 30
0.0
 11
254.056396484375
 21
215.15313720703125
 31
0.0
  0
LINE
  5
350
330
17
100
AcDbEntity
  8
GEOMETRY
100
AcDbLine
 10
254.056396484375
 20
215.15313720703125
 30
0.0
 11
254.056396484375
 21
215.40826416015625
 31
0.0
  0
LINE
  5
351
330
17
100
AcDbEntity
  8
GEOMETRY
100
AcDbLine
 10
254.056396484375
 20
215.40826416015625
 30
0.0
 11
256.8909912109375
 21
215.40826416015625
 31
0.0
  0
LINE
  5
352
330
17
100
AcDbEntity
  8
GEOMETRY
100
AcDbLine
 10
256.8909912109375
 20
215.40826416015625
 30
0.0
 11
256.8909912109375
 21
215.15313720703125
 31
0.0
  0
LINE
  5
353
330
17
100
AcDbEntity
  8
GEOMETRY
100
AcDbLine
 10
251.2218017578125
 20
215.15313720703125
 30
0.0
 11
248.38720703125
 21
215.15313720703125
 31
0.0
  0
LINE
  5
354
330
17
100
AcDbEntity
  8
GEOMETRY
100
AcDbLine
 10
248.38720703125
 20
215.15313720703125
 30
0.0
 11
248.38720703125
 21
215.40826416015625
 31
0.0
  0
LINE
  5
355
330
17
100
AcDbEntity
  8
GEOMETRY
100
AcDbLine
 10
248.38720703125
 20
215.40826416015625
 30
0.0
 11
251.2218017578125
 21
215.40826416015625
 31
0.0
  0
LINE
  5
356
330
17
100
AcDbEntity
  8
GEOMETRY
100
AcDbLine
 10
251.2218017578125
 20
215.40826416015625
 30
0.0
 11
251.2218017578125
 21
215.15313720703125
 31
0.0
  0
LINE
  5
357
330
17
100
AcDbEntity
  8
GEOMETRY
100
AcDbLine
 10
245.55259704589844
 20
215.15313720703125
 30
0.0
 11
242.71800231933594
 21
215.15313720703125
 31
0.0
  0
LINE
  5
358
330
17
100
AcDbEntity
  8
GEOMETRY
100
AcDbLine
 10
242.71800231933594
 20
215.15313720703125
 30
0.0
 11
242.71800231933594
 21
215.40826416015625
 31
0.0
  0
LINE
  5
359
330
17
100
AcDbEntity
  8
GEOMETRY
100
AcDbLine
 10
242.71800231933594
 20
215.40826416015625
 30
0.0
 11
245.55259704589844
 21
215.40826416015625
 31
0.0
  0
LINE
  5
35A
330
17
100
AcDbEntity
  8
GEOMETRY
100
AcDbLine
 10
245.55259704589844
 20
215.40826416015625
 30
0.0
 11
245.55259704589844
 21
215.15313720703125
 31
0.0
  0
LINE
  5
35B
330
17
100
AcDbEntity
  8
GEOMETRY
100
AcDbLine
 10
239.88340759277344
 20
215.15313720703125
 30
0.0
 11
237.04879760742188
 21
215.15313720703125
 31
0.0
  0
LINE
  5
35C
330
17
100
AcDbEntity
  8
GEOMETRY
100
AcDbLine
 10
237.04879760742188
 20
215.15313720703125
 30
0.0
 11
237.04879760742188
 21
215.40826416015625
 31
0.0
  0
LINE
  5
35D
330
17
100
AcDbEntity
  8
GEOMETRY
100
AcDbLine
 10
237.04879760742188
 20
215.40826416015625
 30
0.0
 11
239.88340759277344
 21
215.40826416015625
 31
0.0
  0
LINE
  5
35E
330
17
100
AcDbEntity
  8
GEOMETRY
100
AcDbLine
 10
239.88340759277344
 20
215.40826416015625
 30
0.0
 11
239.88340759277344
 21
215.15313720703125
 31
0.0
  0
LINE
  5
35F
330
17
100
AcDbEntity
  8
GEOMETRY
100
AcDbLine
 10
234.21420288085938
 20
215.15313720703125
 30
0.0
 11
231.37960815429688
 21
215.15313720703125
 31
0.0
  0
LINE
  5
360
330
17
100
AcDbEntity
  8
GEOMETRY
100
AcDbLine
 10
231.37960815429688
 20
215.15313720703125
 30
0.0
 11
231.37960815429688
 21
215.40826416015625
 31
0.0
  0
LINE
  5
361
330
17
100
AcDbEntity
  8
GEOMETRY
100
AcDbLine
 10
231.37960815429688
 20
215.40826416015625
 30
0.0
 11
234.21420288085938
 21
215.40826416015625
 31
0.0
  0
LINE
  5
362
330
17
100
AcDbEntity
  8
GEOMETRY
100
AcDbLine
 10
234.21420288085938
 20
215.40826416015625
 30
0.0
 11
234.21420288085938
 21
215.15313720703125
 31
0.0
  0
LINE
  5
363
330
17
100
AcDbEntity
  8
GEOMETRY
100
AcDbLine
 10
228.54501342773438
 20
215.15313720703125
 30
0.0
 11
225.71041870117188
 21
215.15313720703125
 31
0.0
  0
LINE
  5
364
330
17
100
AcDbEntity
  8
GEOMETRY
100
AcDbLine
 10
225.71041870117188
 20
215.15313720703125
 30
0.0
 11
225.71041870117188
 21
215.40826416015625
 31
0.0
  0
LINE
  5
365
330
17
100
AcDbEntity
  8
GEOMETRY
100
AcDbLine
 10
225.71041870117188
 20
215.40826416015625
 30
0.0
 11
228.54501342773438
 21
215.40826416015625
 31
0.0
  0
LINE
  5
366
330
17
100
AcDbEntity
  8
GEOMETRY
100
AcDbLine
 10
228.54501342773438
 20
215.40826416015625
 30
0.0
 11
228.54501342773438
 21
215.15313720703125
 31
0.0
  0
LINE
  5
367
330
17
100
AcDbEntity
  8
GEOMETRY
100
AcDbLine
 10
222.8758087158203
 20
215.15313720703125
 30
0.0
 11
220.0412139892578
 21
215.15313720703125
 31
0.0
  0
LINE
  5
368
330
17
100
AcDbEntity
  8
GEOMETRY
100
AcDbLine
 10
220.0412139892578
 20
215.15313720703125
 30
0.0
 11
220.0412139892578
 21
215.40826416015625
 31
0.0
  0
LINE
  5
369
330
17
100
AcDbEntity
  8
GEOMETRY
100
AcDbLine
 10
220.0412139892578
 20
215.40826416015625
 30
0.0
 11
222.8758087158203
 21
215.40826416015625
 31
0.0
  0
LINE
  5
36A
330
17
100
AcDbEntity
  8
GEOMETRY
100
AcDbLine
 10
222.8758087158203
 20
215.40826416015625
 30
0.0
 11
222.8758087158203
 21
215.15313720703125
 31
0.0
  0
LINE
  5
36B
330
17
100
AcDbEntity
  8
GEOMETRY
100
AcDbLine
 10
217.2066192626953
 20
215.15313720703125
 30
0.0
 11
214.3720245361328
 21
215.15313720703125
 31
0.0
  0
LINE
  5
36C
330
17
100
AcDbEntity
  8
GEOMETRY
100
AcDbLine
 10
214.3720245361328
 20
215.15313720703125
 30
0.0
 11
214.3720245361328
 21
215.40826416015625
 31
0.0
  0
LINE
  5
36D
330
17
100
AcDbEntity
  8
GEOMETRY
100
AcDbLine
 10
214.3720245361328
 20
215.40826416015625
 30
0.0
 11
217.2066192626953
 21
215.40826416015625
 31
0.0
  0
LINE
  5
36E
330
17
100
AcDbEntity
  8
GEOMETRY
100
AcDbLine
 10
217.2066192626953
 20
215.40826416015625
 30
0.0
 11
217.2066192626953
 21
215.15313720703125
 31
0.0
  0
LINE
  5
36F
330
17
100
AcDbEntity
  8
GEOMETRY
100
AcDbLine
 10
211.53741455078125
 20
215.15313720703125
 30
0.0
 11
208.70281982421875
 21
215.15313720703125
 31
0.0
  0
LINE
  5
370
330
17
100
AcDbEntity
  8
GEOMETRY
100
AcDbLine
 10
208.70281982421875
 20
215.15313720703125
 30
0.0
 11
208.70281982421875
 21
215.40826416015625
 31
0.0
  0
LINE
  5
371
330
17
100
AcDbEntity
  8
GEOMETRY
100
AcDbLine
 10
208.70281982421875
 20
215.40826416015625
 30
0.0
 11
211.53741455078125
 21
215.40826416015625
 31
0.0
  0
LINE
  5
372
330
17
100
AcDbEntity
  8
GEOMETRY
100
AcDbLine
 10
211.53741455078125
 20
215.40826416015625
 30
0.0
 11
211.53741455078125
 21
215.15313720703125
 31
0.0
  0
LINE
  5
373
330
17
100
AcDbEntity
  8
GEOMETRY
100
AcDbLine
 10
205.86822509765625
 20
215.15313720703125
 30
0.0
 11
203.03363037109375
 21
215.15313720703125
 31
0.0
  0
LINE
  5
374
330
17
100
AcDbEntity
  8
GEOMETRY
100
AcDbLine
 10
203.03363037109375
 20
215.15313720703125
 30
0.0
 11
203.03363037109375
 21
215.40826416015625
 31
0.0
  0
LINE
  5
375
330
17
100
AcDbEntity
  8
GEOMETRY
100
AcDbLine
 10
203.03363037109375
 20
215.40826416015625
 30
0.0
 11
205.86822509765625
 21
215.40826416015625
 31
0.0
  0
LINE
  5
376
330
17
100
AcDbEntity
  8
GEOMETRY
100
AcDbLine
 10
205.86822509765625
 20
215.40826416015625
 30
0.0
 11
205.86822509765625
 21
215.15313720703125
 31
0.0
  0
LINE
  5
377
330
17
100
AcDbEntity
  8
GEOMETRY
100
AcDbLine
 10
200.1990203857422
 20
215.15313720703125
 30
0.0
 11
197.3644256591797
 21
215.15313720703125
 31
0.0
  0
LINE
  5
378
330
17
100
AcDbEntity
  8
GEOMETRY
100
AcDbLine
 10
197.3644256591797
 20
215.15313720703125
 30
0.0
 11
197.3644256591797
 21
215.40826416015625
 31
0.0
  0
LINE
  5
379
330
17
100
AcDbEntity
  8
GEOMETRY
100
AcDbLine
 10
197.3644256591797
 20
215.40826416015625
 30
0.0
 11
200.1990203857422
 21
215.40826416015625
 31
0.0
  0
LINE
  5
37A
330
17
100
AcDbEntity
  8
GEOMETRY
100
AcDbLine
 10
200.1990203857422
 20
215.40826416015625
 30
0.0
 11
200.1990203857422
 21
215.15313720703125
 31
0.0
  0
LINE
  5
37B
330
17
100
AcDbEntity
  8
GEOMETRY
100
AcDbLine
 10
194.5298309326172
 20
215.15313720703125
 30
0.0
 11
191.6952362060547
 21
215.15313720703125
 31
0.0
  0
LINE
  5
37C
330
17
100
AcDbEntity
  8
GEOMETRY
100
AcDbLine
 10
191.6952362060547
 20
215.15313720703125
 30
0.0
 11
191.6952362060547
 21
215.40826416015625
 31
0.0
  0
LINE
  5
37D
330
17
100
AcDbEntity
  8
GEOMETRY
100
AcDbLine
 10
191.6952362060547
 20
215.40826416015625
 30
0.0
 11
194.5298309326172
 21
215.40826416015625
 31
0.0
  0
LINE
  5
37E
330
17
100
AcDbEntity
  8
GEOMETRY
100
AcDbLine
 10
194.5298309326172
 20
215.40826416015625
 30
0.0
 11
194.5298309326172
 21
215.15313720703125
 31
0.0
  0
LINE
  5
37F
330
17
100
AcDbEntity
  8
GEOMETRY
100
AcDbLine
 10
188.86062622070312
 20
215.15313720703125
 30
0.0
 11
186.02603149414062
 21
215.15313720703125
 31
0.0
  0
LINE
  5
380
330
17
100
AcDbEntity
  8
GEOMETRY
100
AcDbLine
 10
186.02603149414062
 20
215.15313720703125
 30
0.0
 11
186.02603149414062
 21
215.40826416015625
 31
0.0
  0
LINE
  5
381
330
17
100
AcDbEntity
  8
GEOMETRY
100
AcDbLine
 10
186.02603149414062
 20
215.40826416015625
 30
0.0
 11
188.86062622070312
 21
215.40826416015625
 31
0.0
  0
LINE
  5
382
330
17
100
AcDbEntity
  8
GEOMETRY
100
AcDbLine
 10
188.86062622070312
 20
215.40826416015625
 30
0.0
 11
188.86062622070312
 21
215.15313720703125
 31
0.0
  0
LINE
  5
383
330
17
100
AcDbEntity
  8
GEOMETRY
100
AcDbLine
 10
183.19143676757812
 20
215.15313720703125
 30
0.0
 11
181.64657592773438
 21
215.15313720703125
 31
0.0
  0
LINE
  5
384
330
17
100
AcDbEntity
  8
GEOMETRY
100
AcDbLine
 10
181.64657592773438
 20
215.15313720703125
 30
0.0
 11
181.64657592773438
 21
216.697998046875
 31
0.0
  0
LINE
  5
385
330
17
100
AcDbEntity
  8
GEOMETRY
100
AcDbLine
 10
181.64657592773438
 20
216.697998046875
 30
0.0
 11
181.9016876220703
 21
216.697998046875
 31
0.0
  0
LINE
  5
386
330
17
100
AcDbEntity
  8
GEOMETRY
100
AcDbLine
 10
181.9016876220703
 20
216.697998046875
 30
0.0
 11
181.9016876220703
 21
215.28070068359375
 31
0.0
  0
LINE
  5
387
330
17
100
AcDbEntity
  8
GEOMETRY
100
AcDbLine
 10
181.9016876220703
 20
215.28070068359375
 30
0.0
 11
181.77413940429688
 21
215.28070068359375
 31
0.0
  0
LINE
  5
388
330
17
100
AcDbEntity
  8
GEOMETRY
100
AcDbLine
 10
181.77413940429688
 20
215.28070068359375
 30
0.0
 11
181.77413940429688
 21
215.40826416015625
 31
0.0
  0
LINE
  5
389
330
17
100
AcDbEntity
  8
GEOMETRY
100
AcDbLine
 10
181.77413940429688
 20
215.40826416015625
 30
0.0
 11
183.19143676757812
 21
215.40826416015625
 31
0.0
  0
LINE
  5
38A
330
17
100
AcDbEntity
  8
GEOMETRY
100
AcDbLine
 10
183.19143676757812
 20
215.40826416015625
 30
0.0
 11
183.19143676757812
 21
215.15313720703125
 31
0.0
  0
LINE
  5
38B
330
17
100
AcDbEntity
  8
GEOMETRY
100
AcDbLine
 10
181.64657592773438
 20
219.5325927734375
 30
0.0
 11
181.64657592773438
 21
222.3671875
 31
0.0
  0
LINE
  5
38C
330
17
100
AcDbEntity
  8
GEOMETRY
100
AcDbLine
 10
181.64657592773438
 20
222.3671875
 30
0.0
 11
181.9016876220703
 21
222.3671875
 31
0.0
  0
LINE
  5
38D
330
17
100
AcDbEntity
  8
GEOMETRY
100
AcDbLine
 10
181.9016876220703
 20
222.3671875
 30
0.0
 11
181.9016876220703
 21
219.5325927734375
 31
0.0
  0
LINE
  5
38E
330
17
100
AcDbEntity
  8
GEOMETRY
100
AcDbLine
 10
181.9016876220703
 20
219.5325927734375
 30
0.0
 11
181.64657592773438
 21
219.5325927734375
 31
0.0
  0
LINE
  5
38F
330
17
100
AcDbEntity
  8
GEOMETRY
100
AcDbLine
 10
181.64657592773438
 20
225.2017822265625
 30
0.0
 11
181.64657592773438
 21
228.03640747070312
 31
0.0
  0
LINE
  5
390
330
17
100
AcDbEntity
  8
GEOMETRY
100
AcDbLine
 10
181.64657592773438
 20
228.03640747070312
 30
0.0
 11
181.9016876220703
 21
228.03640747070312
 31
0.0
  0
LINE
  5
391
330
17
100
AcDbEntity
  8
GEOMETRY
100
AcDbLine
 10
181.9016876220703
 20
228.03640747070312
 30
0.0
 11
181.9016876220703
 21
225.2017822265625
 31
0.0
  0
LINE
  5
392
330
17
100
AcDbEntity
  8
GEOMETRY
100
AcDbLine
 10
181.9016876220703
 20
225.2017822265625
 30
0.0
 11
181.64657592773438
 21
225.2017822265625
 31
0.0
  0
LINE
  5
393
330
17
100
AcDbEntity
  8
GEOMETRY
100
AcDbLine
 10
181.64657592773438
 20
230.87100219726562
 30
0.0
 11
181.64657592773438
 21
233.70559692382812
 31
0.0
  0
LINE
  5
394
330
17
100
AcDbEntity
  8
GEOMETRY
100
AcDbLine
 10
181.64657592773438
 20
233.70559692382812
 30
0.0
 11
181.9016876220703
 21
233.70559692382812
 31
0.0
  0
LINE
  5
395
330
17
100
AcDbEntity
  8
GEOMETRY
100
AcDbLine
 10
181.9016876220703
 20
233.70559692382812
 30
0.0
 11
181.9016876220703
 21
230.87100219726562
 31
0.0
  0
LINE
  5
396
330
17
100
AcDbEntity
  8
GEOMETRY
100
AcDbLine
 10
181.9016876220703
 20
230.87100219726562
 30
0.0
 11
181.64657592773438
 21
230.87100219726562
 31
0.0
  0
LINE
  5
397
330
17
100
AcDbEntity
  8
GEOMETRY
100
AcDbLine
 10
181.64657592773438
 20
236.54019165039062
 30
0.0
 11
181.64657592773438
 21
239.37481689453125
 31
0.0
  0
LINE
  5
398
330
17
100
AcDbEntity
  8
GEOMETRY
100
AcDbLine
 10
181.64657592773438
 20
239.37481689453125
 30
0.0
 11
181.9016876220703
 21
239.37481689453125
 31
0.0
  0
LINE
  5
399
330
17
100
AcDbEntity
  8
GEOMETRY
100
AcDbLine
 10
181.9016876220703
 20
239.37481689453125
 30
0.0
 11
181.9016876220703
 21
236.54019165039062
 31
0.0
  0
LINE
  5
39A
330
17
100
AcDbEntity
  8
GEOMETRY
100
AcDbLine
 10
181.9016876220703
 20
236.54019165039062
 30
0.0
 11
181.64657592773438
 21
236.54019165039062
 31
0.0
  0
LINE
  5
39B
330
17
100
AcDbEntity
  8
GEOMETRY
100
AcDbLine
 10
181.64657592773438
 20
242.20941162109375
 30
0.0
 11
181.64657592773438
 21
245.04400634765625
 31
0.0
  0
LINE
  5
39C
330
17
100
AcDbEntity
  8
GEOMETRY
100
AcDbLine
 10
181.64657592773438
 20
245.04400634765625
 30
0.0
 11
181.9016876220703
 21
245.04400634765625
 31
0.0
  0
LINE
  5
39D
330
17
100
AcDbEntity
  8
GEOMETRY
100
AcDbLine
 10
181.9016876220703
 20
245.04400634765625
 30
0.0
 11
181.9016876220703
 21
242.20941162109375
 31
0.0
  0
LINE
  5
39E
330
17
100
AcDbEntity
  8
GEOMETRY
100
AcDbLine
 10
181.9016876220703
 20
242.20941162109375
 30
0.0
 11
181.64657592773438
 21
242.20941162109375
 31
0.0
  0
LINE
  5
39F
330
17
100
AcDbEntity
  8
GEOMETRY
100
AcDbLine
 10
181.64657592773438
 20
247.87860107421875
 30
0.0
 11
181.64657592773438
 21
250.71319580078125
 31
0.0
  0
LINE
  5
3A0
330
17
100
AcDbEntity
  8
GEOMETRY
100
AcDbLine
 10
181.64657592773438
 20
250.71319580078125
 30
0.0
 11
181.9016876220703
 21
250.71319580078125
 31
0.0
  0
LINE
  5
3A1
330
17
100
AcDbEntity
  8
GEOMETRY
100
AcDbLine
 10
181.9016876220703
 20
250.71319580078125
 30
0.0
 11
181.9016876220703
 21
247.87860107421875
 31
0.0
  0
LINE
  5
3A2
330
17
100
AcDbEntity
  8
GEOMETRY
100
AcDbLine
 10
181.9016876220703
 20
247.87860107421875
 30
0.0
 11
181.64657592773438
 21
247.87860107421875
 31
0.0
  0
LINE
  5
3A3
330
17
100
AcDbEntity
  8
GEOMETRY
100
AcDbLine
 10
181.64657592773438
 20
253.54779052734375
 30
0.0
 11
181.64657592773438
 21
256.38238525390625
 31
0.0
  0
LINE
  5
3A4
330
17
100
AcDbEntity
  8
GEOMETRY
100
AcDbLine
 10
181.64657592773438
 20
256.38238525390625
 30
0.0
 11
181.9016876220703
 21
256.38238525390625
 31
0.0
  0
LINE
  5
3A5
330
17
100
AcDbEntity
  8
GEOMETRY
100
AcDbLine
 10
181.9016876220703
 20
256.38238525390625
 30
0.0
 11
181.9016876220703
 21
253.54779052734375
 31
0.0
  0
LINE
  5
3A6
330
17
100
AcDbEntity
  8
GEOMETRY
100
AcDbLine
 10
181.9016876220703
 20
253.54779052734375
 30
0.0
 11
181.64657592773438
 21
253.54779052734375
 31
0.0
  0
LINE
  5
3A7
330
17
100
AcDbEntity
  8
GEOMETRY
100
AcDbLine
 10
181.64657592773438
 20
259.21697998046875
 30
0.0
 11
181.64657592773438
 21
262.05157470703125
 31
0.0
  0
LINE
  5
3A8
330
17
100
AcDbEntity
  8
GEOMETRY
100
AcDbLine
 10
181.64657592773438
 20
262.05157470703125
 30
0.0
 11
181.9016876220703
 21
262.05157470703125
 31
0.0
  0
LINE
  5
3A9
330
17
100
AcDbEntity
  8
GEOMETRY
100
AcDbLine
 10
181.9016876220703
 20
262.05157470703125
 30
0.0
 11
181.9016876220703
 21
259.21697998046875
 31
0.0
  0
LINE
  5
3AA
330
17
100
AcDbEntity
  8
GEOMETRY
100
AcDbLine
 10
181.9016876220703
 20
259.21697998046875
 30
0.0
 11
181.64657592773438
 21
259.21697998046875
 31
0.0
  0
LINE
  5
3AB
330
17
100
AcDbEntity
  8
GEOMETRY
100
AcDbLine
 10
181.64657592773438
 20
264.88616943359375
 30
0.0
 11
181.64657592773438
 21
267.72076416015625
 31
0.0
  0
LINE
  5
3AC
330
17
100
AcDbEntity
  8
GEOMETRY
100
AcDbLine
 10
181.64657592773438
 20
267.72076416015625
 30
0.0
 11
181.9016876220703
 21
267.72076416015625
 31
0.0
  0
LINE
  5
3AD
330
17
100
AcDbEntity
  8
GEOMETRY
100
AcDbLine
 10
181.9016876220703
 20
267.72076416015625
 30
0.0
 11
181.9016876220703
 21
264.88616943359375
 31
0.0
  0
LINE
  5
3AE
330
17
100
AcDbEntity
  8
GEOMETRY
100
AcDbLine
 10
181.9016876220703
 20
264.88616943359375
 30
0.0
 11
181.64657592773438
 21
264.88616943359375
 31
0.0
  0
LINE
  5
3AF
330
17
100
AcDbEntity
  8
GEOMETRY
100
AcDbLine
 10
181.64657592773438
 20
270.55535888671875
 30
0.0
 11
181.64657592773438
 21
273.38995361328125
 31
0.0
  0
LINE
  5
3B0
330
17
100
AcDbEntity
  8
GEOMETRY
100
AcDbLine
 10
181.64657592773438
 20
273.38995361328125
 30
0.0
 11
181.9016876220703
 21
273.38995361328125
 31
0.0
  0
LINE
  5
3B1
330
17
100
AcDbEntity
  8
GEOMETRY
100
AcDbLine
 10
181.9016876220703
 20
273.38995361328125
 30
0.0
 11
181.9016876220703
 21
270.55535888671875
 31
0.0
  0
LINE
  5
3B2
330
17
100
AcDbEntity
  8
GEOMETRY
100
AcDbLine
 10
181.9016876220703
 20
270.55535888671875
 30
0.0
 11
181.64657592773438
 21
270.55535888671875
 31
0.0
  0
LINE
  5
3B3
330
17
100
AcDbEntity
  8
GEOMETRY
100
AcDbLine
 10
181.64657592773438
 20
276.2245788574219
 30
0.0
 11
181.64657592773438
 21
279.0591735839844
 31
0.0
  0
LINE
  5
3B4
330
17
100
AcDbEntity
  8
GEOMETRY
100
AcDbLine
 10
181.64657592773438
 20
279.0591735839844
 30
0.0
 11
181.9016876220703
 21
279.0591735839844
 31
0.0
  0
LINE
  5
3B5
330
17
100
AcDbEntity
  8
GEOMETRY
100
AcDbLine
 10
181.9016876220703
 20
279.0591735839844
 30
0.0
 11
181.9016876220703
 21
276.2245788574219
 31
0.0
  0
LINE
  5
3B6
330
17
100
AcDbEntity
  8
GEOMETRY
100
AcDbLine
 10
181.9016876220703
 20
276.2245788574219
 30
0.0
 11
181.64657592773438
 21
276.2245788574219
 31
0.0
  0
LINE
  5
3B7
330
17
100
AcDbEntity
  8
GEOMETRY
100
AcDbLine
 10
181.64657592773438
 20
281.8937683105469
 30
0.0
 11
181.64657592773438
 21
284.7283630371094
 31
0.0
  0
LINE
  5
3B8
330
17
100
AcDbEntity
  8
GEOMETRY
100
AcDbLine
 10
181.64657592773438
 20
284.7283630371094
 30
0.0
 11
181.9016876220703
 21
284.7283630371094
 31
0.0
  0
LINE
  5
3B9
330
17
100
AcDbEntity
  8
GEOMETRY
100
AcDbLine
 10
181.9016876220703
 20
284.7283630371094
 30
0.0
 11
181.9016876220703
 21
281.8937683105469
 31
0.0
  0
LINE
  5
3BA
330
17
100
AcDbEntity
  8
GEOMETRY
100
AcDbLine
 10
181.9016876220703
 20
281.8937683105469
 30
0.0
 11
181.64657592773438
 21
281.8937683105469
 31
0.0
  0
LINE
  5
3BB
330
17
100
AcDbEntity
  8
GEOMETRY
100
AcDbLine
 10
181.64657592773438
 20
287.56298828125
 30
0.0
 11
181.64657592773438
 21
290.3975830078125
 31
0.0
  0
LINE
  5
3BC
330
17
100
AcDbEntity
  8
GEOMETRY
100
AcDbLine
 10
181.64657592773438
 20
290.3975830078125
 30
0.0
 11
181.9016876220703
 21
290.3975830078125
 31
0.0
  0
LINE
  5
3BD
330
17
100
AcDbEntity
  8
GEOMETRY
100
AcDbLine
 10
181.9016876220703
 20
290.3975830078125
 30
0.0
 11
181.9016876220703
 21
287.56298828125
 31
0.0
  0
LINE
  5
3BE
330
17
100
AcDbEntity
  8
GEOMETRY
100
AcDbLine
 10
181.9016876220703
 20
287.56298828125
 30
0.0
 11
181.64657592773438
 21
287.56298828125
 31
0.0
  0
LINE
  5
3BF
330
17
100
AcDbEntity
  8
GEOMETRY
100
AcDbLine
 10
181.64657592773438
 20
293.232177734375
 30
0.0
 11
181.64657592773438
 21
296.0667724609375
 31
0.0
  0
LINE
  5
3C0
330
17
100
AcDbEntity
  8
GEOMETRY
100
AcDbLine
 10
181.64657592773438
 20
296.0667724609375
 30
0.0
 11
181.9016876220703
 21
296.0667724609375
 31
0.0
  0
LINE
  5
3C1
330
17
100
AcDbEntity
  8
GEOMETRY
100
AcDbLine
 10
181.9016876220703
 20
296.0667724609375
 30
0.0
 11
181.9016876220703
 21
293.232177734375
 31
0.0
  0
LINE
  5
3C2
330
17
100
AcDbEntity
  8
GEOMETRY
100
AcDbLine
 10
181.9016876220703
 20
293.232177734375
 30
0.0
 11
181.64657592773438
 21
293.232177734375
 31
0.0
  0
LINE
  5
3C3
330
17
100
AcDbEntity
  8
GEOMETRY
100
AcDbLine
 10
181.64657592773438
 20
298.9013671875
 30
0.0
 11
181.64657592773438
 21
301.7359619140625
 31
0.0
  0
LINE
  5
3C4
330
17
100
AcDbEntity
  8
GEOMETRY
100
AcDbLine
 10
181.64657592773438
 20
301.7359619140625
 30
0.0
 11
181.9016876220703
 21
301.7359619140625
 31
0.0
  0
LINE
  5
3C5
330
17
100
AcDbEntity
  8
GEOMETRY
100
AcDbLine
 10
181.9016876220703
 20
301.7359619140625
 30
0.0
 11
181.9016876220703
 21
298.9013671875
 31
0.0
  0
LINE
  5
3C6
330
17
100
AcDbEntity
  8
GEOMETRY
100
AcDbLine
 10
181.9016876220703
 20
298.9013671875
 30
0.0
 11
181.64657592773438
 21
298.9013671875
 31
0.0
  0
LINE
  5
3C7
330
17
100
AcDbEntity
  8
GEOMETRY
100
AcDbLine
 10
181.64657592773438
 20
304.570556640625
 30
0.0
 11
181.64657592773438
 21
307.4051513671875
 31
0.0
  0
LINE
  5
3C8
330
17
100
AcDbEntity
  8
GEOMETRY
100
AcDbLine
 10
181.64657592773438
 20
307.4051513671875
 30
0.0
 11
181.9016876220703
 21
307.4051513671875
 31
0.0
  0
LINE
  5
3C9
330
17
100
AcDbEntity
  8
GEOMETRY
100
AcDbLine
 10
181.9016876220703
 20
307.4051513671875
 30
0.0
 11
181.9016876220703
 21
304.570556640625
 31
0.0
  0
LINE
  5
3CA
330
17
100
AcDbEntity
  8
GEOMETRY
100
AcDbLine
 10
181.9016876220703
 20
304.570556640625
 30
0.0
 11
181.64657592773438
 21
304.570556640625
 31
0.0
  0
LINE
  5
3CB
330
17
100
AcDbEntity
  8
GEOMETRY
100
AcDbLine
 10
181.64657592773438
 20
310.23974609375
 30
0.0
 11
181.64657592773438
 21
313.0743408203125
 31
0.0
  0
LINE
  5
3CC
330
17
100
AcDbEntity
  8
GEOMETRY
100
AcDbLine
 10
181.64657592773438
 20
313.0743408203125
 30
0.0
 11
181.9016876220703
 21
313.0743408203125
 31
0.0
  0
LINE
  5
3CD
330
17
100
AcDbEntity
  8
GEOMETRY
100
AcDbLine
 10
181.9016876220703
 20
313.0743408203125
 30
0.0
 11
181.9016876220703
 21
310.23974609375
 31
0.0
  0
LINE
  5
3CE
330
17
100
AcDbEntity
  8
GEOMETRY
100
AcDbLine
 10
181.9016876220703
 20
310.23974609375
 30
0.0
 11
181.64657592773438
 21
310.23974609375
 31
0.0
  0
LINE
  5
3CF
330
17
100
AcDbEntity
  8
GEOMETRY
100
AcDbLine
 10
181.64657592773438
 20
315.908935546875
 30
0.0
 11
181.64657592773438
 21
318.7435302734375
 31
0.0
  0
LINE
  5
3D0
330
17
100
AcDbEntity
  8
GEOMETRY
100
AcDbLine
 10
181.64657592773438
 20
318.7435302734375
 30
0.0
 11
181.9016876220703
 21
318.7435302734375
 31
0.0
  0
LINE
  5
3D1
330
17
100
AcDbEntity
  8
GEOMETRY
100
AcDbLine
 10
181.9016876220703
 20
318.7435302734375
 30
0.0
 11
181.9016876220703
 21
315.908935546875
 31
0.0
  0
LINE
  5
3D2
330
17
100
AcDbEntity
  8
GEOMETRY
100
AcDbLine
 10
181.9016876220703
 20
315.908935546875
 30
0.0
 11
181.64657592773438
 21
315.908935546875
 31
0.0
  0
LINE
  5
3D3
330
17
100
AcDbEntity
  8
GEOMETRY
100
AcDbLine
 10
181.64657592773438
 20
321.578125
 30
0.0
 11
181.64657592773438
 21
324.4127502441406
 31
0.0
  0
LINE
  5
3D4
330
17
100
AcDbEntity
  8
GEOMETRY
100
AcDbLine
 10
181.64657592773438
 20
324.4127502441406
 30
0.0
 11
181.9016876220703
 21
324.4127502441406
 31
0.0
  0
LINE
  5
3D5
330
17
100
AcDbEntity
  8
GEOMETRY
100
AcDbLine
 10
181.9016876220703
 20
324.4127502441406
 30
0.0
 11
181.9016876220703
 21
321.578125
 31
0.0
  0
LINE
  5
3D6
330
17
100
AcDbEntity
  8
GEOMETRY
100
AcDbLine
 10
181.9016876220703
 20
321.578125
 30
0.0
 11
181.64657592773438
 21
321.578125
 31
0.0
  0
LINE
  5
3D7
330
17
100
AcDbEntity
  8
GEOMETRY
100
AcDbLine
 10
181.64657592773438
 20
327.2473449707031
 30
0.0
 11
181.64657592773438
 21
330.0819396972656
 31
0.0
  0
LINE
  5
3D8
330
17
100
AcDbEntity
  8
GEOMETRY
100
AcDbLine
 10
181.64657592773438
 20
330.0819396972656
 30
0.0
 11
181.9016876220703
 21
330.0819396972656
 31
0.0
  0
LINE
  5
3D9
330
17
100
AcDbEntity
  8
GEOMETRY
100
AcDbLine
 10
181.9016876220703
 20
330.0819396972656
 30
0.0
 11
181.9016876220703
 21
327.2473449707031
 31
0.0
  0
LINE
  5
3DA
330
17
100
AcDbEntity
  8
GEOMETRY
100
AcDbLine
 10
181.9016876220703
 20
327.2473449707031
 30
0.0
 11
181.64657592773438
 21
327.2473449707031
 31
0.0
  0
LINE
  5
3DB
330
17
100
AcDbEntity
  8
GEOMETRY
100
AcDbLine
 10
181.64657592773438
 20
332.9165344238281
 30
0.0
 11
181.64657592773438
 21
335.75115966796875
 31
0.0
  0
LINE
  5
3DC
330
17
100
AcDbEntity
  8
GEOMETRY
100
AcDbLine
 10
181.64657592773438
 20
335.75115966796875
 30
0.0
 11
181.9016876220703
 21
335.75115966796875
 31
0.0
  0
LINE
  5
3DD
330
17
100
AcDbEntity
  8
GEOMETRY
100
AcDbLine
 10
181.9016876220703
 20
335.75115966796875
 30
0.0
 11
181.9016876220703
 21
332.9165344238281
 31
0.0
  0
LINE
  5
3DE
330
17
100
AcDbEntity
  8
GEOMETRY
100
AcDbLine
 10
181.9016876220703
 20
332.9165344238281
 30
0.0
 11
181.64657592773438
 21
332.9165344238281
 31
0.0
  0
LINE
  5
3DF
330
17
100
AcDbEntity
  8
GEOMETRY
100
AcDbLine
 10
181.64657592773438
 20
338.58575439453125
 30
0.0
 11
181.64657592773438
 21
341.4203338623047
 31
0.0
  0
LINE
  5
3E0
330
17
100
AcDbEntity
  8
GEOMETRY
100
AcDbLine
 10
181.64657592773438
 20
341.4203338623047
 30
0.0
 11
181.9016876220703
 21
341.4203338623047
 31
0.0
  0
LINE
  5
3E1
330
17
100
AcDbEntity
  8
GEOMETRY
100
AcDbLine
 10
181.9016876220703
 20
341.4203338623047
 30
0.0
 11
181.9016876220703
 21
338.58575439453125
 31
0.0
  0
LINE
  5
3E2
330
17
100
AcDbEntity
  8
GEOMETRY
100
AcDbLine
 10
181.9016876220703
 20
338.58575439453125
 30
0.0
 11
181.64657592773438
 21
338.58575439453125
 31
0.0
  0
LINE
  5
3E3
330
17
100
AcDbEntity
  8
GEOMETRY
100
AcDbLine
 10
181.64657592773438
 20
344.25494384765625
 30
0.0
 11
181.64657592773438
 21
347.08953857421875
 31
0.0
  0
LINE
  5
3E4
330
17
100
AcDbEntity
  8
GEOMETRY
100
AcDbLine
 10
181.64657592773438
 20
347.08953857421875
 30
0.0
 11
181.9016876220703
 21
347.08953857421875
 31
0.0
  0
LINE
  5
3E5
330
17
100
AcDbEntity
  8
GEOMETRY
100
AcDbLine
 10
181.9016876220703
 20
347.08953857421875
 30
0.0
 11
181.9016876220703
 21
344.25494384765625
 31
0.0
  0
LINE
  5
3E6
330
17
100
AcDbEntity
  8
GEOMETRY
100
AcDbLine
 10
181.9016876220703
 20
344.25494384765625
 30
0.0
 11
181.64657592773438
 21
344.25494384765625
 31
0.0
  0
LINE
  5
3E7
330
17
100
AcDbEntity
  8
GEOMETRY
100
AcDbLine
 10
181.64657592773438
 20
349.92413330078125
 30
0.0
 11
181.64657592773438
 21
352.75872802734375
 31
0.0
  0
LINE
  5
3E8
330
17
100
AcDbEntity
  8
GEOMETRY
100
AcDbLine
 10
181.64657592773438
 20
352.75872802734375
 30
0.0
 11
181.9016876220703
 21
352.75872802734375
 31
0.0
  0
LINE
  5
3E9
330
17
100
AcDbEntity
  8
GEOMETRY
100
AcDbLine
 10
181.9016876220703
 20
352.75872802734375
 30
0.0
 11
181.9016876220703
 21
349.92413330078125
 31
0.0
  0
LINE
  5
3EA
330
17
100
AcDbEntity
  8
GEOMETRY
100
AcDbLine
 10
181.9016876220703
 20
349.92413330078125
 30
0.0
 11
181.64657592773438
 21
349.92413330078125
 31
0.0
  0
LINE
  5
3EB
330
17
100
AcDbEntity
  8
GEOMETRY
100
AcDbLine
 10
181.64657592773438
 20
355.59332275390625
 30
0.0
 11
181.64657592773438
 21
358.42791748046875
 31
0.0
  0
LINE
  5
3EC
330
17
100
AcDbEntity
  8
GEOMETRY
100
AcDbLine
 10
181.64657592773438
 20
358.42791748046875
 30
0.0
 11
181.9016876220703
 21
358.42791748046875
 31
0.0
  0
LINE
  5
3ED
330
17
100
AcDbEntity
  8
GEOMETRY
100
AcDbLine
 10
181.9016876220703
 20
358.42791748046875
 30
0.0
 11
181.9016876220703
 21
355.59332275390625
 31
0.0
  0
LINE
  5
3EE
330
17
100
AcDbEntity
  8
GEOMETRY
100
AcDbLine
 10
181.9016876220703
 20
355.59332275390625
 30
0.0
 11
181.64657592773438
 21
355.59332275390625
 31
0.0
  0
LINE
  5
3EF
330
17
100
AcDbEntity
  8
GEOMETRY
100
AcDbLine
 10
181.64657592773438
 20
361.2625427246094
 30
0.0
 11
181.64657592773438
 21
364.0971221923828
 31
0.0
  0
LINE
  5
3F0
330
17
100
AcDbEntity
  8
GEOMETRY
100
AcDbLine
 10
181.64657592773438
 20
364.0971221923828
 30
0.0
 11
181.9016876220703
 21
364.0971221923828
 31
0.0
  0
LINE
  5
3F1
330
17
100
AcDbEntity
  8
GEOMETRY
100
AcDbLine
 10
181.9016876220703
 20
364.0971221923828
 30
0.0
 11
181.9016876220703
 21
361.2625427246094
 31
0.0
  0
LINE
  5
3F2
330
17
100
AcDbEntity
  8
GEOMETRY
100
AcDbLine
 10
181.9016876220703
 20
361.2625427246094
 30
0.0
 11
181.64657592773438
 21
361.2625427246094
 31
0.0
  0
LINE
  5
3F3
330
17
100
AcDbEntity
  8
GEOMETRY
100
AcDbLine
 10
181.64657592773438
 20
366.9317169189453
 30
0.0
 11
181.64657592773438
 21
369.7663269042969
 31
0.0
  0
LINE
  5
3F4
330
17
100
AcDbEntity
  8
GEOMETRY
100
AcDbLine
 10
181.64657592773438
 20
369.7663269042969
 30
0.0
 11
181.9016876220703
 21
369.7663269042969
 31
0.0
  0
LINE
  5
3F5
330
17
100
AcDbEntity
  8
GEOMETRY
100
AcDbLine
 10
181.9016876220703
 20
369.7663269042969
 30
0.0
 11
181.9016876220703
 21
366.9317169189453
 31
0.0
  0
LINE
  5
3F6
330
17
100
AcDbEntity
  8
GEOMETRY
100
AcDbLine
 10
181.9016876220703
 20
366.9317169189453
 30
0.0
 11
181.64657592773438
 21
366.9317169189453
 31
0.0
  0
LINE
  5
3F7
330
17
100
AcDbEntity
  8
GEOMETRY
100
AcDbLine
 10
181.64657592773438
 20
372.6009216308594
 30
0.0
 11
181.64657592773438
 21
375.43553161621094
 31
0.0
  0
LINE
  5
3F8
330
17
100
AcDbEntity
  8
GEOMETRY
100
AcDbLine
 10
181.64657592773438
 20
375.43553161621094
 30
0.0
 11
181.9016876220703
 21
375.43553161621094
 31
0.0
  0
LINE
  5
3F9
330
17
100
AcDbEntity
  8
GEOMETRY
100
AcDbLine
 10
181.9016876220703
 20
375.43553161621094
 30
0.0
 11
181.9016876220703
 21
372.6009216308594
 31
0.0
  0
LINE
  5
3FA
330
17
100
AcDbEntity
  8
GEOMETRY
100
AcDbLine
 10
181.9016876220703
 20
372.6009216308594
 30
0.0
 11
181.64657592773438
 21
372.6009216308594
 31
0.0
  0
LINE
  5
3FB
330
17
100
AcDbEntity
  8
GEOMETRY
100
AcDbLine
 10
181.64657592773438
 20
378.2701110839844
 30
0.0
 11
181.64657592773438
 21
381.1047058105469
 31
0.0
  0
LINE
  5
3FC
330
17
100
AcDbEntity
  8
GEOMETRY
100
AcDbLine
 10
181.64657592773438
 20
381.1047058105469
 30
0.0
 11
181.9016876220703
 21
381.1047058105469
 31
0.0
  0
LINE
  5
3FD
330
17
100
AcDbEntity
  8
GEOMETRY
100
AcDbLine
 10
181.9016876220703
 20
381.1047058105469
 30
0.0
 11
181.9016876220703
 21
378.2701110839844
 31
0.0
  0
LINE
  5
3FE
330
17
100
AcDbEntity
  8
GEOMETRY
100
AcDbLine
 10
181.9016876220703
 20
378.2701110839844
 30
0.0
 11
181.64657592773438
 21
378.2701110839844
 31
0.0
  0
LINE
  5
3FF
330
17
100
AcDbEntity
  8
GEOMETRY
100
AcDbLine
 10
181.64657592773438
 20
383.9393005371094
 30
0.0
 11
181.64657592773438
 21
386.77391052246094
 31
0.0
  0
LINE
  5
400
330
17
100
AcDbEntity
  8
GEOMETRY
100
AcDbLine
 10
181.64657592773438
 20
386.77391052246094
 30
0.0
 11
181.9016876220703
 21
386.77391052246094
 31
0.0
  0
LINE
  5
401
330
17
100
AcDbEntity
  8
GEOMETRY
100
AcDbLine
 10
181.9016876220703
 20
386.77391052246094
 30
0.0
 11
181.9016876220703
 21
383.9393005371094
 31
0.0
  0
LINE
  5
402
330
17
100
AcDbEntity
  8
GEOMETRY
100
AcDbLine
 10
181.9016876220703
 20
383.9393005371094
 30
0.0
 11
181.64657592773438
 21
383.9393005371094
 31
0.0
  0
LINE
  5
403
330
17
100
AcDbEntity
  8
GEOMETRY
100
AcDbLine
 10
181.64657592773438
 20
389.6085205078125
 30
0.0
 11
181.64657592773438
 21
392.443115234375
 31
0.0
  0
LINE
  5
404
330
17
100
AcDbEntity
  8
GEOMETRY
100
AcDbLine
 10
181.64657592773438
 20
392.443115234375
 30
0.0
 11
181.9016876220703
 21
392.443115234375
 31
0.0
  0
LINE
  5
405
330
17
100
AcDbEntity
  8
GEOMETRY
100
AcDbLine
 10
181.9016876220703
 20
392.443115234375
 30
0.0
 11
181.9016876220703
 21
389.6085205078125
 31
0.0
  0
LINE
  5
406
330
17
100
AcDbEntity
  8
GEOMETRY
100
AcDbLine
 10
181.9016876220703
 20
389.6085205078125
 30
0.0
 11
181.64657592773438
 21
389.6085205078125
 31
0.0
  0
LINE
  5
407
330
17
100
AcDbEntity
  8
GEOMETRY
100
AcDbLine
 10
181.64657592773438
 20
395.2777099609375
 30
0.0
 11
181.64657592773438
 21
398.1123046875
 31
0.0
  0
LINE
  5
408
330
17
100
AcDbEntity
  8
GEOMETRY
100
AcDbLine
 10
181.64657592773438
 20
398.1123046875
 30
0.0
 11
181.9016876220703
 21
398.1123046875
 31
0.0
  0
LINE
  5
409
330
17
100
AcDbEntity
  8
GEOMETRY
100
AcDbLine
 10
181.9016876220703
 20
398.1123046875
 30
0.0
 11
181.9016876220703
 21
395.2777099609375
 31
0.0
  0
LINE
  5
40A
330
17
100
AcDbEntity
  8
GEOMETRY
100
AcDbLine
 10
181.9016876220703
 20
395.2777099609375
 30
0.0
 11
181.64657592773438
 21
395.2777099609375
 31
0.0
  0
LINE
  5
40B
330
17
100
AcDbEntity
  8
GEOMETRY
100
AcDbLine
 10
181.64657592773438
 20
400.9468994140625
 30
0.0
 11
181.64657592773438
 21
403.78150939941406
 31
0.0
  0
LINE
  5
40C
330
17
100
AcDbEntity
  8
GEOMETRY
100
AcDbLine
 10
181.64657592773438
 20
403.78150939941406
 30
0.0
 11
181.9016876220703
 21
403.78150939941406
 31
0.0
  0
LINE
  5
40D
330
17
100
AcDbEntity
  8
GEOMETRY
100
AcDbLine
 10
181.9016876220703
 20
403.78150939941406
 30
0.0
 11
181.9016876220703
 21
400.9468994140625
 31
0.0
  0
LINE
  5
40E
330
17
100
AcDbEntity
  8
GEOMETRY
100
AcDbLine
 10
181.9016876220703
 20
400.9468994140625
 30
0.0
 11
181.64657592773438
 21
400.9468994140625
 31
0.0
  0
LINE
  5
40F
330
17
100
AcDbEntity
  8
GEOMETRY
100
AcDbLine
 10
181.64657592773438
 20
406.6160888671875
 30
0.0
 11
181.64657592773438
 21
409.45069885253906
 31
0.0
  0
LINE
  5
410
330
17
100
AcDbEntity
  8
GEOMETRY
100
AcDbLine
 10
181.64657592773438
 20
409.45069885253906
 30
0.0
 11
181.9016876220703
 21
409.45069885253906
 31
0.0
  0
LINE
  5
411
330
17
100
AcDbEntity
  8
GEOMETRY
100
AcDbLine
 10
181.9016876220703
 20
409.45069885253906
 30
0.0
 11
181.9016876220703
 21
406.6160888671875
 31
0.0
  0
LINE
  5
412
330
17
100
AcDbEntity
  8
GEOMETRY
100
AcDbLine
 10
181.9016876220703
 20
406.6160888671875
 30
0.0
 11
181.64657592773438
 21
406.6160888671875
 31
0.0
  0
LINE
  5
413
330
17
100
AcDbEntity
  8
GEOMETRY
100
AcDbLine
 10
181.64657592773438
 20
412.28529357910156
 30
0.0
 11
181.64657592773438
 21
415.11988830566406
 31
0.0
  0
LINE
  5
414
330
17
100
AcDbEntity
  8
GEOMETRY
100
AcDbLine
 10
181.64657592773438
 20
415.11988830566406
 30
0.0
 11
181.9016876220703
 21
415.11988830566406
 31
0.0
  0
LINE
  5
415
330
17
100
AcDbEntity
  8
GEOMETRY
100
AcDbLine
 10
181.9016876220703
 20
415.11988830566406
 30
0.0
 11
181.9016876220703
 21
412.28529357910156
 31
0.0
  0
LINE
  5
416
330
17
100
AcDbEntity
  8
GEOMETRY
100
AcDbLine
 10
181.9016876220703
 20
412.28529357910156
 30
0.0
 11
181.64657592773438
 21
412.28529357910156
 31
0.0
  0
LINE
  5
417
330
17
100
AcDbEntity
  8
GEOMETRY
100
AcDbLine
 10
181.64657592773438
 20
417.9544982910156
 30
0.0
 11
181.64657592773438
 21
420.7890930175781
 31
0.0
  0
LINE
  5
418
330
17
100
AcDbEntity
  8
GEOMETRY
100
AcDbLine
 10
181.64657592773438
 20
420.7890930175781
 30
0.0
 11
181.9016876220703
 21
420.7890930175781
 31
0.0
  0
LINE
  5
419
330
17
100
AcDbEntity
  8
GEOMETRY
100
AcDbLine
 10
181.9016876220703
 20
420.7890930175781
 30
0.0
 11
181.9016876220703
 21
417.9544982910156
 31
0.0
  0
LINE
  5
41A
330
17
100
AcDbEntity
  8
GEOMETRY
100
AcDbLine
 10
181.9016876220703
 20
417.9544982910156
 30
0.0
 11
181.64657592773438
 21
417.9544982910156
 31
0.0
  0
LINE
  5
41B
330
17
100
AcDbEntity
  8
GEOMETRY
100
AcDbLine
 10
181.64657592773438
 20
423.6236877441406
 30
0.0
 11
181.64657592773438
 21
426.4582824707031
 31
0.0
  0
LINE
  5
41C
330
17
100
AcDbEntity
  8
GEOMETRY
100
AcDbLine
 10
181.64657592773438
 20
426.4582824707031
 30
0.0
 11
181.9016876220703
 21
426.4582824707031
 31
0.0
  0
LINE
  5
41D
330
17
100
AcDbEntity
  8
GEOMETRY
100
AcDbLine
 10
181.9016876220703
 20
426.4582824707031
 30
0.0
 11
181.9016876220703
 21
423.6236877441406
 31
0.0
  0
LINE
  5
41E
330
17
100
AcDbEntity
  8
GEOMETRY
100
AcDbLine
 10
181.9016876220703
 20
423.6236877441406
 30
0.0
 11
181.64657592773438
 21
423.6236877441406
 31
0.0
  0
LINE
  5
41F
330
17
100
AcDbEntity
  8
GEOMETRY
100
AcDbLine
 10
181.64657592773438
 20
429.2928771972656
 30
0.0
 11
181.64657592773438
 21
432.1274871826172
 31
0.0
  0
LINE
  5
420
330
17
100
AcDbEntity
  8
GEOMETRY
100
AcDbLine
 10
181.64657592773438
 20
432.1274871826172
 30
0.0
 11
181.9016876220703
 21
432.1274871826172
 31
0.0
  0
LINE
  5
421
330
17
100
AcDbEntity
  8
GEOMETRY
100
AcDbLine
 10
181.9016876220703
 20
432.1274871826172
 30
0.0
 11
181.9016876220703
 21
429.2928771972656
 31
0.0
  0
LINE
  5
422
330
17
100
AcDbEntity
  8
GEOMETRY
100
AcDbLine
 10
181.9016876220703
 20
429.2928771972656
 30
0.0
 11
181.64657592773438
 21
429.2928771972656
 31
0.0
  0
LINE
  5
423
330
17
100
AcDbEntity
  8
GEOMETRY
100
AcDbLine
 10
181.64657592773438
 20
434.9620819091797
 30
0.0
 11
181.64657592773438
 21
437.7966766357422
 31
0.0
  0
LINE
  5
424
330
17
100
AcDbEntity
  8
GEOMETRY
100
AcDbLine
 10
181.64657592773438
 20
437.7966766357422
 30
0.0
 11
181.9016876220703
 21
437.7966766357422
 31
0.0
  0
LINE
  5
425
330
17
100
AcDbEntity
  8
GEOMETRY
100
AcDbLine
 10
181.9016876220703
 20
437.7966766357422
 30
0.0
 11
181.9016876220703
 21
434.9620819091797
 31
0.0
  0
LINE
  5
426
330
17
100
AcDbEntity
  8
GEOMETRY
100
AcDbLine
 10
181.9016876220703
 20
434.9620819091797
 30
0.0
 11
181.64657592773438
 21
434.9620819091797
 31
0.0
  0
LINE
  5
427
330
17
100
AcDbEntity
  8
GEOMETRY
100
AcDbLine
 10
181.64657592773438
 20
440.6312713623047
 30
0.0
 11
181.64657592773438
 21
443.46588134765625
 31
0.0
  0
LINE
  5
428
330
17
100
AcDbEntity
  8
GEOMETRY
100
AcDbLine
 10
181.64657592773438
 20
443.46588134765625
 30
0.0
 11
181.9016876220703
 21
443.46588134765625
 31
0.0
  0
LINE
  5
429
330
17
100
AcDbEntity
  8
GEOMETRY
100
AcDbLine
 10
181.9016876220703
 20
443.46588134765625
 30
0.0
 11
181.9016876220703
 21
440.6312713623047
 31
0.0
  0
LINE
  5
42A
330
17
100
AcDbEntity
  8
GEOMETRY
100
AcDbLine
 10
181.9016876220703
 20
440.6312713623047
 30
0.0
 11
181.64657592773438
 21
440.6312713623047
 31
0.0
  0
LINE
  5
42B
330
17
100
AcDbEntity
  8
GEOMETRY
100
AcDbLine
 10
181.64657592773438
 20
446.30047607421875
 30
0.0
 11
181.64657592773438
 21
449.13507080078125
 31
0.0
  0
LINE
  5
42C
330
17
100
AcDbEntity
  8
GEOMETRY
100
AcDbLine
 10
181.64657592773438
 20
449.13507080078125
 30
0.0
 11
181.9016876220703
 21
449.13507080078125
 31
0.0
  0
LINE
  5
42D
330
17
100
AcDbEntity
  8
GEOMETRY
100
AcDbLine
 10
181.9016876220703
 20
449.13507080078125
 30
0.0
 11
181.9016876220703
 21
446.30047607421875
 31
0.0
  0
LINE
  5
42E
330
17
100
AcDbEntity
  8
GEOMETRY
100
AcDbLine
 10
181.9016876220703
 20
446.30047607421875
 30
0.0
 11
181.64657592773438
 21
446.30047607421875
 31
0.0
  0
LINE
  5
42F
330
17
100
AcDbEntity
  8
GEOMETRY
100
AcDbLine
 10
181.64657592773438
 20
451.96966552734375
 30
0.0
 11
181.64657592773438
 21
454.8042755126953
 31
0.0
  0
LINE
  5
430
330
17
100
AcDbEntity
  8
GEOMETRY
100
AcDbLine
 10
181.64657592773438
 20
454.8042755126953
 30
0.0
 11
181.9016876220703
 21
454.8042755126953
 31
0.0
  0
LINE
  5
431
330
17
100
AcDbEntity
  8
GEOMETRY
100
AcDbLine
 10
181.9016876220703
 20
454.8042755126953
 30
0.0
 11
181.9016876220703
 21
451.96966552734375
 31
0.0
  0
LINE
  5
432
330
17
100
AcDbEntity
  8
GEOMETRY
100
AcDbLine
 10
181.9016876220703
 20
451.96966552734375
 30
0.0
 11
181.64657592773438
 21
451.96966552734375
 31
0.0
  0
LINE
  5
433
330
17
100
AcDbEntity
  8
GEOMETRY
100
AcDbLine
 10
181.64657592773438
 20
457.6388702392578
 30
0.0
 11
181.64657592773438
 21
460.4734649658203
 31
0.0
  0
LINE
  5
434
330
17
100
AcDbEntity
  8
GEOMETRY
100
AcDbLine
 10
181.64657592773438
 20
460.4734649658203
 30
0.0
 11
181.9016876220703
 21
460.4734649658203
 31
0.0
  0
LINE
  5
435
330
17
100
AcDbEntity
  8
GEOMETRY
100
AcDbLine
 10
181.9016876220703
 20
460.4734649658203
 30
0.0
 11
181.9016876220703
 21
457.6388702392578
 31
0.0
  0
LINE
  5
436
330
17
100
AcDbEntity
  8
GEOMETRY
100
AcDbLine
 10
181.9016876220703
 20
457.6388702392578
 30
0.0
 11
181.64657592773438
 21
457.6388702392578
 31
0.0
  0
LINE
  5
437
330
17
100
AcDbEntity
  8
GEOMETRY
100
AcDbLine
 10
181.64657592773438
 20
463.3080596923828
 30
0.0
 11
181.64657592773438
 21
466.1426696777344
 31
0.0
  0
LINE
  5
438
330
17
100
AcDbEntity
  8
GEOMETRY
100
AcDbLine
 10
181.64657592773438
 20
466.1426696777344
 30
0.0
 11
181.9016876220703
 21
466.1426696777344
 31
0.0
  0
LINE
  5
439
330
17
100
AcDbEntity
  8
GEOMETRY
100
AcDbLine
 10
181.9016876220703
 20
466.1426696777344
 30
0.0
 11
181.9016876220703
 21
463.3080596923828
 31
0.0
  0
LINE
  5
43A
330
17
100
AcDbEntity
  8
GEOMETRY
100
AcDbLine
 10
181.9016876220703
 20
463.3080596923828
 30
0.0
 11
181.64657592773438
 21
463.3080596923828
 31
0.0
  0
LINE
  5
43B
330
17
100
AcDbEntity
  8
GEOMETRY
100
AcDbLine
 10
181.64657592773438
 20
468.9772644042969
 30
0.0
 11
181.64657592773438
 21
471.8118591308594
 31
0.0
  0
LINE
  5
43C
330
17
100
AcDbEntity
  8
GEOMETRY
100
AcDbLine
 10
181.64657592773438
 20
471.8118591308594
 30
0.0
 11
181.9016876220703
 21
471.8118591308594
 31
0.0
  0
LINE
  5
43D
330
17
100
AcDbEntity
  8
GEOMETRY
100
AcDbLine
 10
181.9016876220703
 20
471.8118591308594
 30
0.0
 11
181.9016876220703
 21
468.9772644042969
 31
0.0
  0
LINE
  5
43E
330
17
100
AcDbEntity
  8
GEOMETRY
100
AcDbLine
 10
181.9016876220703
 20
468.9772644042969
 30
0.0
 11
181.64657592773438
 21
468.9772644042969
 31
0.0
  0
LINE
  5
43F
330
17
100
AcDbEntity
  8
GEOMETRY
100
AcDbLine
 10
687.7499389648438
 20
216.697998046875
 30
0.0
 11
687.7499389648438
 21
471.8118591308594
 31
0.0
  0
LINE
  5
440
330
17
100
AcDbEntity
  8
GEOMETRY
100
AcDbLine
 10
690.5845336914062
 20
216.697998046875
 30
0.0
 11
684.9153442382812
 21
216.697998046875
 31
0.0
  0
LINE
  5
441
330
17
100
AcDbEntity
  8
GEOMETRY
100
AcDbLine
 10
689.167236328125
 20
215.28070068359375
 30
0.0
 11
686.3326416015625
 21
218.11529541015625
 31
0.0
  0
LINE
  5
442
330
17
100
AcDbEntity
  8
GEOMETRY
100
AcDbLine
 10
690.5845336914062
 20
471.8118591308594
 30
0.0
 11
684.9153442382812
 21
471.8118591308594
 31
0.0
  0
LINE
  5
443
330
17
100
AcDbEntity
  8
GEOMETRY
100
AcDbLine
 10
689.167236328125
 20
470.3945617675781
 30
0.0
 11
686.3326416015625
 21
473.2291564941406
 31
0.0
  0
LINE
  5
444
330
17
100
AcDbEntity
  8
GEOMETRY
100
AcDbLine
 10
183.19143676757812
 20
165.67523193359375
 30
0.0
 11
636.7271728515625
 21
165.67523193359375
 31
0.0
  0
LINE
  5
445
330
17
100
AcDbEntity
  8
GEOMETRY
100
AcDbLine
 10
183.19143676757812
 20
162.84063720703125
 30
0.0
 11
183.19143676757812
 21
168.50982666015625
 31
0.0
  0
LINE
  5
446
330
17
100
AcDbEntity
  8
GEOMETRY
100
AcDbLine
 10
181.77413940429688
 20
164.2579345703125
 30
0.0
 11
184.60873413085938
 21
167.092529296875
 31
0.0
  0
LINE
  5
447
330
17
100
AcDbEntity
  8
GEOMETRY
100
AcDbLine
 10
636.7271728515625
 20
162.84063720703125
 30
0.0
 11
636.7271728515625
 21
168.50982666015625
 31
0.0
  0
LINE
  5
448
330
17
100
AcDbEntity
  8
GEOMETRY
100
AcDbLine
 10
635.3098754882812
 20
164.2579345703125
 30
0.0
 11
638.1444702148438
 21
167.092529296875
 31
0.0
  0
LINE
  5
449
330
17
100
AcDbEntity
  8
GEOMETRY
100
AcDbLine
 10
183.19143676757812
 20
514.3308334350586
 30
0.0
 11
353.267333984375
 21
514.3308334350586
 31
0.0
  0
LINE
  5
44A
330
17
100
AcDbEntity
  8
GEOMETRY
100
AcDbLine
 10
183.19143676757812
 20
511.49623107910156
 30
0.0
 11
183.19143676757812
 21
517.1654357910156
 31
0.0
  0
LINE
  5
44B
330
17
100
AcDbEntity
  8
GEOMETRY
100
AcDbLine
 10
181.77413940429688
 20
512.9135360717773
 30
0.0
 11
184.60873413085938
 21
515.7481384277344
 31
0.0
  0
LINE
  5
44C
330
17
100
AcDbEntity
  8
GEOMETRY
100
AcDbLine
 10
353.267333984375
 20
511.49623107910156
 30
0.0
 11
353.267333984375
 21
517.1654357910156
 31
0.0
  0
LINE
  5
44D
330
17
100
AcDbEntity
  8
GEOMETRY
100
AcDbLine
 10
351.85003662109375
 20
512.9135360717773
 30
0.0
 11
354.68463134765625
 21
515.7481384277344
 31
0.0
  0
LINE
  5
44E
330
17
100
AcDbEntity
  8
GEOMETRY
100
AcDbLine
 10
353.267333984375
 20
514.3308334350586
 30
0.0
 11
452.478271484375
 21
514.3308334350586
 31
0.0
  0
LINE
  5
44F
330
17
100
AcDbEntity
  8
GEOMETRY
100
AcDbLine
 10
353.267333984375
 20
511.49623107910156
 30
0.0
 11
353.267333984375
 21
517.1654357910156
 31
0.0
  0
LINE
  5
450
330
17
100
AcDbEntity
  8
GEOMETRY
100
AcDbLine
 10
351.85003662109375
 20
512.9135360717773
 30
0.0
 11
354.68463134765625
 21
515.7481384277344
 31
0.0
  0
LINE
  5
451
330
17
100
AcDbEntity
  8
GEOMETRY
100
AcDbLine
 10
452.478271484375
 20
511.49623107910156
 30
0.0
 11
452.478271484375
 21
517.1654357910156
 31
0.0
  0
LINE
  5
452
330
17
100
AcDbEntity
  8
GEOMETRY
100
AcDbLine
 10
451.06097412109375
 20
512.9135360717773
 30
0.0
 11
453.89556884765625
 21
515.7481384277344
 31
0.0
  0
LINE
  5
453
330
17
100
AcDbEntity
  8
GEOMETRY
100
AcDbLine
 10
452.478271484375
 20
514.3308334350586
 30
0.0
 11
551.689208984375
 21
514.3308334350586
 31
0.0
  0
LINE
  5
454
330
17
100
AcDbEntity
  8
GEOMETRY
100
AcDbLine
 10
452.478271484375
 20
511.49623107910156
 30
0.0
 11
452.478271484375
 21
517.1654357910156
 31
0.0
  0
LINE
  5
455
330
17
100
AcDbEntity
  8
GEOMETRY
100
AcDbLine
 10
451.06097412109375
 20
512.9135360717773
 30
0.0
 11
453.89556884765625
 21
515.7481384277344
 31
0.0
  0
LINE
  5
456
330
17
100
AcDbEntity
  8
GEOMETRY
100
AcDbLine
 10
551.689208984375
 20
511.49623107910156
 30
0.0
 11
551.689208984375
 21
517.1654357910156
 31
0.0
  0
LINE
  5
457
330
17
100
AcDbEntity
  8
GEOMETRY
100
AcDbLine
 10
550.2719116210938
 20
512.9135360717773
 30
0.0
 11
553.1065063476562
 21
515.7481384277344
 31
0.0
  0
LINE
  5
458
330
17
100
AcDbEntity
  8
GEOMETRY
100
AcDbLine
 10
551.689208984375
 20
514.3308334350586
 30
0.0
 11
636.7271728515625
 21
514.3308334350586
 31
0.0
  0
LINE
  5
459
330
17
100
AcDbEntity
  8
GEOMETRY
100
AcDbLine
 10
551.689208984375
 20
511.49623107910156
 30
0.0
 11
551.689208984375
 21
517.1654357910156
 31
0.0
  0
LINE
  5
45A
330
17
100
AcDbEntity
  8
GEOMETRY
100
AcDbLine
 10
550.2719116210938
 20
512.9135360717773
 30
0.0
 11
553.1065063476562
 21
515.7481384277344
 31
0.0
  0
LINE
  5
45B
330
17
100
AcDbEntity
  8
GEOMETRY
100
AcDbLine
 10
636.7271728515625
 20
511.49623107910156
 30
0.0
 11
636.7271728515625
 21
517.1654357910156
 31
0.0
  0
LINE
  5
45C
330
17
100
AcDbEntity
  8
GEOMETRY
100
AcDbLine
 10
635.3098754882812
 20
512.9135360717773
 30
0.0
 11
638.1444702148438
 21
515.7481384277344
 31
0.0
  0
LWPOLYLINE
  5
45D
330
17
100
AcDbEntity
  8
GEOMETRY
100
AcDbPolyline
 90
4
 70
1
 10
183.19143676757812
 20
471.8118591308594
 10
636.7271728515625
 20
471.8118591308594
 10
636.7271728515625
 20
467.5599670410156
 10
183.19143676757812
 20
467.5599670410156
  0
LWPOLYLINE
  5
45E
330
17
100
AcDbEntity
  8
GEOMETRY
100
AcDbPolyline
 90
4
 70
1
 10
183.19143676757812
 20
220.94989013671875
 10
636.7271728515625
 20
220.94989013671875
 10
636.7271728515625
 20
216.697998046875
 10
183.19143676757812
 20
216.697998046875
  0
LINE
  5
45F
330
17
100
AcDbEntity
  8
GEOMETRY
100
AcDbLine
 10
352.5586853027344
 20
471.8118591308594
 30
0.0
 11
352.5586853027344
 21
467.5599670410156
 31
0.0
  0
LINE
  5
460
330
17
100
AcDbEntity
  8
GEOMETRY
100
AcDbLine
 10
352.5586853027344
 20
467.5599670410156
 30
0.0
 11
188.86062622070312
 21
467.5599670410156
 31
0.0
  0
LINE
  5
461
330
17
100
AcDbEntity
  8
GEOMETRY
100
AcDbLine
 10
188.86062622070312
 20
467.5599670410156
 30
0.0
 11
188.86062622070312
 21
471.8118591308594
 31
0.0
  0
LINE
  5
462
330
17
100
AcDbEntity
  8
GEOMETRY
100
AcDbLine
 10
188.86062622070312
 20
471.8118591308594
 30
0.0
 11
352.5586853027344
 21
471.8118591308594
 31
0.0
  0
LWPOLYLINE
  5
463
330
17
100
AcDbEntity
  8
GEOMETRY
100
AcDbPolyline
 90
4
 70
1
 10
352.5586853027344
 20
471.8118591308594
 10
188.86062622070312
 20
471.8118591308594
 10
188.86062622070312
 20
467.5599670410156
 10
352.5586853027344
 20
467.5599670410156
  0
LINE
  5
464
330
17
100
AcDbEntity
  8
GEOMETRY
100
AcDbLine
 10
352.5586853027344
 20
471.8118591308594
 30
0.0
 11
352.5586853027344
 21
463.3080596923828
 31
0.0
  0
LINE
  5
465
330
17
100
AcDbEntity
  8
GEOMETRY
100
AcDbLine
 10
188.86062622070312
 20
471.8118591308594
 30
0.0
 11
188.86062622070312
 21
463.3080596923828
 31
0.0
  0
LINE
  5
466
330
17
100
AcDbEntity
  8
GEOMETRY
100
AcDbLine
 10
441.8485412597656
 20
471.8118591308594
 30
0.0
 11
441.8485412597656
 21
467.5599670410156
 31
0.0
  0
LINE
  5
467
330
17
100
AcDbEntity
  8
GEOMETRY
100
AcDbLine
 10
441.8485412597656
 20
467.5599670410156
 30
0.0
 11
363.8970947265625
 21
467.5599670410156
 31
0.0
  0
LINE
  5
468
330
17
100
AcDbEntity
  8
GEOMETRY
100
AcDbLine
 10
363.8970947265625
 20
467.5599670410156
 30
0.0
 11
363.8970947265625
 21
471.8118591308594
 31
0.0
  0
LINE
  5
469
330
17
100
AcDbEntity
  8
GEOMETRY
100
AcDbLine
 10
363.8970947265625
 20
471.8118591308594
 30
0.0
 11
441.8485412597656
 21
471.8118591308594
 31
0.0
  0
LWPOLYLINE
  5
46A
330
17
100
AcDbEntity
  8
GEOMETRY
100
AcDbPolyline
 90
4
 70
1
 10
441.8485412597656
 20
471.8118591308594
 10
363.8970947265625
 20
471.8118591308594
 10
363.8970947265625
 20
467.5599670410156
 10
441.8485412597656
 20
467.5599670410156
  0
LINE
  5
46B
330
17
100
AcDbEntity
  8
GEOMETRY
100
AcDbLine
 10
441.8485412597656
 20
471.8118591308594
 30
0.0
 11
441.8485412597656
 21
467.5599670410156
 31
0.0
  0
LINE
  5
46C
330
17
100
AcDbEntity
  8
GEOMETRY
100
AcDbLine
 10
363.8970947265625
 20
471.8118591308594
 30
0.0
 11
363.8970947265625
 21
467.5599670410156
 31
0.0
  0
LINE
  5
46D
330
17
100
AcDbEntity
  8
GEOMETRY
100
AcDbLine
 10
443.62298583984375
 20
463.3080596923828
 30
0.0
 11
443.62298583984375
 21
460.4734649658203
 31
0.0
  0
LINE
  5
46E
330
17
100
AcDbEntity
  8
GEOMETRY
100
AcDbLine
 10
443.62298583984375
 20
460.4734649658203
 30
0.0
 11
442.90869140625
 21
460.4734649658203
 31
0.0
  0
LINE
  5
46F
330
17
100
AcDbEntity
  8
GEOMETRY
100
AcDbLine
 10
442.90869140625
 20
460.4734649658203
 30
0.0
 11
442.90869140625
 21
463.3080596923828
 31
0.0
  0
LINE
  5
470
330
17
100
AcDbEntity
  8
GEOMETRY
100
AcDbLine
 10
442.90869140625
 20
463.3080596923828
 30
0.0
 11
443.62298583984375
 21
463.3080596923828
 31
0.0
  0
LINE
  5
471
330
17
100
AcDbEntity
  8
GEOMETRY
100
AcDbLine
 10
443.62298583984375
 20
459.05616760253906
 30
0.0
 11
443.62298583984375
 21
456.22157287597656
 31
0.0
  0
LINE
  5
472
330
17
100
AcDbEntity
  8
GEOMETRY
100
AcDbLine
 10
443.62298583984375
 20
456.22157287597656
 30
0.0
 11
442.90869140625
 21
456.22157287597656
 31
0.0
  0
LINE
  5
473
330
17
100
AcDbEntity
  8
GEOMETRY
100
AcDbLine
 10
442.90869140625
 20
456.22157287597656
 30
0.0
 11
442.90869140625
 21
459.05616760253906
 31
0.0
  0
LINE
  5
474
330
17
100
AcDbEntity
  8
GEOMETRY
100
AcDbLine
 10
442.90869140625
 20
459.05616760253906
 30
0.0
 11
443.62298583984375
 21
459.05616760253906
 31
0.0
  0
LINE
  5
475
330
17
100
AcDbEntity
  8
GEOMETRY
100
AcDbLine
 10
441.8485412597656
 20
455.8644104003906
 30
0.0
 11
439.013916015625
 21
455.8644104003906
 31
0.0
  0
LINE
  5
476
330
17
100
AcDbEntity
  8
GEOMETRY
100
AcDbLine
 10
439.013916015625
 20
455.8644104003906
 30
0.0
 11
439.013916015625
 21
456.57872009277344
 31
0.0
  0
LINE
  5
477
330
17
100
AcDbEntity
  8
GEOMETRY
100
AcDbLine
 10
439.013916015625
 20
456.57872009277344
 30
0.0
 11
441.8485412597656
 21
456.57872009277344
 31
0.0
  0
LINE
  5
478
330
17
100
AcDbEntity
  8
GEOMETRY
100
AcDbLine
 10
441.8485412597656
 20
456.57872009277344
 30
0.0
 11
441.8485412597656
 21
455.8644104003906
 31
0.0
  0
LINE
  5
479
330
17
100
AcDbEntity
  8
GEOMETRY
100
AcDbLine
 10
437.59661865234375
 20
455.8644104003906
 30
0.0
 11
434.76202392578125
 21
455.8644104003906
 31
0.0
  0
LINE
  5
47A
330
17
100
AcDbEntity
  8
GEOMETRY
100
AcDbLine
 10
434.76202392578125
 20
455.8644104003906
 30
0.0
 11
434.76202392578125
 21
456.57872009277344
 31
0.0
  0
LINE
  5
47B
330
17
100
AcDbEntity
  8
GEOMETRY
100
AcDbLine
 10
434.76202392578125
 20
456.57872009277344
 30
0.0
 11
437.59661865234375
 21
456.57872009277344
 31
0.0
  0
LINE
  5
47C
330
17
100
AcDbEntity
  8
GEOMETRY
100
AcDbLine
 10
437.59661865234375
 20
456.57872009277344
 30
0.0
 11
437.59661865234375
 21
455.8644104003906
 31
0.0
  0
LINE
  5
47D
330
17
100
AcDbEntity
  8
GEOMETRY
100
AcDbLine
 10
433.3447265625
 20
455.8644104003906
 30
0.0
 11
430.5101318359375
 21
455.8644104003906
 31
0.0
  0
LINE
  5
47E
330
17
100
AcDbEntity
  8
GEOMETRY
100
AcDbLine
 10
430.5101318359375
 20
455.8644104003906
 30
0.0
 11
430.5101318359375
 21
456.57872009277344
 31
0.0
  0
LINE
  5
47F
330
17
100
AcDbEntity
  8
GEOMETRY
100
AcDbLine
 10
430.5101318359375
 20
456.57872009277344
 30
0.0
 11
433.3447265625
 21
456.57872009277344
 31
0.0
  0
LINE
  5
480
330
17
100
AcDbEntity
  8
GEOMETRY
100
AcDbLine
 10
433.3447265625
 20
456.57872009277344
 30
0.0
 11
433.3447265625
 21
455.8644104003906
 31
0.0
  0
LINE
  5
481
330
17
100
AcDbEntity
  8
GEOMETRY
100
AcDbLine
 10
429.09283447265625
 20
455.8644104003906
 30
0.0
 11
426.25823974609375
 21
455.8644104003906
 31
0.0
  0
LINE
  5
482
330
17
100
AcDbEntity
  8
GEOMETRY
100
AcDbLine
 10
426.25823974609375
 20
455.8644104003906
 30
0.0
 11
426.25823974609375
 21
456.57872009277344
 31
0.0
  0
LINE
  5
483
330
17
100
AcDbEntity
  8
GEOMETRY
100
AcDbLine
 10
426.25823974609375
 20
456.57872009277344
 30
0.0
 11
429.09283447265625
 21
456.57872009277344
 31
0.0
  0
LINE
  5
484
330
17
100
AcDbEntity
  8
GEOMETRY
100
AcDbLine
 10
429.09283447265625
 20
456.57872009277344
 30
0.0
 11
429.09283447265625
 21
455.8644104003906
 31
0.0
  0
LINE
  5
485
330
17
100
AcDbEntity
  8
GEOMETRY
100
AcDbLine
 10
424.8409423828125
 20
455.8644104003906
 30
0.0
 11
422.00634765625
 21
455.8644104003906
 31
0.0
  0
LINE
  5
486
330
17
100
AcDbEntity
  8
GEOMETRY
100
AcDbLine
 10
422.00634765625
 20
455.8644104003906
 30
0.0
 11
422.00634765625
 21
456.57872009277344
 31
0.0
  0
LINE
  5
487
330
17
100
AcDbEntity
  8
GEOMETRY
100
AcDbLine
 10
422.00634765625
 20
456.57872009277344
 30
0.0
 11
424.8409423828125
 21
456.57872009277344
 31
0.0
  0
LINE
  5
488
330
17
100
AcDbEntity
  8
GEOMETRY
100
AcDbLine
 10
424.8409423828125
 20
456.57872009277344
 30
0.0
 11
424.8409423828125
 21
455.8644104003906
 31
0.0
  0
LINE
  5
489
330
17
100
AcDbEntity
  8
GEOMETRY
100
AcDbLine
 10
420.58905029296875
 20
455.8644104003906
 30
0.0
 11
417.75445556640625
 21
455.8644104003906
 31
0.0
  0
LINE
  5
48A
330
17
100
AcDbEntity
  8
GEOMETRY
100
AcDbLine
 10
417.75445556640625
 20
455.8644104003906
 30
0.0
 11
417.75445556640625
 21
456.57872009277344
 31
0.0
  0
LINE
  5
48B
330
17
100
AcDbEntity
  8
GEOMETRY
100
AcDbLine
 10
417.75445556640625
 20
456.57872009277344
 30
0.0
 11
420.58905029296875
 21
456.57872009277344
 31
0.0
  0
LINE
  5
48C
330
17
100
AcDbEntity
  8
GEOMETRY
100
AcDbLine
 10
420.58905029296875
 20
456.57872009277344
 30
0.0
 11
420.58905029296875
 21
455.8644104003906
 31
0.0
  0
LINE
  5
48D
330
17
100
AcDbEntity
  8
GEOMETRY
100
AcDbLine
 10
416.337158203125
 20
455.8644104003906
 30
0.0
 11
413.5025634765625
 21
455.8644104003906
 31
0.0
  0
LINE
  5
48E
330
17
100
AcDbEntity
  8
GEOMETRY
100
AcDbLine
 10
413.5025634765625
 20
455.8644104003906
 30
0.0
 11
413.5025634765625
 21
456.57872009277344
 31
0.0
  0
LINE
  5
48F
330
17
100
AcDbEntity
  8
GEOMETRY
100
AcDbLine
 10
413.5025634765625
 20
456.57872009277344
 30
0.0
 11
416.337158203125
 21
456.57872009277344
 31
0.0
  0
LINE
  5
490
330
17
100
AcDbEntity
  8
GEOMETRY
100
AcDbLine
 10
416.337158203125
 20
456.57872009277344
 30
0.0
 11
416.337158203125
 21
455.8644104003906
 31
0.0
  0
LINE
  5
491
330
17
100
AcDbEntity
  8
GEOMETRY
100
AcDbLine
 10
412.08526611328125
 20
455.8644104003906
 30
0.0
 11
409.25067138671875
 21
455.8644104003906
 31
0.0
  0
LINE
  5
492
330
17
100
AcDbEntity
  8
GEOMETRY
100
AcDbLine
 10
409.25067138671875
 20
455.8644104003906
 30
0.0
 11
409.25067138671875
 21
456.57872009277344
 31
0.0
  0
LINE
  5
493
330
17
100
AcDbEntity
  8
GEOMETRY
100
AcDbLine
 10
409.25067138671875
 20
456.57872009277344
 30
0.0
 11
412.08526611328125
 21
456.57872009277344
 31
0.0
  0
LINE
  5
494
330
17
100
AcDbEntity
  8
GEOMETRY
100
AcDbLine
 10
412.08526611328125
 20
456.57872009277344
 30
0.0
 11
412.08526611328125
 21
455.8644104003906
 31
0.0
  0
LINE
  5
495
330
17
100
AcDbEntity
  8
GEOMETRY
100
AcDbLine
 10
407.8333740234375
 20
455.8644104003906
 30
0.0
 11
404.998779296875
 21
455.8644104003906
 31
0.0
  0
LINE
  5
496
330
17
100
AcDbEntity
  8
GEOMETRY
100
AcDbLine
 10
404.998779296875
 20
455.8644104003906
 30
0.0
 11
404.998779296875
 21
456.57872009277344
 31
0.0
  0
LINE
  5
497
330
17
100
AcDbEntity
  8
GEOMETRY
100
AcDbLine
 10
404.998779296875
 20
456.57872009277344
 30
0.0
 11
407.8333740234375
 21
456.57872009277344
 31
0.0
  0
LINE
  5
498
330
17
100
AcDbEntity
  8
GEOMETRY
100
AcDbLine
 10
407.8333740234375
 20
456.57872009277344
 30
0.0
 11
407.8333740234375
 21
455.8644104003906
 31
0.0
  0
LINE
  5
499
330
17
100
AcDbEntity
  8
GEOMETRY
100
AcDbLine
 10
403.5814514160156
 20
455.8644104003906
 30
0.0
 11
400.7468566894531
 21
455.8644104003906
 31
0.0
  0
LINE
  5
49A
330
17
100
AcDbEntity
  8
GEOMETRY
100
AcDbLine
 10
400.7468566894531
 20
455.8644104003906
 30
0.0
 11
400.7468566894531
 21
456.57872009277344
 31
0.0
  0
LINE
  5
49B
330
17
100
AcDbEntity
  8
GEOMETRY
100
AcDbLine
 10
400.7468566894531
 20
456.57872009277344
 30
0.0
 11
403.5814514160156
 21
456.57872009277344
 31
0.0
  0
LINE
  5
49C
330
17
100
AcDbEntity
  8
GEOMETRY
100
AcDbLine
 10
403.5814514160156
 20
456.57872009277344
 30
0.0
 11
403.5814514160156
 21
455.8644104003906
 31
0.0
  0
LINE
  5
49D
330
17
100
AcDbEntity
  8
GEOMETRY
100
AcDbLine
 10
399.3295593261719
 20
455.8644104003906
 30
0.0
 11
396.4949645996094
 21
455.8644104003906
 31
0.0
  0
LINE
  5
49E
330
17
100
AcDbEntity
  8
GEOMETRY
100
AcDbLine
 10
396.4949645996094
 20
455.8644104003906
 30
0.0
 11
396.4949645996094
 21
456.57872009277344
 31
0.0
  0
LINE
  5
49F
330
17
100
AcDbEntity
  8
GEOMETRY
100
AcDbLine
 10
396.4949645996094
 20
456.57872009277344
 30
0.0
 11
399.3295593261719
 21
456.57872009277344
 31
0.0
  0
LINE
  5
4A0
330
17
100
AcDbEntity
  8
GEOMETRY
100
AcDbLine
 10
399.3295593261719
 20
456.57872009277344
 30
0.0
 11
399.3295593261719
 21
455.8644104003906
 31
0.0
  0
LINE
  5
4A1
330
17
100
AcDbEntity
  8
GEOMETRY
100
AcDbLine
 10
395.0776672363281
 20
455.8644104003906
 30
0.0
 11
392.2430725097656
 21
455.8644104003906
 31
0.0
  0
LINE
  5
4A2
330
17
100
AcDbEntity
  8
GEOMETRY
100
AcDbLine
 10
392.2430725097656
 20
455.8644104003906
 30
0.0
 11
392.2430725097656
 21
456.57872009277344
 31
0.0
  0
LINE
  5
4A3
330
17
100
AcDbEntity
  8
GEOMETRY
100
AcDbLine
 10
392.2430725097656
 20
456.57872009277344
 30
0.0
 11
395.0776672363281
 21
456.57872009277344
 31
0.0
  0
LINE
  5
4A4
330
17
100
AcDbEntity
  8
GEOMETRY
100
AcDbLine
 10
395.0776672363281
 20
456.57872009277344
 30
0.0
 11
395.0776672363281
 21
455.8644104003906
 31
0.0
  0
LINE
  5
4A5
330
17
100
AcDbEntity
  8
GEOMETRY
100
AcDbLine
 10
390.82574462890625
 20
455.8644104003906
 30
0.0
 11
387.99114990234375
 21
455.8644104003906
 31
0.0
  0
LINE
  5
4A6
330
17
100
AcDbEntity
  8
GEOMETRY
100
AcDbLine
 10
387.99114990234375
 20
455.8644104003906
 30
0.0
 11
387.99114990234375
 21
456.57872009277344
 31
0.0
  0
LINE
  5
4A7
330
17
100
AcDbEntity
  8
GEOMETRY
100
AcDbLine
 10
387.99114990234375
 20
456.57872009277344
 30
0.0
 11
390.82574462890625
 21
456.57872009277344
 31
0.0
  0
LINE
  5
4A8
330
17
100
AcDbEntity
  8
GEOMETRY
100
AcDbLine
 10
390.82574462890625
 20
456.57872009277344
 30
0.0
 11
390.82574462890625
 21
455.8644104003906
 31
0.0
  0
LINE
  5
4A9
330
17
100
AcDbEntity
  8
GEOMETRY
100
AcDbLine
 10
386.5738525390625
 20
455.8644104003906
 30
0.0
 11
383.7392578125
 21
455.8644104003906
 31
0.0
  0
LINE
  5
4AA
330
17
100
AcDbEntity
  8
GEOMETRY
100
AcDbLine
 10
383.7392578125
 20
455.8644104003906
 30
0.0
 11
383.7392578125
 21
456.57872009277344
 31
0.0
  0
LINE
  5
4AB
330
17
100
AcDbEntity
  8
GEOMETRY
100
AcDbLine
 10
383.7392578125
 20
456.57872009277344
 30
0.0
 11
386.5738525390625
 21
456.57872009277344
 31
0.0
  0
LINE
  5
4AC
330
17
100
AcDbEntity
  8
GEOMETRY
100
AcDbLine
 10
386.5738525390625
 20
456.57872009277344
 30
0.0
 11
386.5738525390625
 21
455.8644104003906
 31
0.0
  0
LINE
  5
4AD
330
17
100
AcDbEntity
  8
GEOMETRY
100
AcDbLine
 10
382.32196044921875
 20
455.8644104003906
 30
0.0
 11
379.48736572265625
 21
455.8644104003906
 31
0.0
  0
LINE
  5
4AE
330
17
100
AcDbEntity
  8
GEOMETRY
100
AcDbLine
 10
379.48736572265625
 20
455.8644104003906
 30
0.0
 11
379.48736572265625
 21
456.57872009277344
 31
0.0
  0
LINE
  5
4AF
330
17
100
AcDbEntity
  8
GEOMETRY
100
AcDbLine
 10
379.48736572265625
 20
456.57872009277344
 30
0.0
 11
382.32196044921875
 21
456.57872009277344
 31
0.0
  0
LINE
  5
4B0
330
17
100
AcDbEntity
  8
GEOMETRY
100
AcDbLine
 10
382.32196044921875
 20
456.57872009277344
 30
0.0
 11
382.32196044921875
 21
455.8644104003906
 31
0.0
  0
LINE
  5
4B1
330
17
100
AcDbEntity
  8
GEOMETRY
100
AcDbLine
 10
378.070068359375
 20
455.8644104003906
 30
0.0
 11
375.2354736328125
 21
455.8644104003906
 31
0.0
  0
LINE
  5
4B2
330
17
100
AcDbEntity
  8
GEOMETRY
100
AcDbLine
 10
375.2354736328125
 20
455.8644104003906
 30
0.0
 11
375.2354736328125
 21
456.57872009277344
 31
0.0
  0
LINE
  5
4B3
330
17
100
AcDbEntity
  8
GEOMETRY
100
AcDbLine
 10
375.2354736328125
 20
456.57872009277344
 30
0.0
 11
378.070068359375
 21
456.57872009277344
 31
0.0
  0
LINE
  5
4B4
330
17
100
AcDbEntity
  8
GEOMETRY
100
AcDbLine
 10
378.070068359375
 20
456.57872009277344
 30
0.0
 11
378.070068359375
 21
455.8644104003906
 31
0.0
  0
LINE
  5
4B5
330
17
100
AcDbEntity
  8
GEOMETRY
100
AcDbLine
 10
373.81817626953125
 20
455.8644104003906
 30
0.0
 11
370.98358154296875
 21
455.8644104003906
 31
0.0
  0
LINE
  5
4B6
330
17
100
AcDbEntity
  8
GEOMETRY
100
AcDbLine
 10
370.98358154296875
 20
455.8644104003906
 30
0.0
 11
370.98358154296875
 21
456.57872009277344
 31
0.0
  0
LINE
  5
4B7
330
17
100
AcDbEntity
  8
GEOMETRY
100
AcDbLine
 10
370.98358154296875
 20
456.57872009277344
 30
0.0
 11
373.81817626953125
 21
456.57872009277344
 31
0.0
  0
LINE
  5
4B8
330
17
100
AcDbEntity
  8
GEOMETRY
100
AcDbLine
 10
373.81817626953125
 20
456.57872009277344
 30
0.0
 11
373.81817626953125
 21
455.8644104003906
 31
0.0
  0
LINE
  5
4B9
330
17
100
AcDbEntity
  8
GEOMETRY
100
AcDbLine
 10
369.5662841796875
 20
455.8644104003906
 30
0.0
 11
366.731689453125
 21
455.8644104003906
 31
0.0
  0
LINE
  5
4BA
330
17
100
AcDbEntity
  8
GEOMETRY
100
AcDbLine
 10
366.731689453125
 20
455.8644104003906
 30
0.0
 11
366.731689453125
 21
456.57872009277344
 31
0.0
  0
LINE
  5
4BB
330
17
100
AcDbEntity
  8
GEOMETRY
100
AcDbLine
 10
366.731689453125
 20
456.57872009277344
 30
0.0
 11
369.5662841796875
 21
456.57872009277344
 31
0.0
  0
LINE
  5
4BC
330
17
100
AcDbEntity
  8
GEOMETRY
100
AcDbLine
 10
369.5662841796875
 20
456.57872009277344
 30
0.0
 11
369.5662841796875
 21
455.8644104003906
 31
0.0
  0
LINE
  5
4BD
330
17
100
AcDbEntity
  8
GEOMETRY
100
AcDbLine
 10
365.31439208984375
 20
455.8644104003906
 30
0.0
 11
362.47979736328125
 21
455.8644104003906
 31
0.0
  0
LINE
  5
4BE
330
17
100
AcDbEntity
  8
GEOMETRY
100
AcDbLine
 10
362.47979736328125
 20
455.8644104003906
 30
0.0
 11
362.47979736328125
 21
456.57872009277344
 31
0.0
  0
LINE
  5
4BF
330
17
100
AcDbEntity
  8
GEOMETRY
100
AcDbLine
 10
362.47979736328125
 20
456.57872009277344
 30
0.0
 11
365.31439208984375
 21
456.57872009277344
 31
0.0
  0
LINE
  5
4C0
330
17
100
AcDbEntity
  8
GEOMETRY
100
AcDbLine
 10
365.31439208984375
 20
456.57872009277344
 30
0.0
 11
365.31439208984375
 21
455.8644104003906
 31
0.0
  0
LINE
  5
4C1
330
17
100
AcDbEntity
  8
GEOMETRY
100
AcDbLine
 10
362.12261962890625
 20
457.6388702392578
 30
0.0
 11
362.12261962890625
 21
460.4734649658203
 31
0.0
  0
LINE
  5
4C2
330
17
100
AcDbEntity
  8
GEOMETRY
100
AcDbLine
 10
362.12261962890625
 20
460.4734649658203
 30
0.0
 11
362.8369445800781
 21
460.4734649658203
 31
0.0
  0
LINE
  5
4C3
330
17
100
AcDbEntity
  8
GEOMETRY
100
AcDbLine
 10
362.8369445800781
 20
460.4734649658203
 30
0.0
 11
362.8369445800781
 21
457.6388702392578
 31
0.0
  0
LINE
  5
4C4
330
17
100
AcDbEntity
  8
GEOMETRY
100
AcDbLine
 10
362.8369445800781
 20
457.6388702392578
 30
0.0
 11
362.12261962890625
 21
457.6388702392578
 31
0.0
  0
LINE
  5
4C5
330
17
100
AcDbEntity
  8
GEOMETRY
100
AcDbLine
 10
362.12261962890625
 20
461.89076232910156
 30
0.0
 11
362.12261962890625
 21
464.72535705566406
 31
0.0
  0
LINE
  5
4C6
330
17
100
AcDbEntity
  8
GEOMETRY
100
AcDbLine
 10
362.12261962890625
 20
464.72535705566406
 30
0.0
 11
362.8369445800781
 21
464.72535705566406
 31
0.0
  0
LINE
  5
4C7
330
17
100
AcDbEntity
  8
GEOMETRY
100
AcDbLine
 10
362.8369445800781
 20
464.72535705566406
 30
0.0
 11
362.8369445800781
 21
461.89076232910156
 31
0.0
  0
LINE
  5
4C8
330
17
100
AcDbEntity
  8
GEOMETRY
100
AcDbLine
 10
362.8369445800781
 20
461.89076232910156
 30
0.0
 11
362.12261962890625
 21
461.89076232910156
 31
0.0
  0
LINE
  5
4C9
330
17
100
AcDbEntity
  8
GEOMETRY
100
AcDbLine
 10
362.12261962890625
 20
466.1426696777344
 30
0.0
 11
362.12261962890625
 21
467.9171142578125
 31
0.0
  0
LINE
  5
4CA
330
17
100
AcDbEntity
  8
GEOMETRY
100
AcDbLine
 10
362.12261962890625
 20
467.9171142578125
 30
0.0
 11
363.8970947265625
 21
467.9171142578125
 31
0.0
  0
LINE
  5
4CB
330
17
100
AcDbEntity
  8
GEOMETRY
100
AcDbLine
 10
363.8970947265625
 20
467.9171142578125
 30
0.0
 11
363.8970947265625
 21
467.2028045654297
 31
0.0
  0
LINE
  5
4CC
330
17
100
AcDbEntity
  8
GEOMETRY
100
AcDbLine
 10
363.8970947265625
 20
467.2028045654297
 30
0.0
 11
362.47979736328125
 21
467.2028045654297
 31
0.0
  0
LINE
  5
4CD
330
17
100
AcDbEntity
  8
GEOMETRY
100
AcDbLine
 10
362.47979736328125
 20
467.2028045654297
 30
0.0
 11
362.47979736328125
 21
467.5599670410156
 31
0.0
  0
LINE
  5
4CE
330
17
100
AcDbEntity
  8
GEOMETRY
100
AcDbLine
 10
362.47979736328125
 20
467.5599670410156
 30
0.0
 11
362.8369445800781
 21
467.5599670410156
 31
0.0
  0
LINE
  5
4CF
330
17
100
AcDbEntity
  8
GEOMETRY
100
AcDbLine
 10
362.8369445800781
 20
467.5599670410156
 30
0.0
 11
362.8369445800781
 21
466.1426696777344
 31
0.0
  0
LINE
  5
4D0
330
17
100
AcDbEntity
  8
GEOMETRY
100
AcDbLine
 10
362.8369445800781
 20
466.1426696777344
 30
0.0
 11
362.12261962890625
 21
466.1426696777344
 31
0.0
  0
LINE
  5
4D1
330
17
100
AcDbEntity
  8
GEOMETRY
100
AcDbLine
 10
365.31439208984375
 20
467.9171142578125
 30
0.0
 11
368.14898681640625
 21
467.9171142578125
 31
0.0
  0
LINE
  5
4D2
330
17
100
AcDbEntity
  8
GEOMETRY
100
AcDbLine
 10
368.14898681640625
 20
467.9171142578125
 30
0.0
 11
368.14898681640625
 21
467.2028045654297
 31
0.0
  0
LINE
  5
4D3
330
17
100
AcDbEntity
  8
GEOMETRY
100
AcDbLine
 10
368.14898681640625
 20
467.2028045654297
 30
0.0
 11
365.31439208984375
 21
467.2028045654297
 31
0.0
  0
LINE
  5
4D4
330
17
100
AcDbEntity
  8
GEOMETRY
100
AcDbLine
 10
365.31439208984375
 20
467.2028045654297
 30
0.0
 11
365.31439208984375
 21
467.9171142578125
 31
0.0
  0
LINE
  5
4D5
330
17
100
AcDbEntity
  8
GEOMETRY
100
AcDbLine
 10
369.5662841796875
 20
467.9171142578125
 30
0.0
 11
372.40087890625
 21
467.9171142578125
 31
0.0
  0
LINE
  5
4D6
330
17
100
AcDbEntity
  8
GEOMETRY
100
AcDbLine
 10
372.40087890625
 20
467.9171142578125
 30
0.0
 11
372.40087890625
 21
467.2028045654297
 31
0.0
  0
LINE
  5
4D7
330
17
100
AcDbEntity
  8
GEOMETRY
100
AcDbLine
 10
372.40087890625
 20
467.2028045654297
 30
0.0
 11
369.5662841796875
 21
467.2028045654297
 31
0.0
  0
LINE
  5
4D8
330
17
100
AcDbEntity
  8
GEOMETRY
100
AcDbLine
 10
369.5662841796875
 20
467.2028045654297
 30
0.0
 11
369.5662841796875
 21
467.9171142578125
 31
0.0
  0
LINE
  5
4D9
330
17
100
AcDbEntity
  8
GEOMETRY
100
AcDbLine
 10
373.81817626953125
 20
467.9171142578125
 30
0.0
 11
376.65277099609375
 21
467.9171142578125
 31
0.0
  0
LINE
  5
4DA
330
17
100
AcDbEntity
  8
GEOMETRY
100
AcDbLine
 10
376.65277099609375
 20
467.9171142578125
 30
0.0
 11
376.65277099609375
 21
467.2028045654297
 31
0.0
  0
LINE
  5
4DB
330
17
100
AcDbEntity
  8
GEOMETRY
100
AcDbLine
 10
376.65277099609375
 20
467.2028045654297
 30
0.0
 11
373.81817626953125
 21
467.2028045654297
 31
0.0
  0
LINE
  5
4DC
330
17
100
AcDbEntity
  8
GEOMETRY
100
AcDbLine
 10
373.81817626953125
 20
467.2028045654297
 30
0.0
 11
373.81817626953125
 21
467.9171142578125
 31
0.0
  0
LINE
  5
4DD
330
17
100
AcDbEntity
  8
GEOMETRY
100
AcDbLine
 10
378.070068359375
 20
467.9171142578125
 30
0.0
 11
380.9046630859375
 21
467.9171142578125
 31
0.0
  0
LINE
  5
4DE
330
17
100
AcDbEntity
  8
GEOMETRY
100
AcDbLine
 10
380.9046630859375
 20
467.9171142578125
 30
0.0
 11
380.9046630859375
 21
467.2028045654297
 31
0.0
  0
LINE
  5
4DF
330
17
100
AcDbEntity
  8
GEOMETRY
100
AcDbLine
 10
380.9046630859375
 20
467.2028045654297
 30
0.0
 11
378.070068359375
 21
467.2028045654297
 31
0.0
  0
LINE
  5
4E0
330
17
100
AcDbEntity
  8
GEOMETRY
100
AcDbLine
 10
378.070068359375
 20
467.2028045654297
 30
0.0
 11
378.070068359375
 21
467.9171142578125
 31
0.0
  0
LINE
  5
4E1
330
17
100
AcDbEntity
  8
GEOMETRY
100
AcDbLine
 10
382.32196044921875
 20
467.9171142578125
 30
0.0
 11
385.15655517578125
 21
467.9171142578125
 31
0.0
  0
LINE
  5
4E2
330
17
100
AcDbEntity
  8
GEOMETRY
100
AcDbLine
 10
385.15655517578125
 20
467.9171142578125
 30
0.0
 11
385.15655517578125
 21
467.2028045654297
 31
0.0
  0
LINE
  5
4E3
330
17
100
AcDbEntity
  8
GEOMETRY
100
AcDbLine
 10
385.15655517578125
 20
467.2028045654297
 30
0.0
 11
382.32196044921875
 21
467.2028045654297
 31
0.0
  0
LINE
  5
4E4
330
17
100
AcDbEntity
  8
GEOMETRY
100
AcDbLine
 10
382.32196044921875
 20
467.2028045654297
 30
0.0
 11
382.32196044921875
 21
467.9171142578125
 31
0.0
  0
LINE
  5
4E5
330
17
100
AcDbEntity
  8
GEOMETRY
100
AcDbLine
 10
386.5738525390625
 20
467.9171142578125
 30
0.0
 11
389.408447265625
 21
467.9171142578125
 31
0.0
  0
LINE
  5
4E6
330
17
100
AcDbEntity
  8
GEOMETRY
100
AcDbLine
 10
389.408447265625
 20
467.9171142578125
 30
0.0
 11
389.408447265625
 21
467.2028045654297
 31
0.0
  0
LINE
  5
4E7
330
17
100
AcDbEntity
  8
GEOMETRY
100
AcDbLine
 10
389.408447265625
 20
467.2028045654297
 30
0.0
 11
386.5738525390625
 21
467.2028045654297
 31
0.0
  0
LINE
  5
4E8
330
17
100
AcDbEntity
  8
GEOMETRY
100
AcDbLine
 10
386.5738525390625
 20
467.2028045654297
 30
0.0
 11
386.5738525390625
 21
467.9171142578125
 31
0.0
  0
LINE
  5
4E9
330
17
100
AcDbEntity
  8
GEOMETRY
100
AcDbLine
 10
390.82574462890625
 20
467.9171142578125
 30
0.0
 11
393.6603698730469
 21
467.9171142578125
 31
0.0
  0
LINE
  5
4EA
330
17
100
AcDbEntity
  8
GEOMETRY
100
AcDbLine
 10
393.6603698730469
 20
467.9171142578125
 30
0.0
 11
393.6603698730469
 21
467.2028045654297
 31
0.0
  0
LINE
  5
4EB
330
17
100
AcDbEntity
  8
GEOMETRY
100
AcDbLine
 10
393.6603698730469
 20
467.2028045654297
 30
0.0
 11
390.82574462890625
 21
467.2028045654297
 31
0.0
  0
LINE
  5
4EC
330
17
100
AcDbEntity
  8
GEOMETRY
100
AcDbLine
 10
390.82574462890625
 20
467.2028045654297
 30
0.0
 11
390.82574462890625
 21
467.9171142578125
 31
0.0
  0
LINE
  5
4ED
330
17
100
AcDbEntity
  8
GEOMETRY
100
AcDbLine
 10
395.0776672363281
 20
467.9171142578125
 30
0.0
 11
397.9122619628906
 21
467.9171142578125
 31
0.0
  0
LINE
  5
4EE
330
17
100
AcDbEntity
  8
GEOMETRY
100
AcDbLine
 10
397.9122619628906
 20
467.9171142578125
 30
0.0
 11
397.9122619628906
 21
467.2028045654297
 31
0.0
  0
LINE
  5
4EF
330
17
100
AcDbEntity
  8
GEOMETRY
100
AcDbLine
 10
397.9122619628906
 20
467.2028045654297
 30
0.0
 11
395.0776672363281
 21
467.2028045654297
 31
0.0
  0
LINE
  5
4F0
330
17
100
AcDbEntity
  8
GEOMETRY
100
AcDbLine
 10
395.0776672363281
 20
467.2028045654297
 30
0.0
 11
395.0776672363281
 21
467.9171142578125
 31
0.0
  0
LINE
  5
4F1
330
17
100
AcDbEntity
  8
GEOMETRY
100
AcDbLine
 10
399.3295593261719
 20
467.9171142578125
 30
0.0
 11
402.1641540527344
 21
467.9171142578125
 31
0.0
  0
LINE
  5
4F2
330
17
100
AcDbEntity
  8
GEOMETRY
100
AcDbLine
 10
402.1641540527344
 20
467.9171142578125
 30
0.0
 11
402.1641540527344
 21
467.2028045654297
 31
0.0
  0
LINE
  5
4F3
330
17
100
AcDbEntity
  8
GEOMETRY
100
AcDbLine
 10
402.1641540527344
 20
467.2028045654297
 30
0.0
 11
399.3295593261719
 21
467.2028045654297
 31
0.0
  0
LINE
  5
4F4
330
17
100
AcDbEntity
  8
GEOMETRY
100
AcDbLine
 10
399.3295593261719
 20
467.2028045654297
 30
0.0
 11
399.3295593261719
 21
467.9171142578125
 31
0.0
  0
LINE
  5
4F5
330
17
100
AcDbEntity
  8
GEOMETRY
100
AcDbLine
 10
403.5814514160156
 20
467.9171142578125
 30
0.0
 11
406.41607666015625
 21
467.9171142578125
 31
0.0
  0
LINE
  5
4F6
330
17
100
AcDbEntity
  8
GEOMETRY
100
AcDbLine
 10
406.41607666015625
 20
467.9171142578125
 30
0.0
 11
406.41607666015625
 21
467.2028045654297
 31
0.0
  0
LINE
  5
4F7
330
17
100
AcDbEntity
  8
GEOMETRY
100
AcDbLine
 10
406.41607666015625
 20
467.2028045654297
 30
0.0
 11
403.5814514160156
 21
467.2028045654297
 31
0.0
  0
LINE
  5
4F8
330
17
100
AcDbEntity
  8
GEOMETRY
100
AcDbLine
 10
403.5814514160156
 20
467.2028045654297
 30
0.0
 11
403.5814514160156
 21
467.9171142578125
 31
0.0
  0
LINE
  5
4F9
330
17
100
AcDbEntity
  8
GEOMETRY
100
AcDbLine
 10
407.8333740234375
 20
467.9171142578125
 30
0.0
 11
410.66796875
 21
467.9171142578125
 31
0.0
  0
LINE
  5
4FA
330
17
100
AcDbEntity
  8
GEOMETRY
100
AcDbLine
 10
410.66796875
 20
467.9171142578125
 30
0.0
 11
410.66796875
 21
467.2028045654297
 31
0.0
  0
LINE
  5
4FB
330
17
100
AcDbEntity
  8
GEOMETRY
100
AcDbLine
 10
410.66796875
 20
467.2028045654297
 30
0.0
 11
407.8333740234375
 21
467.2028045654297
 31
0.0
  0
LINE
  5
4FC
330
17
100
AcDbEntity
  8
GEOMETRY
100
AcDbLine
 10
407.8333740234375
 20
467.2028045654297
 30
0.0
 11
407.8333740234375
 21
467.9171142578125
 31
0.0
  0
LINE
  5
4FD
330
17
100
AcDbEntity
  8
GEOMETRY
100
AcDbLine
 10
412.08526611328125
 20
467.9171142578125
 30
0.0
 11
414.91986083984375
 21
467.9171142578125
 31
0.0
  0
LINE
  5
4FE
330
17
100
AcDbEntity
  8
GEOMETRY
100
AcDbLine
 10
414.91986083984375
 20
467.9171142578125
 30
0.0
 11
414.91986083984375
 21
467.2028045654297
 31
0.0
  0
LINE
  5
4FF
330
17
100
AcDbEntity
  8
GEOMETRY
100
AcDbLine
 10
414.91986083984375
 20
467.2028045654297
 30
0.0
 11
412.08526611328125
 21
467.2028045654297
 31
0.0
  0
LINE
  5
500
330
17
100
AcDbEntity
  8
GEOMETRY
100
AcDbLine
 10
412.08526611328125
 20
467.2028045654297
 30
0.0
 11
412.08526611328125
 21
467.9171142578125
 31
0.0
  0
LINE
  5
501
330
17
100
AcDbEntity
  8
GEOMETRY
100
AcDbLine
 10
416.337158203125
 20
467.9171142578125
 30
0.0
 11
419.1717529296875
 21
467.9171142578125
 31
0.0
  0
LINE
  5
502
330
17
100
AcDbEntity
  8
GEOMETRY
100
AcDbLine
 10
419.1717529296875
 20
467.9171142578125
 30
0.0
 11
419.1717529296875
 21
467.2028045654297
 31
0.0
  0
LINE
  5
503
330
17
100
AcDbEntity
  8
GEOMETRY
100
AcDbLine
 10
419.1717529296875
 20
467.2028045654297
 30
0.0
 11
416.337158203125
 21
467.2028045654297
 31
0.0
  0
LINE
  5
504
330
17
100
AcDbEntity
  8
GEOMETRY
100
AcDbLine
 10
416.337158203125
 20
467.2028045654297
 30
0.0
 11
416.337158203125
 21
467.9171142578125
 31
0.0
  0
LINE
  5
505
330
17
100
AcDbEntity
  8
GEOMETRY
100
AcDbLine
 10
420.58905029296875
 20
467.9171142578125
 30
0.0
 11
423.42364501953125
 21
467.9171142578125
 31
0.0
  0
LINE
  5
506
330
17
100
AcDbEntity
  8
GEOMETRY
100
AcDbLine
 10
423.42364501953125
 20
467.9171142578125
 30
0.0
 11
423.42364501953125
 21
467.2028045654297
 31
0.0
  0
LINE
  5
507
330
17
100
AcDbEntity
  8
GEOMETRY
100
AcDbLine
 10
423.42364501953125
 20
467.2028045654297
 30
0.0
 11
420.58905029296875
 21
467.2028045654297
 31
0.0
  0
LINE
  5
508
330
17
100
AcDbEntity
  8
GEOMETRY
100
AcDbLine
 10
420.58905029296875
 20
467.2028045654297
 30
0.0
 11
420.58905029296875
 21
467.9171142578125
 31
0.0
  0
LINE
  5
509
330
17
100
AcDbEntity
  8
GEOMETRY
100
AcDbLine
 10
424.8409423828125
 20
467.9171142578125
 30
0.0
 11
427.675537109375
 21
467.9171142578125
 31
0.0
  0
LINE
  5
50A
330
17
100
AcDbEntity
  8
GEOMETRY
100
AcDbLine
 10
427.675537109375
 20
467.9171142578125
 30
0.0
 11
427.675537109375
 21
467.2028045654297
 31
0.0
  0
LINE
  5
50B
330
17
100
AcDbEntity
  8
GEOMETRY
100
AcDbLine
 10
427.675537109375
 20
467.2028045654297
 30
0.0
 11
424.8409423828125
 21
467.2028045654297
 31
0.0
  0
LINE
  5
50C
330
17
100
AcDbEntity
  8
GEOMETRY
100
AcDbLine
 10
424.8409423828125
 20
467.2028045654297
 30
0.0
 11
424.8409423828125
 21
467.9171142578125
 31
0.0
  0
LINE
  5
50D
330
17
100
AcDbEntity
  8
GEOMETRY
100
AcDbLine
 10
429.09283447265625
 20
467.9171142578125
 30
0.0
 11
431.92742919921875
 21
467.9171142578125
 31
0.0
  0
LINE
  5
50E
330
17
100
AcDbEntity
  8
GEOMETRY
100
AcDbLine
 10
431.92742919921875
 20
467.9171142578125
 30
0.0
 11
431.92742919921875
 21
467.2028045654297
 31
0.0
  0
LINE
  5
50F
330
17
100
AcDbEntity
  8
GEOMETRY
100
AcDbLine
 10
431.92742919921875
 20
467.2028045654297
 30
0.0
 11
429.09283447265625
 21
467.2028045654297
 31
0.0
  0
LINE
  5
510
330
17
100
AcDbEntity
  8
GEOMETRY
100
AcDbLine
 10
429.09283447265625
 20
467.2028045654297
 30
0.0
 11
429.09283447265625
 21
467.9171142578125
 31
0.0
  0
LINE
  5
511
330
17
100
AcDbEntity
  8
GEOMETRY
100
AcDbLine
 10
433.3447265625
 20
467.9171142578125
 30
0.0
 11
436.1793212890625
 21
467.9171142578125
 31
0.0
  0
LINE
  5
512
330
17
100
AcDbEntity
  8
GEOMETRY
100
AcDbLine
 10
436.1793212890625
 20
467.9171142578125
 30
0.0
 11
436.1793212890625
 21
467.2028045654297
 31
0.0
  0
LINE
  5
513
330
17
100
AcDbEntity
  8
GEOMETRY
100
AcDbLine
 10
436.1793212890625
 20
467.2028045654297
 30
0.0
 11
433.3447265625
 21
467.2028045654297
 31
0.0
  0
LINE
  5
514
330
17
100
AcDbEntity
  8
GEOMETRY
100
AcDbLine
 10
433.3447265625
 20
467.2028045654297
 30
0.0
 11
433.3447265625
 21
467.9171142578125
 31
0.0
  0
LINE
  5
515
330
17
100
AcDbEntity
  8
GEOMETRY
100
AcDbLine
 10
437.59661865234375
 20
467.9171142578125
 30
0.0
 11
440.4312438964844
 21
467.9171142578125
 31
0.0
  0
LINE
  5
516
330
17
100
AcDbEntity
  8
GEOMETRY
100
AcDbLine
 10
440.4312438964844
 20
467.9171142578125
 30
0.0
 11
440.4312438964844
 21
467.2028045654297
 31
0.0
  0
LINE
  5
517
330
17
100
AcDbEntity
  8
GEOMETRY
100
AcDbLine
 10
440.4312438964844
 20
467.2028045654297
 30
0.0
 11
437.59661865234375
 21
467.2028045654297
 31
0.0
  0
LINE
  5
518
330
17
100
AcDbEntity
  8
GEOMETRY
100
AcDbLine
 10
437.59661865234375
 20
467.2028045654297
 30
0.0
 11
437.59661865234375
 21
467.9171142578125
 31
0.0
  0
LINE
  5
519
330
17
100
AcDbEntity
  8
GEOMETRY
100
AcDbLine
 10
441.8485412597656
 20
467.9171142578125
 30
0.0
 11
443.62298583984375
 21
467.9171142578125
 31
0.0
  0
LINE
  5
51A
330
17
100
AcDbEntity
  8
GEOMETRY
100
AcDbLine
 10
443.62298583984375
 20
467.9171142578125
 30
0.0
 11
443.62298583984375
 21
464.72535705566406
 31
0.0
  0
LINE
  5
51B
330
17
100
AcDbEntity
  8
GEOMETRY
100
AcDbLine
 10
443.62298583984375
 20
464.72535705566406
 30
0.0
 11
442.90869140625
 21
464.72535705566406
 31
0.0
  0
LINE
  5
51C
330
17
100
AcDbEntity
  8
GEOMETRY
100
AcDbLine
 10
442.90869140625
 20
464.72535705566406
 30
0.0
 11
442.90869140625
 21
467.5599670410156
 31
0.0
  0
LINE
  5
51D
330
17
100
AcDbEntity
  8
GEOMETRY
100
AcDbLine
 10
442.90869140625
 20
467.5599670410156
 30
0.0
 11
443.2658386230469
 21
467.5599670410156
 31
0.0
  0
LINE
  5
51E
330
17
100
AcDbEntity
  8
GEOMETRY
100
AcDbLine
 10
443.2658386230469
 20
467.5599670410156
 30
0.0
 11
443.2658386230469
 21
467.2028045654297
 31
0.0
  0
LINE
  5
51F
330
17
100
AcDbEntity
  8
GEOMETRY
100
AcDbLine
 10
443.2658386230469
 20
467.2028045654297
 30
0.0
 11
441.8485412597656
 21
467.2028045654297
 31
0.0
  0
LINE
  5
520
330
17
100
AcDbEntity
  8
GEOMETRY
100
AcDbLine
 10
441.8485412597656
 20
467.2028045654297
 30
0.0
 11
441.8485412597656
 21
467.9171142578125
 31
0.0
  0
LINE
  5
521
330
17
100
AcDbEntity
  8
GEOMETRY
100
AcDbLine
 10
541.0594482421875
 20
471.8118591308594
 30
0.0
 11
541.0594482421875
 21
467.5599670410156
 31
0.0
  0
LINE
  5
522
330
17
100
AcDbEntity
  8
GEOMETRY
100
AcDbLine
 10
541.0594482421875
 20
467.5599670410156
 30
0.0
 11
463.1080322265625
 21
467.5599670410156
 31
0.0
  0
LINE
  5
523
330
17
100
AcDbEntity
  8
GEOMETRY
100
AcDbLine
 10
463.1080322265625
 20
467.5599670410156
 30
0.0
 11
463.1080322265625
 21
471.8118591308594
 31
0.0
  0
LINE
  5
524
330
17
100
AcDbEntity
  8
GEOMETRY
100
AcDbLine
 10
463.1080322265625
 20
471.8118591308594
 30
0.0
 11
541.0594482421875
 21
471.8118591308594
 31
0.0
  0
LWPOLYLINE
  5
525
330
17
100
AcDbEntity
  8
GEOMETRY
100
AcDbPolyline
 90
4
 70
1
 10
541.0594482421875
 20
471.8118591308594
 10
463.1080322265625
 20
471.8118591308594
 10
463.1080322265625
 20
467.5599670410156
 10
541.0594482421875
 20
467.5599670410156
  0
LINE
  5
526
330
17
100
AcDbEntity
  8
GEOMETRY
100
AcDbLine
 10
541.0594482421875
 20
471.8118591308594
 30
0.0
 11
541.0594482421875
 21
467.5599670410156
 31
0.0
  0
LINE
  5
527
330
17
100
AcDbEntity
  8
GEOMETRY
100
AcDbLine
 10
463.1080322265625
 20
471.8118591308594
 30
0.0
 11
463.1080322265625
 21
467.5599670410156
 31
0.0
  0
LINE
  5
528
330
17
100
AcDbEntity
  8
GEOMETRY
100
AcDbLine
 10
542.8339233398438
 20
463.3080596923828
 30
0.0
 11
542.8339233398438
 21
460.4734649658203
 31
0.0
  0
LINE
  5
529
330
17
100
AcDbEntity
  8
GEOMETRY
100
AcDbLine
 10
542.8339233398438
 20
460.4734649658203
 30
0.0
 11
542.11962890625
 21
460.4734649658203
 31
0.0
  0
LINE
  5
52A
330
17
100
AcDbEntity
  8
GEOMETRY
100
AcDbLine
 10
542.11962890625
 20
460.4734649658203
 30
0.0
 11
542.11962890625
 21
463.3080596923828
 31
0.0
  0
LINE
  5
52B
330
17
100
AcDbEntity
  8
GEOMETRY
100
AcDbLine
 10
542.11962890625
 20
463.3080596923828
 30
0.0
 11
542.8339233398438
 21
463.3080596923828
 31
0.0
  0
LINE
  5
52C
330
17
100
AcDbEntity
  8
GEOMETRY
100
AcDbLine
 10
542.8339233398438
 20
459.05616760253906
 30
0.0
 11
542.8339233398438
 21
456.22157287597656
 31
0.0
  0
LINE
  5
52D
330
17
100
AcDbEntity
  8
GEOMETRY
100
AcDbLine
 10
542.8339233398438
 20
456.22157287597656
 30
0.0
 11
542.11962890625
 21
456.22157287597656
 31
0.0
  0
LINE
  5
52E
330
17
100
AcDbEntity
  8
GEOMETRY
100
AcDbLine
 10
542.11962890625
 20
456.22157287597656
 30
0.0
 11
542.11962890625
 21
459.05616760253906
 31
0.0
  0
LINE
  5
52F
330
17
100
AcDbEntity
  8
GEOMETRY
100
AcDbLine
 10
542.11962890625
 20
459.05616760253906
 30
0.0
 11
542.8339233398438
 21
459.05616760253906
 31
0.0
  0
LINE
  5
530
330
17
100
AcDbEntity
  8
GEOMETRY
100
AcDbLine
 10
541.0594482421875
 20
455.8644104003906
 30
0.0
 11
538.224853515625
 21
455.8644104003906
 31
0.0
  0
LINE
  5
531
330
17
100
AcDbEntity
  8
GEOMETRY
100
AcDbLine
 10
538.224853515625
 20
455.8644104003906
 30
0.0
 11
538.224853515625
 21
456.57872009277344
 31
0.0
  0
LINE
  5
532
330
17
100
AcDbEntity
  8
GEOMETRY
100
AcDbLine
 10
538.224853515625
 20
456.57872009277344
 30
0.0
 11
541.0594482421875
 21
456.57872009277344
 31
0.0
  0
LINE
  5
533
330
17
100
AcDbEntity
  8
GEOMETRY
100
AcDbLine
 10
541.0594482421875
 20
456.57872009277344
 30
0.0
 11
541.0594482421875
 21
455.8644104003906
 31
0.0
  0
LINE
  5
534
330
17
100
AcDbEntity
  8
GEOMETRY
100
AcDbLine
 10
536.8076171875
 20
455.8644104003906
 30
0.0
 11
533.9730224609375
 21
455.8644104003906
 31
0.0
  0
LINE
  5
535
330
17
100
AcDbEntity
  8
GEOMETRY
100
AcDbLine
 10
533.9730224609375
 20
455.8644104003906
 30
0.0
 11
533.9730224609375
 21
456.57872009277344
 31
0.0
  0
LINE
  5
536
330
17
100
AcDbEntity
  8
GEOMETRY
100
AcDbLine
 10
533.9730224609375
 20
456.57872009277344
 30
0.0
 11
536.8076171875
 21
456.57872009277344
 31
0.0
  0
LINE
  5
537
330
17
100
AcDbEntity
  8
GEOMETRY
100
AcDbLine
 10
536.8076171875
 20
456.57872009277344
 30
0.0
 11
536.8076171875
 21
455.8644104003906
 31
0.0
  0
LINE
  5
538
330
17
100
AcDbEntity
  8
GEOMETRY
100
AcDbLine
 10
532.5556640625
 20
455.8644104003906
 30
0.0
 11
529.7210693359375
 21
455.8644104003906
 31
0.0
  0
LINE
  5
539
330
17
100
AcDbEntity
  8
GEOMETRY
100
AcDbLine
 10
529.7210693359375
 20
455.8644104003906
 30
0.0
 11
529.7210693359375
 21
456.57872009277344
 31
0.0
  0
LINE
  5
53A
330
17
100
AcDbEntity
  8
GEOMETRY
100
AcDbLine
 10
529.7210693359375
 20
456.57872009277344
 30
0.0
 11
532.5556640625
 21
456.57872009277344
 31
0.0
  0
LINE
  5
53B
330
17
100
AcDbEntity
  8
GEOMETRY
100
AcDbLine
 10
532.5556640625
 20
456.57872009277344
 30
0.0
 11
532.5556640625
 21
455.8644104003906
 31
0.0
  0
LINE
  5
53C
330
17
100
AcDbEntity
  8
GEOMETRY
100
AcDbLine
 10
528.3037719726562
 20
455.8644104003906
 30
0.0
 11
525.4691772460938
 21
455.8644104003906
 31
0.0
  0
LINE
  5
53D
330
17
100
AcDbEntity
  8
GEOMETRY
100
AcDbLine
 10
525.4691772460938
 20
455.8644104003906
 30
0.0
 11
525.4691772460938
 21
456.57872009277344
 31
0.0
  0
LINE
  5
53E
330
17
100
AcDbEntity
  8
GEOMETRY
100
AcDbLine
 10
525.4691772460938
 20
456.57872009277344
 30
0.0
 11
528.3037719726562
 21
456.57872009277344
 31
0.0
  0
LINE
  5
53F
330
17
100
AcDbEntity
  8
GEOMETRY
100
AcDbLine
 10
528.3037719726562
 20
456.57872009277344
 30
0.0
 11
528.3037719726562
 21
455.8644104003906
 31
0.0
  0
LINE
  5
540
330
17
100
AcDbEntity
  8
GEOMETRY
100
AcDbLine
 10
524.0518798828125
 20
455.8644104003906
 30
0.0
 11
521.21728515625
 21
455.8644104003906
 31
0.0
  0
LINE
  5
541
330
17
100
AcDbEntity
  8
GEOMETRY
100
AcDbLine
 10
521.21728515625
 20
455.8644104003906
 30
0.0
 11
521.21728515625
 21
456.57872009277344
 31
0.0
  0
LINE
  5
542
330
17
100
AcDbEntity
  8
GEOMETRY
100
AcDbLine
 10
521.21728515625
 20
456.57872009277344
 30
0.0
 11
524.0518798828125
 21
456.57872009277344
 31
0.0
  0
LINE
  5
543
330
17
100
AcDbEntity
  8
GEOMETRY
100
AcDbLine
 10
524.0518798828125
 20
456.57872009277344
 30
0.0
 11
524.0518798828125
 21
455.8644104003906
 31
0.0
  0
LINE
  5
544
330
17
100
AcDbEntity
  8
GEOMETRY
100
AcDbLine
 10
519.7999877929688
 20
455.8644104003906
 30
0.0
 11
516.9653930664062
 21
455.8644104003906
 31
0.0
  0
LINE
  5
545
330
17
100
AcDbEntity
  8
GEOMETRY
100
AcDbLine
 10
516.9653930664062
 20
455.8644104003906
 30
0.0
 11
516.9653930664062
 21
456.57872009277344
 31
0.0
  0
LINE
  5
546
330
17
100
AcDbEntity
  8
GEOMETRY
100
AcDbLine
 10
516.9653930664062
 20
456.57872009277344
 30
0.0
 11
519.7999877929688
 21
456.57872009277344
 31
0.0
  0
LINE
  5
547
330
17
100
AcDbEntity
  8
GEOMETRY
100
AcDbLine
 10
519.7999877929688
 20
456.57872009277344
 30
0.0
 11
519.7999877929688
 21
455.8644104003906
 31
0.0
  0
LINE
  5
548
330
17
100
AcDbEntity
  8
GEOMETRY
100
AcDbLine
 10
515.548095703125
 20
455.8644104003906
 30
0.0
 11
512.7135009765625
 21
455.8644104003906
 31
0.0
  0
LINE
  5
549
330
17
100
AcDbEntity
  8
GEOMETRY
100
AcDbLine
 10
512.7135009765625
 20
455.8644104003906
 30
0.0
 11
512.7135009765625
 21
456.57872009277344
 31
0.0
  0
LINE
  5
54A
330
17
100
AcDbEntity
  8
GEOMETRY
100
AcDbLine
 10
512.7135009765625
 20
456.57872009277344
 30
0.0
 11
515.548095703125
 21
456.57872009277344
 31
0.0
  0
LINE
  5
54B
330
17
100
AcDbEntity
  8
GEOMETRY
100
AcDbLine
 10
515.548095703125
 20
456.57872009277344
 30
0.0
 11
515.548095703125
 21
455.8644104003906
 31
0.0
  0
LINE
  5
54C
330
17
100
AcDbEntity
  8
GEOMETRY
100
AcDbLine
 10
511.29620361328125
 20
455.8644104003906
 30
0.0
 11
508.46160888671875
 21
455.8644104003906
 31
0.0
  0
LINE
  5
54D
330
17
100
AcDbEntity
  8
GEOMETRY
100
AcDbLine
 10
508.46160888671875
 20
455.8644104003906
 30
0.0
 11
508.46160888671875
 21
456.57872009277344
 31
0.0
  0
LINE
  5
54E
330
17
100
AcDbEntity
  8
GEOMETRY
100
AcDbLine
 10
508.46160888671875
 20
456.57872009277344
 30
0.0
 11
511.29620361328125
 21
456.57872009277344
 31
0.0
  0
LINE
  5
54F
330
17
100
AcDbEntity
  8
GEOMETRY
100
AcDbLine
 10
511.29620361328125
 20
456.57872009277344
 30
0.0
 11
511.29620361328125
 21
455.8644104003906
 31
0.0
  0
LINE
  5
550
330
17
100
AcDbEntity
  8
GEOMETRY
100
AcDbLine
 10
507.0443115234375
 20
455.8644104003906
 30
0.0
 11
504.2096862792969
 21
455.8644104003906
 31
0.0
  0
LINE
  5
551
330
17
100
AcDbEntity
  8
GEOMETRY
100
AcDbLine
 10
504.2096862792969
 20
455.8644104003906
 30
0.0
 11
504.2096862792969
 21
456.57872009277344
 31
0.0
  0
LINE
  5
552
330
17
100
AcDbEntity
  8
GEOMETRY
100
AcDbLine
 10
504.2096862792969
 20
456.57872009277344
 30
0.0
 11
507.0443115234375
 21
456.57872009277344
 31
0.0
  0
LINE
  5
553
330
17
100
AcDbEntity
  8
GEOMETRY
100
AcDbLine
 10
507.0443115234375
 20
456.57872009277344
 30
0.0
 11
507.0443115234375
 21
455.8644104003906
 31
0.0
  0
LINE
  5
554
330
17
100
AcDbEntity
  8
GEOMETRY
100
AcDbLine
 10
502.7923889160156
 20
455.8644104003906
 30
0.0
 11
499.9577941894531
 21
455.8644104003906
 31
0.0
  0
LINE
  5
555
330
17
100
AcDbEntity
  8
GEOMETRY
100
AcDbLine
 10
499.9577941894531
 20
455.8644104003906
 30
0.0
 11
499.9577941894531
 21
456.57872009277344
 31
0.0
  0
LINE
  5
556
330
17
100
AcDbEntity
  8
GEOMETRY
100
AcDbLine
 10
499.9577941894531
 20
456.57872009277344
 30
0.0
 11
502.7923889160156
 21
456.57872009277344
 31
0.0
  0
LINE
  5
557
330
17
100
AcDbEntity
  8
GEOMETRY
100
AcDbLine
 10
502.7923889160156
 20
456.57872009277344
 30
0.0
 11
502.7923889160156
 21
455.8644104003906
 31
0.0
  0
LINE
  5
558
330
17
100
AcDbEntity
  8
GEOMETRY
100
AcDbLine
 10
498.5404968261719
 20
455.8644104003906
 30
0.0
 11
495.7059020996094
 21
455.8644104003906
 31
0.0
  0
LINE
  5
559
330
17
100
AcDbEntity
  8
GEOMETRY
100
AcDbLine
 10
495.7059020996094
 20
455.8644104003906
 30
0.0
 11
495.7059020996094
 21
456.57872009277344
 31
0.0
  0
LINE
  5
55A
330
17
100
AcDbEntity
  8
GEOMETRY
100
AcDbLine
 10
495.7059020996094
 20
456.57872009277344
 30
0.0
 11
498.5404968261719
 21
456.57872009277344
 31
0.0
  0
LINE
  5
55B
330
17
100
AcDbEntity
  8
GEOMETRY
100
AcDbLine
 10
498.5404968261719
 20
456.57872009277344
 30
0.0
 11
498.5404968261719
 21
455.8644104003906
 31
0.0
  0
LINE
  5
55C
330
17
100
AcDbEntity
  8
GEOMETRY
100
AcDbLine
 10
494.2886047363281
 20
455.8644104003906
 30
0.0
 11
491.4540100097656
 21
455.8644104003906
 31
0.0
  0
LINE
  5
55D
330
17
100
AcDbEntity
  8
GEOMETRY
100
AcDbLine
 10
491.4540100097656
 20
455.8644104003906
 30
0.0
 11
491.4540100097656
 21
456.57872009277344
 31
0.0
  0
LINE
  5
55E
330
17
100
AcDbEntity
  8
GEOMETRY
100
AcDbLine
 10
491.4540100097656
 20
456.57872009277344
 30
0.0
 11
494.2886047363281
 21
456.57872009277344
 31
0.0
  0
LINE
  5
55F
330
17
100
AcDbEntity
  8
GEOMETRY
100
AcDbLine
 10
494.2886047363281
 20
456.57872009277344
 30
0.0
 11
494.2886047363281
 21
455.8644104003906
 31
0.0
  0
LINE
  5
560
330
17
100
AcDbEntity
  8
GEOMETRY
100
AcDbLine
 10
490.0367126464844
 20
455.8644104003906
 30
0.0
 11
487.2021179199219
 21
455.8644104003906
 31
0.0
  0
LINE
  5
561
330
17
100
AcDbEntity
  8
GEOMETRY
100
AcDbLine
 10
487.2021179199219
 20
455.8644104003906
 30
0.0
 11
487.2021179199219
 21
456.57872009277344
 31
0.0
  0
LINE
  5
562
330
17
100
AcDbEntity
  8
GEOMETRY
100
AcDbLine
 10
487.2021179199219
 20
456.57872009277344
 30
0.0
 11
490.0367126464844
 21
456.57872009277344
 31
0.0
  0
LINE
  5
563
330
17
100
AcDbEntity
  8
GEOMETRY
100
AcDbLine
 10
490.0367126464844
 20
456.57872009277344
 30
0.0
 11
490.0367126464844
 21
455.8644104003906
 31
0.0
  0
LINE
  5
564
330
17
100
AcDbEntity
  8
GEOMETRY
100
AcDbLine
 10
485.7848205566406
 20
455.8644104003906
 30
0.0
 11
482.9502258300781
 21
455.8644104003906
 31
0.0
  0
LINE
  5
565
330
17
100
AcDbEntity
  8
GEOMETRY
100
AcDbLine
 10
482.9502258300781
 20
455.8644104003906
 30
0.0
 11
482.9502258300781
 21
456.57872009277344
 31
0.0
  0
LINE
  5
566
330
17
100
AcDbEntity
  8
GEOMETRY
100
AcDbLine
 10
482.9502258300781
 20
456.57872009277344
 30
0.0
 11
485.7848205566406
 21
456.57872009277344
 31
0.0
  0
LINE
  5
567
330
17
100
AcDbEntity
  8
GEOMETRY
100
AcDbLine
 10
485.7848205566406
 20
456.57872009277344
 30
0.0
 11
485.7848205566406
 21
455.8644104003906
 31
0.0
  0
LINE
  5
568
330
17
100
AcDbEntity
  8
GEOMETRY
100
AcDbLine
 10
481.53289794921875
 20
455.8644104003906
 30
0.0
 11
478.69830322265625
 21
455.8644104003906
 31
0.0
  0
LINE
  5
569
330
17
100
AcDbEntity
  8
GEOMETRY
100
AcDbLine
 10
478.69830322265625
 20
455.8644104003906
 30
0.0
 11
478.69830322265625
 21
456.57872009277344
 31
0.0
  0
LINE
  5
56A
330
17
100
AcDbEntity
  8
GEOMETRY
100
AcDbLine
 10
478.69830322265625
 20
456.57872009277344
 30
0.0
 11
481.53289794921875
 21
456.57872009277344
 31
0.0
  0
LINE
  5
56B
330
17
100
AcDbEntity
  8
GEOMETRY
100
AcDbLine
 10
481.53289794921875
 20
456.57872009277344
 30
0.0
 11
481.53289794921875
 21
455.8644104003906
 31
0.0
  0
LINE
  5
56C
330
17
100
AcDbEntity
  8
GEOMETRY
100
AcDbLine
 10
477.281005859375
 20
455.8644104003906
 30
0.0
 11
474.4464111328125
 21
455.8644104003906
 31
0.0
  0
LINE
  5
56D
330
17
100
AcDbEntity
  8
GEOMETRY
100
AcDbLine
 10
474.4464111328125
 20
455.8644104003906
 30
0.0
 11
474.4464111328125
 21
456.57872009277344
 31
0.0
  0
LINE
  5
56E
330
17
100
AcDbEntity
  8
GEOMETRY
100
AcDbLine
 10
474.4464111328125
 20
456.57872009277344
 30
0.0
 11
477.281005859375
 21
456.57872009277344
 31
0.0
  0
LINE
  5
56F
330
17
100
AcDbEntity
  8
GEOMETRY
100
AcDbLine
 10
477.281005859375
 20
456.57872009277344
 30
0.0
 11
477.281005859375
 21
455.8644104003906
 31
0.0
  0
LINE
  5
570
330
17
100
AcDbEntity
  8
GEOMETRY
100
AcDbLine
 10
473.02911376953125
 20
455.8644104003906
 30
0.0
 11
470.19451904296875
 21
455.8644104003906
 31
0.0
  0
LINE
  5
571
330
17
100
AcDbEntity
  8
GEOMETRY
100
AcDbLine
 10
470.19451904296875
 20
455.8644104003906
 30
0.0
 11
470.19451904296875
 21
456.57872009277344
 31
0.0
  0
LINE
  5
572
330
17
100
AcDbEntity
  8
GEOMETRY
100
AcDbLine
 10
470.19451904296875
 20
456.57872009277344
 30
0.0
 11
473.02911376953125
 21
456.57872009277344
 31
0.0
  0
LINE
  5
573
330
17
100
AcDbEntity
  8
GEOMETRY
100
AcDbLine
 10
473.02911376953125
 20
456.57872009277344
 30
0.0
 11
473.02911376953125
 21
455.8644104003906
 31
0.0
  0
LINE
  5
574
330
17
100
AcDbEntity
  8
GEOMETRY
100
AcDbLine
 10
468.7772216796875
 20
455.8644104003906
 30
0.0
 11
465.942626953125
 21
455.8644104003906
 31
0.0
  0
LINE
  5
575
330
17
100
AcDbEntity
  8
GEOMETRY
100
AcDbLine
 10
465.942626953125
 20
455.8644104003906
 30
0.0
 11
465.942626953125
 21
456.57872009277344
 31
0.0
  0
LINE
  5
576
330
17
100
AcDbEntity
  8
GEOMETRY
100
AcDbLine
 10
465.942626953125
 20
456.57872009277344
 30
0.0
 11
468.7772216796875
 21
456.57872009277344
 31
0.0
  0
LINE
  5
577
330
17
100
AcDbEntity
  8
GEOMETRY
100
AcDbLine
 10
468.7772216796875
 20
456.57872009277344
 30
0.0
 11
468.7772216796875
 21
455.8644104003906
 31
0.0
  0
LINE
  5
578
330
17
100
AcDbEntity
  8
GEOMETRY
100
AcDbLine
 10
464.52532958984375
 20
455.8644104003906
 30
0.0
 11
461.69073486328125
 21
455.8644104003906
 31
0.0
  0
LINE
  5
579
330
17
100
AcDbEntity
  8
GEOMETRY
100
AcDbLine
 10
461.69073486328125
 20
455.8644104003906
 30
0.0
 11
461.69073486328125
 21
456.57872009277344
 31
0.0
  0
LINE
  5
57A
330
17
100
AcDbEntity
  8
GEOMETRY
100
AcDbLine
 10
461.69073486328125
 20
456.57872009277344
 30
0.0
 11
464.52532958984375
 21
456.57872009277344
 31
0.0
  0
LINE
  5
57B
330
17
100
AcDbEntity
  8
GEOMETRY
100
AcDbLine
 10
464.52532958984375
 20
456.57872009277344
 30
0.0
 11
464.52532958984375
 21
455.8644104003906
 31
0.0
  0
LINE
  5
57C
330
17
100
AcDbEntity
  8
GEOMETRY
100
AcDbLine
 10
461.3335876464844
 20
457.6388702392578
 30
0.0
 11
461.3335876464844
 21
460.4734649658203
 31
0.0
  0
LINE
  5
57D
330
17
100
AcDbEntity
  8
GEOMETRY
100
AcDbLine
 10
461.3335876464844
 20
460.4734649658203
 30
0.0
 11
462.0478820800781
 21
460.4734649658203
 31
0.0
  0
LINE
  5
57E
330
17
100
AcDbEntity
  8
GEOMETRY
100
AcDbLine
 10
462.0478820800781
 20
460.4734649658203
 30
0.0
 11
462.0478820800781
 21
457.6388702392578
 31
0.0
  0
LINE
  5
57F
330
17
100
AcDbEntity
  8
GEOMETRY
100
AcDbLine
 10
462.0478820800781
 20
457.6388702392578
 30
0.0
 11
461.3335876464844
 21
457.6388702392578
 31
0.0
  0
LINE
  5
580
330
17
100
AcDbEntity
  8
GEOMETRY
100
AcDbLine
 10
461.3335876464844
 20
461.89076232910156
 30
0.0
 11
461.3335876464844
 21
464.72535705566406
 31
0.0
  0
LINE
  5
581
330
17
100
AcDbEntity
  8
GEOMETRY
100
AcDbLine
 10
461.3335876464844
 20
464.72535705566406
 30
0.0
 11
462.0478820800781
 21
464.72535705566406
 31
0.0
  0
LINE
  5
582
330
17
100
AcDbEntity
  8
GEOMETRY
100
AcDbLine
 10
462.0478820800781
 20
464.72535705566406
 30
0.0
 11
462.0478820800781
 21
461.89076232910156
 31
0.0
  0
LINE
  5
583
330
17
100
AcDbEntity
  8
GEOMETRY
100
AcDbLine
 10
462.0478820800781
 20
461.89076232910156
 30
0.0
 11
461.3335876464844
 21
461.89076232910156
 31
0.0
  0
LINE
  5
584
330
17
100
AcDbEntity
  8
GEOMETRY
100
AcDbLine
 10
461.3335876464844
 20
466.1426696777344
 30
0.0
 11
461.3335876464844
 21
467.9171142578125
 31
0.0
  0
LINE
  5
585
330
17
100
AcDbEntity
  8
GEOMETRY
100
AcDbLine
 10
461.3335876464844
 20
467.9171142578125
 30
0.0
 11
463.1080322265625
 21
467.9171142578125
 31
0.0
  0
LINE
  5
586
330
17
100
AcDbEntity
  8
GEOMETRY
100
AcDbLine
 10
463.1080322265625
 20
467.9171142578125
 30
0.0
 11
463.1080322265625
 21
467.2028045654297
 31
0.0
  0
LINE
  5
587
330
17
100
AcDbEntity
  8
GEOMETRY
100
AcDbLine
 10
463.1080322265625
 20
467.2028045654297
 30
0.0
 11
461.69073486328125
 21
467.2028045654297
 31
0.0
  0
LINE
  5
588
330
17
100
AcDbEntity
  8
GEOMETRY
100
AcDbLine
 10
461.69073486328125
 20
467.2028045654297
 30
0.0
 11
461.69073486328125
 21
467.5599670410156
 31
0.0
  0
LINE
  5
589
330
17
100
AcDbEntity
  8
GEOMETRY
100
AcDbLine
 10
461.69073486328125
 20
467.5599670410156
 30
0.0
 11
462.0478820800781
 21
467.5599670410156
 31
0.0
  0
LINE
  5
58A
330
17
100
AcDbEntity
  8
GEOMETRY
100
AcDbLine
 10
462.0478820800781
 20
467.5599670410156
 30
0.0
 11
462.0478820800781
 21
466.1426696777344
 31
0.0
  0
LINE
  5
58B
330
17
100
AcDbEntity
  8
GEOMETRY
100
AcDbLine
 10
462.0478820800781
 20
466.1426696777344
 30
0.0
 11
461.3335876464844
 21
466.1426696777344
 31
0.0
  0
LINE
  5
58C
330
17
100
AcDbEntity
  8
GEOMETRY
100
AcDbLine
 10
464.52532958984375
 20
467.9171142578125
 30
0.0
 11
467.35992431640625
 21
467.9171142578125
 31
0.0
  0
LINE
  5
58D
330
17
100
AcDbEntity
  8
GEOMETRY
100
AcDbLine
 10
467.35992431640625
 20
467.9171142578125
 30
0.0
 11
467.35992431640625
 21
467.2028045654297
 31
0.0
  0
LINE
  5
58E
330
17
100
AcDbEntity
  8
GEOMETRY
100
AcDbLine
 10
467.35992431640625
 20
467.2028045654297
 30
0.0
 11
464.52532958984375
 21
467.2028045654297
 31
0.0
  0
LINE
  5
58F
330
17
100
AcDbEntity
  8
GEOMETRY
100
AcDbLine
 10
464.52532958984375
 20
467.2028045654297
 30
0.0
 11
464.52532958984375
 21
467.9171142578125
 31
0.0
  0
LINE
  5
590
330
17
100
AcDbEntity
  8
GEOMETRY
100
AcDbLine
 10
468.7772216796875
 20
467.9171142578125
 30
0.0
 11
471.61181640625
 21
467.9171142578125
 31
0.0
  0
LINE
  5
591
330
17
100
AcDbEntity
  8
GEOMETRY
100
AcDbLine
 10
471.61181640625
 20
467.9171142578125
 30
0.0
 11
471.61181640625
 21
467.2028045654297
 31
0.0
  0
LINE
  5
592
330
17
100
AcDbEntity
  8
GEOMETRY
100
AcDbLine
 10
471.61181640625
 20
467.2028045654297
 30
0.0
 11
468.7772216796875
 21
467.2028045654297
 31
0.0
  0
LINE
  5
593
330
17
100
AcDbEntity
  8
GEOMETRY
100
AcDbLine
 10
468.7772216796875
 20
467.2028045654297
 30
0.0
 11
468.7772216796875
 21
467.9171142578125
 31
0.0
  0
LINE
  5
594
330
17
100
AcDbEntity
  8
GEOMETRY
100
AcDbLine
 10
473.02911376953125
 20
467.9171142578125
 30
0.0
 11
475.86370849609375
 21
467.9171142578125
 31
0.0
  0
LINE
  5
595
330
17
100
AcDbEntity
  8
GEOMETRY
100
AcDbLine
 10
475.86370849609375
 20
467.9171142578125
 30
0.0
 11
475.86370849609375
 21
467.2028045654297
 31
0.0
  0
LINE
  5
596
330
17
100
AcDbEntity
  8
GEOMETRY
100
AcDbLine
 10
475.86370849609375
 20
467.2028045654297
 30
0.0
 11
473.02911376953125
 21
467.2028045654297
 31
0.0
  0
LINE
  5
597
330
17
100
AcDbEntity
  8
GEOMETRY
100
AcDbLine
 10
473.02911376953125
 20
467.2028045654297
 30
0.0
 11
473.02911376953125
 21
467.9171142578125
 31
0.0
  0
LINE
  5
598
330
17
100
AcDbEntity
  8
GEOMETRY
100
AcDbLine
 10
477.281005859375
 20
467.9171142578125
 30
0.0
 11
480.1156005859375
 21
467.9171142578125
 31
0.0
  0
LINE
  5
599
330
17
100
AcDbEntity
  8
GEOMETRY
100
AcDbLine
 10
480.1156005859375
 20
467.9171142578125
 30
0.0
 11
480.1156005859375
 21
467.2028045654297
 31
0.0
  0
LINE
  5
59A
330
17
100
AcDbEntity
  8
GEOMETRY
100
AcDbLine
 10
480.1156005859375
 20
467.2028045654297
 30
0.0
 11
477.281005859375
 21
467.2028045654297
 31
0.0
  0
LINE
  5
59B
330
17
100
AcDbEntity
  8
GEOMETRY
100
AcDbLine
 10
477.281005859375
 20
467.2028045654297
 30
0.0
 11
477.281005859375
 21
467.9171142578125
 31
0.0
  0
LINE
  5
59C
330
17
100
AcDbEntity
  8
GEOMETRY
100
AcDbLine
 10
481.53289794921875
 20
467.9171142578125
 30
0.0
 11
484.3675231933594
 21
467.9171142578125
 31
0.0
  0
LINE
  5
59D
330
17
100
AcDbEntity
  8
GEOMETRY
100
AcDbLine
 10
484.3675231933594
 20
467.9171142578125
 30
0.0
 11
484.3675231933594
 21
467.2028045654297
 31
0.0
  0
LINE
  5
59E
330
17
100
AcDbEntity
  8
GEOMETRY
100
AcDbLine
 10
484.3675231933594
 20
467.2028045654297
 30
0.0
 11
481.53289794921875
 21
467.2028045654297
 31
0.0
  0
LINE
  5
59F
330
17
100
AcDbEntity
  8
GEOMETRY
100
AcDbLine
 10
481.53289794921875
 20
467.2028045654297
 30
0.0
 11
481.53289794921875
 21
467.9171142578125
 31
0.0
  0
LINE
  5
5A0
330
17
100
AcDbEntity
  8
GEOMETRY
100
AcDbLine
 10
485.7848205566406
 20
467.9171142578125
 30
0.0
 11
488.6194152832031
 21
467.9171142578125
 31
0.0
  0
LINE
  5
5A1
330
17
100
AcDbEntity
  8
GEOMETRY
100
AcDbLine
 10
488.6194152832031
 20
467.9171142578125
 30
0.0
 11
488.6194152832031
 21
467.2028045654297
 31
0.0
  0
LINE
  5
5A2
330
17
100
AcDbEntity
  8
GEOMETRY
100
AcDbLine
 10
488.6194152832031
 20
467.2028045654297
 30
0.0
 11
485.7848205566406
 21
467.2028045654297
 31
0.0
  0
LINE
  5
5A3
330
17
100
AcDbEntity
  8
GEOMETRY
100
AcDbLine
 10
485.7848205566406
 20
467.2028045654297
 30
0.0
 11
485.7848205566406
 21
467.9171142578125
 31
0.0
  0
LINE
  5
5A4
330
17
100
AcDbEntity
  8
GEOMETRY
100
AcDbLine
 10
490.0367126464844
 20
467.9171142578125
 30
0.0
 11
492.8713073730469
 21
467.9171142578125
 31
0.0
  0
LINE
  5
5A5
330
17
100
AcDbEntity
  8
GEOMETRY
100
AcDbLine
 10
492.8713073730469
 20
467.9171142578125
 30
0.0
 11
492.8713073730469
 21
467.2028045654297
 31
0.0
  0
LINE
  5
5A6
330
17
100
AcDbEntity
  8
GEOMETRY
100
AcDbLine
 10
492.8713073730469
 20
467.2028045654297
 30
0.0
 11
490.0367126464844
 21
467.2028045654297
 31
0.0
  0
LINE
  5
5A7
330
17
100
AcDbEntity
  8
GEOMETRY
100
AcDbLine
 10
490.0367126464844
 20
467.2028045654297
 30
0.0
 11
490.0367126464844
 21
467.9171142578125
 31
0.0
  0
LINE
  5
5A8
330
17
100
AcDbEntity
  8
GEOMETRY
100
AcDbLine
 10
494.2886047363281
 20
467.9171142578125
 30
0.0
 11
497.1231994628906
 21
467.9171142578125
 31
0.0
  0
LINE
  5
5A9
330
17
100
AcDbEntity
  8
GEOMETRY
100
AcDbLine
 10
497.1231994628906
 20
467.9171142578125
 30
0.0
 11
497.1231994628906
 21
467.2028045654297
 31
0.0
  0
LINE
  5
5AA
330
17
100
AcDbEntity
  8
GEOMETRY
100
AcDbLine
 10
497.1231994628906
 20
467.2028045654297
 30
0.0
 11
494.2886047363281
 21
467.2028045654297
 31
0.0
  0
LINE
  5
5AB
330
17
100
AcDbEntity
  8
GEOMETRY
100
AcDbLine
 10
494.2886047363281
 20
467.2028045654297
 30
0.0
 11
494.2886047363281
 21
467.9171142578125
 31
0.0
  0
LINE
  5
5AC
330
17
100
AcDbEntity
  8
GEOMETRY
100
AcDbLine
 10
498.5404968261719
 20
467.9171142578125
 30
0.0
 11
501.3750915527344
 21
467.9171142578125
 31
0.0
  0
LINE
  5
5AD
330
17
100
AcDbEntity
  8
GEOMETRY
100
AcDbLine
 10
501.3750915527344
 20
467.9171142578125
 30
0.0
 11
501.3750915527344
 21
467.2028045654297
 31
0.0
  0
LINE
  5
5AE
330
17
100
AcDbEntity
  8
GEOMETRY
100
AcDbLine
 10
501.3750915527344
 20
467.2028045654297
 30
0.0
 11
498.5404968261719
 21
467.2028045654297
 31
0.0
  0
LINE
  5
5AF
330
17
100
AcDbEntity
  8
GEOMETRY
100
AcDbLine
 10
498.5404968261719
 20
467.2028045654297
 30
0.0
 11
498.5404968261719
 21
467.9171142578125
 31
0.0
  0
LINE
  5
5B0
330
17
100
AcDbEntity
  8
GEOMETRY
100
AcDbLine
 10
502.7923889160156
 20
467.9171142578125
 30
0.0
 11
505.6269836425781
 21
467.9171142578125
 31
0.0
  0
LINE
  5
5B1
330
17
100
AcDbEntity
  8
GEOMETRY
100
AcDbLine
 10
505.6269836425781
 20
467.9171142578125
 30
0.0
 11
505.6269836425781
 21
467.2028045654297
 31
0.0
  0
LINE
  5
5B2
330
17
100
AcDbEntity
  8
GEOMETRY
100
AcDbLine
 10
505.6269836425781
 20
467.2028045654297
 30
0.0
 11
502.7923889160156
 21
467.2028045654297
 31
0.0
  0
LINE
  5
5B3
330
17
100
AcDbEntity
  8
GEOMETRY
100
AcDbLine
 10
502.7923889160156
 20
467.2028045654297
 30
0.0
 11
502.7923889160156
 21
467.9171142578125
 31
0.0
  0
LINE
  5
5B4
330
17
100
AcDbEntity
  8
GEOMETRY
100
AcDbLine
 10
507.0443115234375
 20
467.9171142578125
 30
0.0
 11
509.87890625
 21
467.9171142578125
 31
0.0
  0
LINE
  5
5B5
330
17
100
AcDbEntity
  8
GEOMETRY
100
AcDbLine
 10
509.87890625
 20
467.9171142578125
 30
0.0
 11
509.87890625
 21
467.2028045654297
 31
0.0
  0
LINE
  5
5B6
330
17
100
AcDbEntity
  8
GEOMETRY
100
AcDbLine
 10
509.87890625
 20
467.2028045654297
 30
0.0
 11
507.0443115234375
 21
467.2028045654297
 31
0.0
  0
LINE
  5
5B7
330
17
100
AcDbEntity
  8
GEOMETRY
100
AcDbLine
 10
507.0443115234375
 20
467.2028045654297
 30
0.0
 11
507.0443115234375
 21
467.9171142578125
 31
0.0
  0
LINE
  5
5B8
330
17
100
AcDbEntity
  8
GEOMETRY
100
AcDbLine
 10
511.29620361328125
 20
467.9171142578125
 30
0.0
 11
514.1307983398438
 21
467.9171142578125
 31
0.0
  0
LINE
  5
5B9
330
17
100
AcDbEntity
  8
GEOMETRY
100
AcDbLine
 10
514.1307983398438
 20
467.9171142578125
 30
0.0
 11
514.1307983398438
 21
467.2028045654297
 31
0.0
  0
LINE
  5
5BA
330
17
100
AcDbEntity
  8
GEOMETRY
100
AcDbLine
 10
514.1307983398438
 20
467.2028045654297
 30
0.0
 11
511.29620361328125
 21
467.2028045654297
 31
0.0
  0
LINE
  5
5BB
330
17
100
AcDbEntity
  8
GEOMETRY
100
AcDbLine
 10
511.29620361328125
 20
467.2028045654297
 30
0.0
 11
511.29620361328125
 21
467.9171142578125
 31
0.0
  0
LINE
  5
5BC
330
17
100
AcDbEntity
  8
GEOMETRY
100
AcDbLine
 10
515.548095703125
 20
467.9171142578125
 30
0.0
 11
518.3826904296875
 21
467.9171142578125
 31
0.0
  0
LINE
  5
5BD
330
17
100
AcDbEntity
  8
GEOMETRY
100
AcDbLine
 10
518.3826904296875
 20
467.9171142578125
 30
0.0
 11
518.3826904296875
 21
467.2028045654297
 31
0.0
  0
LINE
  5
5BE
330
17
100
AcDbEntity
  8
GEOMETRY
100
AcDbLine
 10
518.3826904296875
 20
467.2028045654297
 30
0.0
 11
515.548095703125
 21
467.2028045654297
 31
0.0
  0
LINE
  5
5BF
330
17
100
AcDbEntity
  8
GEOMETRY
100
AcDbLine
 10
515.548095703125
 20
467.2028045654297
 30
0.0
 11
515.548095703125
 21
467.9171142578125
 31
0.0
  0
LINE
  5
5C0
330
17
100
AcDbEntity
  8
GEOMETRY
100
AcDbLine
 10
519.7999877929688
 20
467.9171142578125
 30
0.0
 11
522.6345825195312
 21
467.9171142578125
 31
0.0
  0
LINE
  5
5C1
330
17
100
AcDbEntity
  8
GEOMETRY
100
AcDbLine
 10
522.6345825195312
 20
467.9171142578125
 30
0.0
 11
522.6345825195312
 21
467.2028045654297
 31
0.0
  0
LINE
  5
5C2
330
17
100
AcDbEntity
  8
GEOMETRY
100
AcDbLine
 10
522.6345825195312
 20
467.2028045654297
 30
0.0
 11
519.7999877929688
 21
467.2028045654297
 31
0.0
  0
LINE
  5
5C3
330
17
100
AcDbEntity
  8
GEOMETRY
100
AcDbLine
 10
519.7999877929688
 20
467.2028045654297
 30
0.0
 11
519.7999877929688
 21
467.9171142578125
 31
0.0
  0
LINE
  5
5C4
330
17
100
AcDbEntity
  8
GEOMETRY
100
AcDbLine
 10
524.0518798828125
 20
467.9171142578125
 30
0.0
 11
526.886474609375
 21
467.9171142578125
 31
0.0
  0
LINE
  5
5C5
330
17
100
AcDbEntity
  8
GEOMETRY
100
AcDbLine
 10
526.886474609375
 20
467.9171142578125
 30
0.0
 11
526.886474609375
 21
467.2028045654297
 31
0.0
  0
LINE
  5
5C6
330
17
100
AcDbEntity
  8
GEOMETRY
100
AcDbLine
 10
526.886474609375
 20
467.2028045654297
 30
0.0
 11
524.0518798828125
 21
467.2028045654297
 31
0.0
  0
LINE
  5
5C7
330
17
100
AcDbEntity
  8
GEOMETRY
100
AcDbLine
 10
524.0518798828125
 20
467.2028045654297
 30
0.0
 11
524.0518798828125
 21
467.9171142578125
 31
0.0
  0
LINE
  5
5C8
330
17
100
AcDbEntity
  8
GEOMETRY
100
AcDbLine
 10
528.3037719726562
 20
467.9171142578125
 30
0.0
 11
531.138427734375
 21
467.9171142578125
 31
0.0
  0
LINE
  5
5C9
330
17
100
AcDbEntity
  8
GEOMETRY
100
AcDbLine
 10
531.138427734375
 20
467.9171142578125
 30
0.0
 11
531.138427734375
 21
467.2028045654297
 31
0.0
  0
LINE
  5
5CA
330
17
100
AcDbEntity
  8
GEOMETRY
100
AcDbLine
 10
531.138427734375
 20
467.2028045654297
 30
0.0
 11
528.3037719726562
 21
467.2028045654297
 31
0.0
  0
LINE
  5
5CB
330
17
100
AcDbEntity
  8
GEOMETRY
100
AcDbLine
 10
528.3037719726562
 20
467.2028045654297
 30
0.0
 11
528.3037719726562
 21
467.9171142578125
 31
0.0
  0
LINE
  5
5CC
330
17
100
AcDbEntity
  8
GEOMETRY
100
AcDbLine
 10
532.5556640625
 20
467.9171142578125
 30
0.0
 11
535.3902587890625
 21
467.9171142578125
 31
0.0
  0
LINE
  5
5CD
330
17
100
AcDbEntity
  8
GEOMETRY
100
AcDbLine
 10
535.3902587890625
 20
467.9171142578125
 30
0.0
 11
535.3902587890625
 21
467.2028045654297
 31
0.0
  0
LINE
  5
5CE
330
17
100
AcDbEntity
  8
GEOMETRY
100
AcDbLine
 10
535.3902587890625
 20
467.2028045654297
 30
0.0
 11
532.5556640625
 21
467.2028045654297
 31
0.0
  0
LINE
  5
5CF
330
17
100
AcDbEntity
  8
GEOMETRY
100
AcDbLine
 10
532.5556640625
 20
467.2028045654297
 30
0.0
 11
532.5556640625
 21
467.9171142578125
 31
0.0
  0
LINE
  5
5D0
330
17
100
AcDbEntity
  8
GEOMETRY
100
AcDbLine
 10
536.8076171875
 20
467.9171142578125
 30
0.0
 11
539.6422119140625
 21
467.9171142578125
 31
0.0
  0
LINE
  5
5D1
330
17
100
AcDbEntity
  8
GEOMETRY
100
AcDbLine
 10
539.6422119140625
 20
467.9171142578125
 30
0.0
 11
539.6422119140625
 21
467.2028045654297
 31
0.0
  0
LINE
  5
5D2
330
17
100
AcDbEntity
  8
GEOMETRY
100
AcDbLine
 10
539.6422119140625
 20
467.2028045654297
 30
0.0
 11
536.8076171875
 21
467.2028045654297
 31
0.0
  0
LINE
  5
5D3
330
17
100
AcDbEntity
  8
GEOMETRY
100
AcDbLine
 10
536.8076171875
 20
467.2028045654297
 30
0.0
 11
536.8076171875
 21
467.9171142578125
 31
0.0
  0
LINE
  5
5D4
330
17
100
AcDbEntity
  8
GEOMETRY
100
AcDbLine
 10
541.0594482421875
 20
467.9171142578125
 30
0.0
 11
542.8339233398438
 21
467.9171142578125
 31
0.0
  0
LINE
  5
5D5
330
17
100
AcDbEntity
  8
GEOMETRY
100
AcDbLine
 10
542.8339233398438
 20
467.9171142578125
 30
0.0
 11
542.8339233398438
 21
464.72535705566406
 31
0.0
  0
LINE
  5
5D6
330
17
100
AcDbEntity
  8
GEOMETRY
100
AcDbLine
 10
542.8339233398438
 20
464.72535705566406
 30
0.0
 11
542.11962890625
 21
464.72535705566406
 31
0.0
  0
LINE
  5
5D7
330
17
100
AcDbEntity
  8
GEOMETRY
100
AcDbLine
 10
542.11962890625
 20
464.72535705566406
 30
0.0
 11
542.11962890625
 21
467.5599670410156
 31
0.0
  0
LINE
  5
5D8
330
17
100
AcDbEntity
  8
GEOMETRY
100
AcDbLine
 10
542.11962890625
 20
467.5599670410156
 30
0.0
 11
542.476806640625
 21
467.5599670410156
 31
0.0
  0
LINE
  5
5D9
330
17
100
AcDbEntity
  8
GEOMETRY
100
AcDbLine
 10
542.476806640625
 20
467.5599670410156
 30
0.0
 11
542.476806640625
 21
467.2028045654297
 31
0.0
  0
LINE
  5
5DA
330
17
100
AcDbEntity
  8
GEOMETRY
100
AcDbLine
 10
542.476806640625
 20
467.2028045654297
 30
0.0
 11
541.0594482421875
 21
467.2028045654297
 31
0.0
  0
LINE
  5
5DB
330
17
100
AcDbEntity
  8
GEOMETRY
100
AcDbLine
 10
541.0594482421875
 20
467.2028045654297
 30
0.0
 11
541.0594482421875
 21
467.9171142578125
 31
0.0
  0
LINE
  5
5DC
330
17
100
AcDbEntity
  8
GEOMETRY
100
AcDbLine
 10
636.7271728515625
 20
495.90594482421875
 30
0.0
 11
542.476806640625
 21
495.90594482421875
 31
0.0
  0
LINE
  5
5DD
330
17
100
AcDbEntity
  8
GEOMETRY
100
AcDbLine
 10
636.7271728515625
 20
498.74053955078125
 30
0.0
 11
636.7271728515625
 21
493.07135009765625
 31
0.0
  0
LINE
  5
5DE
330
17
100
AcDbEntity
  8
GEOMETRY
100
AcDbLine
 10
638.1444702148438
 20
497.3232421875
 30
0.0
 11
635.3098754882812
 21
494.4886474609375
 31
0.0
  0
LINE
  5
5DF
330
17
100
AcDbEntity
  8
GEOMETRY
100
AcDbLine
 10
542.476806640625
 20
498.74053955078125
 30
0.0
 11
542.476806640625
 21
493.07135009765625
 31
0.0
  0
LINE
  5
5E0
330
17
100
AcDbEntity
  8
GEOMETRY
100
AcDbLine
 10
543.89404296875
 20
497.3232421875
 30
0.0
 11
541.0594482421875
 21
494.4886474609375
 31
0.0
  0
LINE
  5
5E1
330
17
100
AcDbEntity
  8
GEOMETRY
100
AcDbLine
 10
542.476806640625
 20
495.90594482421875
 30
0.0
 11
461.69073486328125
 21
495.90594482421875
 31
0.0
  0
LINE
  5
5E2
330
17
100
AcDbEntity
  8
GEOMETRY
100
AcDbLine
 10
542.476806640625
 20
498.74053955078125
 30
0.0
 11
542.476806640625
 21
493.07135009765625
 31
0.0
  0
LINE
  5
5E3
330
17
100
AcDbEntity
  8
GEOMETRY
100
AcDbLine
 10
543.89404296875
 20
497.3232421875
 30
0.0
 11
541.0594482421875
 21
494.4886474609375
 31
0.0
  0
LINE
  5
5E4
330
17
100
AcDbEntity
  8
GEOMETRY
100
AcDbLine
 10
461.69073486328125
 20
498.74053955078125
 30
0.0
 11
461.69073486328125
 21
493.07135009765625
 31
0.0
  0
LINE
  5
5E5
330
17
100
AcDbEntity
  8
GEOMETRY
100
AcDbLine
 10
463.1080322265625
 20
497.3232421875
 30
0.0
 11
460.2734375
 21
494.4886474609375
 31
0.0
  0
LINE
  5
5E6
330
17
100
AcDbEntity
  8
GEOMETRY
100
AcDbLine
 10
461.69073486328125
 20
495.90594482421875
 30
0.0
 11
443.2658386230469
 21
495.90594482421875
 31
0.0
  0
LINE
  5
5E7
330
17
100
AcDbEntity
  8
GEOMETRY
100
AcDbLine
 10
461.69073486328125
 20
498.74053955078125
 30
0.0
 11
461.69073486328125
 21
493.07135009765625
 31
0.0
  0
LINE
  5
5E8
330
17
100
AcDbEntity
  8
GEOMETRY
100
AcDbLine
 10
463.1080322265625
 20
497.3232421875
 30
0.0
 11
460.2734375
 21
494.4886474609375
 31
0.0
  0
LINE
  5
5E9
330
17
100
AcDbEntity
  8
GEOMETRY
100
AcDbLine
 10
443.2658386230469
 20
498.74053955078125
 30
0.0
 11
443.2658386230469
 21
493.07135009765625
 31
0.0
  0
LINE
  5
5EA
330
17
100
AcDbEntity
  8
GEOMETRY
100
AcDbLine
 10
444.6831359863281
 20
497.3232421875
 30
0.0
 11
441.8485412597656
 21
494.4886474609375
 31
0.0
  0
LINE
  5
5EB
330
17
100
AcDbEntity
  8
GEOMETRY
100
AcDbLine
 10
443.2658386230469
 20
495.90594482421875
 30
0.0
 11
362.47979736328125
 21
495.90594482421875
 31
0.0
  0
LINE
  5
5EC
330
17
100
AcDbEntity
  8
GEOMETRY
100
AcDbLine
 10
443.2658386230469
 20
498.74053955078125
 30
0.0
 11
443.2658386230469
 21
493.07135009765625
 31
0.0
  0
LINE
  5
5ED
330
17
100
AcDbEntity
  8
GEOMETRY
100
AcDbLine
 10
444.6831359863281
 20
497.3232421875
 30
0.0
 11
441.8485412597656
 21
494.4886474609375
 31
0.0
  0
LINE
  5
5EE
330
17
100
AcDbEntity
  8
GEOMETRY
100
AcDbLine
 10
362.47979736328125
 20
498.74053955078125
 30
0.0
 11
362.47979736328125
 21
493.07135009765625
 31
0.0
  0
LINE
  5
5EF
330
17
100
AcDbEntity
  8
GEOMETRY
100
AcDbLine
 10
363.8970947265625
 20
497.3232421875
 30
0.0
 11
361.0625
 21
494.4886474609375
 31
0.0
  0
LINE
  5
5F0
330
17
100
AcDbEntity
  8
GEOMETRY
100
AcDbLine
 10
362.47979736328125
 20
495.90594482421875
 30
0.0
 11
352.5586853027344
 21
495.90594482421875
 31
0.0
  0
LINE
  5
5F1
330
17
100
AcDbEntity
  8
GEOMETRY
100
AcDbLine
 10
362.47979736328125
 20
498.74053955078125
 30
0.0
 11
362.47979736328125
 21
493.07135009765625
 31
0.0
  0
LINE
  5
5F2
330
17
100
AcDbEntity
  8
GEOMETRY
100
AcDbLine
 10
363.8970947265625
 20
497.3232421875
 30
0.0
 11
361.0625
 21
494.4886474609375
 31
0.0
  0
LINE
  5
5F3
330
17
100
AcDbEntity
  8
GEOMETRY
100
AcDbLine
 10
352.5586853027344
 20
498.74053955078125
 30
0.0
 11
352.5586853027344
 21
493.07135009765625
 31
0.0
  0
LINE
  5
5F4
330
17
100
AcDbEntity
  8
GEOMETRY
100
AcDbLine
 10
353.9759826660156
 20
497.3232421875
 30
0.0
 11
351.1413879394531
 21
494.4886474609375
 31
0.0
  0
LINE
  5
5F5
330
17
100
AcDbEntity
  8
GEOMETRY
100
AcDbLine
 10
352.5586853027344
 20
495.90594482421875
 30
0.0
 11
188.86062622070312
 21
495.90594482421875
 31
0.0
  0
LINE
  5
5F6
330
17
100
AcDbEntity
  8
GEOMETRY
100
AcDbLine
 10
352.5586853027344
 20
498.74053955078125
 30
0.0
 11
352.5586853027344
 21
493.07135009765625
 31
0.0
  0
LINE
  5
5F7
330
17
100
AcDbEntity
  8
GEOMETRY
100
AcDbLine
 10
353.9759826660156
 20
497.3232421875
 30
0.0
 11
351.1413879394531
 21
494.4886474609375
 31
0.0
  0
LINE
  5
5F8
330
17
100
AcDbEntity
  8
GEOMETRY
100
AcDbLine
 10
188.86062622070312
 20
498.74053955078125
 30
0.0
 11
188.86062622070312
 21
493.07135009765625
 31
0.0
  0
LINE
  5
5F9
330
17
100
AcDbEntity
  8
GEOMETRY
100
AcDbLine
 10
190.27793884277344
 20
497.3232421875
 30
0.0
 11
187.44332885742188
 21
494.4886474609375
 31
0.0
  0
LINE
  5
5FA
330
17
100
AcDbEntity
  8
GEOMETRY
100
AcDbLine
 10
188.86062622070312
 20
495.90594482421875
 30
0.0
 11
183.19143676757812
 21
495.90594482421875
 31
0.0
  0
LINE
  5
5FB
330
17
100
AcDbEntity
  8
GEOMETRY
100
AcDbLine
 10
188.86062622070312
 20
498.74053955078125
 30
0.0
 11
188.86062622070312
 21
493.07135009765625
 31
0.0
  0
LINE
  5
5FC
330
17
100
AcDbEntity
  8
GEOMETRY
100
AcDbLine
 10
190.27793884277344
 20
497.3232421875
 30
0.0
 11
187.44332885742188
 21
494.4886474609375
 31
0.0
  0
LINE
  5
5FD
330
17
100
AcDbEntity
  8
GEOMETRY
100
AcDbLine
 10
183.19143676757812
 20
498.74053955078125
 30
0.0
 11
183.19143676757812
 21
493.07135009765625
 31
0.0
  0
LINE
  5
5FE
330
17
100
AcDbEntity
  8
GEOMETRY
100
AcDbLine
 10
184.60873413085938
 20
497.3232421875
 30
0.0
 11
181.77413940429688
 21
494.4886474609375
 31
0.0
  0
LWPOLYLINE
  5
5FF
330
17
100
AcDbEntity
  8
GEOMETRY
100
AcDbPolyline
 90
4
 70
1
 10
188.86062622070312
 20
220.94989013671875
 10
352.5586853027344
 20
220.94989013671875
 10
352.5586853027344
 20
216.697998046875
 10
188.86062622070312
 20
216.697998046875
  0
LINE
  5
600
330
17
100
AcDbEntity
  8
GEOMETRY
100
AcDbLine
 10
188.86062622070312
 20
216.697998046875
 30
0.0
 11
188.86062622070312
 21
225.2017822265625
 31
0.0
  0
LINE
  5
601
330
17
100
AcDbEntity
  8
GEOMETRY
100
AcDbLine
 10
352.5586853027344
 20
216.697998046875
 30
0.0
 11
352.5586853027344
 21
225.2017822265625
 31
0.0
  0
LWPOLYLINE
  5
602
330
17
100
AcDbEntity
  8
GEOMETRY
100
AcDbPolyline
 90
4
 70
1
 10
363.8970947265625
 20
220.94989013671875
 10
441.8485412597656
 20
220.94989013671875
 10
441.8485412597656
 20
216.697998046875
 10
363.8970947265625
 20
216.697998046875
  0
LINE
  5
603
330
17
100
AcDbEntity
  8
GEOMETRY
100
AcDbLine
 10
363.8970947265625
 20
216.697998046875
 30
0.0
 11
363.8970947265625
 21
220.94989013671875
 31
0.0
  0
LINE
  5
604
330
17
100
AcDbEntity
  8
GEOMETRY
100
AcDbLine
 10
441.8485412597656
 20
216.697998046875
 30
0.0
 11
441.8485412597656
 21
220.94989013671875
 31
0.0
  0
LINE
  5
605
330
17
100
AcDbEntity
  8
GEOMETRY
100
AcDbLine
 10
362.12261962890625
 20
225.2017822265625
 30
0.0
 11
362.12261962890625
 21
228.03640747070312
 31
0.0
  0
LINE
  5
606
330
17
100
AcDbEntity
  8
GEOMETRY
100
AcDbLine
 10
362.12261962890625
 20
228.03640747070312
 30
0.0
 11
362.8369445800781
 21
228.03640747070312
 31
0.0
  0
LINE
  5
607
330
17
100
AcDbEntity
  8
GEOMETRY
100
AcDbLine
 10
362.8369445800781
 20
228.03640747070312
 30
0.0
 11
362.8369445800781
 21
225.2017822265625
 31
0.0
  0
LINE
  5
608
330
17
100
AcDbEntity
  8
GEOMETRY
100
AcDbLine
 10
362.8369445800781
 20
225.2017822265625
 30
0.0
 11
362.12261962890625
 21
225.2017822265625
 31
0.0
  0
LINE
  5
609
330
17
100
AcDbEntity
  8
GEOMETRY
100
AcDbLine
 10
362.12261962890625
 20
229.45370483398438
 30
0.0
 11
362.12261962890625
 21
232.28829956054688
 31
0.0
  0
LINE
  5
60A
330
17
100
AcDbEntity
  8
GEOMETRY
100
AcDbLine
 10
362.12261962890625
 20
232.28829956054688
 30
0.0
 11
362.8369445800781
 21
232.28829956054688
 31
0.0
  0
LINE
  5
60B
330
17
100
AcDbEntity
  8
GEOMETRY
100
AcDbLine
 10
362.8369445800781
 20
232.28829956054688
 30
0.0
 11
362.8369445800781
 21
229.45370483398438
 31
0.0
  0
LINE
  5
60C
330
17
100
AcDbEntity
  8
GEOMETRY
100
AcDbLine
 10
362.8369445800781
 20
229.45370483398438
 30
0.0
 11
362.12261962890625
 21
229.45370483398438
 31
0.0
  0
LINE
  5
60D
330
17
100
AcDbEntity
  8
GEOMETRY
100
AcDbLine
 10
363.8970947265625
 20
232.64544677734375
 30
0.0
 11
366.731689453125
 21
232.64544677734375
 31
0.0
  0
LINE
  5
60E
330
17
100
AcDbEntity
  8
GEOMETRY
100
AcDbLine
 10
366.731689453125
 20
232.64544677734375
 30
0.0
 11
366.731689453125
 21
231.93115234375
 31
0.0
  0
LINE
  5
60F
330
17
100
AcDbEntity
  8
GEOMETRY
100
AcDbLine
 10
366.731689453125
 20
231.93115234375
 30
0.0
 11
363.8970947265625
 21
231.93115234375
 31
0.0
  0
LINE
  5
610
330
17
100
AcDbEntity
  8
GEOMETRY
100
AcDbLine
 10
363.8970947265625
 20
231.93115234375
 30
0.0
 11
363.8970947265625
 21
232.64544677734375
 31
0.0
  0
LINE
  5
611
330
17
100
AcDbEntity
  8
GEOMETRY
100
AcDbLine
 10
368.14898681640625
 20
232.64544677734375
 30
0.0
 11
370.98358154296875
 21
232.64544677734375
 31
0.0
  0
LINE
  5
612
330
17
100
AcDbEntity
  8
GEOMETRY
100
AcDbLine
 10
370.98358154296875
 20
232.64544677734375
 30
0.0
 11
370.98358154296875
 21
231.93115234375
 31
0.0
  0
LINE
  5
613
330
17
100
AcDbEntity
  8
GEOMETRY
100
AcDbLine
 10
370.98358154296875
 20
231.93115234375
 30
0.0
 11
368.14898681640625
 21
231.93115234375
 31
0.0
  0
LINE
  5
614
330
17
100
AcDbEntity
  8
GEOMETRY
100
AcDbLine
 10
368.14898681640625
 20
231.93115234375
 30
0.0
 11
368.14898681640625
 21
232.64544677734375
 31
0.0
  0
LINE
  5
615
330
17
100
AcDbEntity
  8
GEOMETRY
100
AcDbLine
 10
372.40087890625
 20
232.64544677734375
 30
0.0
 11
375.2354736328125
 21
232.64544677734375
 31
0.0
  0
LINE
  5
616
330
17
100
AcDbEntity
  8
GEOMETRY
100
AcDbLine
 10
375.2354736328125
 20
232.64544677734375
 30
0.0
 11
375.2354736328125
 21
231.93115234375
 31
0.0
  0
LINE
  5
617
330
17
100
AcDbEntity
  8
GEOMETRY
100
AcDbLine
 10
375.2354736328125
 20
231.93115234375
 30
0.0
 11
372.40087890625
 21
231.93115234375
 31
0.0
  0
LINE
  5
618
330
17
100
AcDbEntity
  8
GEOMETRY
100
AcDbLine
 10
372.40087890625
 20
231.93115234375
 30
0.0
 11
372.40087890625
 21
232.64544677734375
 31
0.0
  0
LINE
  5
619
330
17
100
AcDbEntity
  8
GEOMETRY
100
AcDbLine
 10
376.65277099609375
 20
232.64544677734375
 30
0.0
 11
379.48736572265625
 21
232.64544677734375
 31
0.0
  0
LINE
  5
61A
330
17
100
AcDbEntity
  8
GEOMETRY
100
AcDbLine
 10
379.48736572265625
 20
232.64544677734375
 30
0.0
 11
379.48736572265625
 21
231.93115234375
 31
0.0
  0
LINE
  5
61B
330
17
100
AcDbEntity
  8
GEOMETRY
100
AcDbLine
 10
379.48736572265625
 20
231.93115234375
 30
0.0
 11
376.65277099609375
 21
231.93115234375
 31
0.0
  0
LINE
  5
61C
330
17
100
AcDbEntity
  8
GEOMETRY
100
AcDbLine
 10
376.65277099609375
 20
231.93115234375
 30
0.0
 11
376.65277099609375
 21
232.64544677734375
 31
0.0
  0
LINE
  5
61D
330
17
100
AcDbEntity
  8
GEOMETRY
100
AcDbLine
 10
380.9046630859375
 20
232.64544677734375
 30
0.0
 11
383.7392578125
 21
232.64544677734375
 31
0.0
  0
LINE
  5
61E
330
17
100
AcDbEntity
  8
GEOMETRY
100
AcDbLine
 10
383.7392578125
 20
232.64544677734375
 30
0.0
 11
383.7392578125
 21
231.93115234375
 31
0.0
  0
LINE
  5
61F
330
17
100
AcDbEntity
  8
GEOMETRY
100
AcDbLine
 10
383.7392578125
 20
231.93115234375
 30
0.0
 11
380.9046630859375
 21
231.93115234375
 31
0.0
  0
LINE
  5
620
330
17
100
AcDbEntity
  8
GEOMETRY
100
AcDbLine
 10
380.9046630859375
 20
231.93115234375
 30
0.0
 11
380.9046630859375
 21
232.64544677734375
 31
0.0
  0
LINE
  5
621
330
17
100
AcDbEntity
  8
GEOMETRY
100
AcDbLine
 10
385.15655517578125
 20
232.64544677734375
 30
0.0
 11
387.99114990234375
 21
232.64544677734375
 31
0.0
  0
LINE
  5
622
330
17
100
AcDbEntity
  8
GEOMETRY
100
AcDbLine
 10
387.99114990234375
 20
232.64544677734375
 30
0.0
 11
387.99114990234375
 21
231.93115234375
 31
0.0
  0
LINE
  5
623
330
17
100
AcDbEntity
  8
GEOMETRY
100
AcDbLine
 10
387.99114990234375
 20
231.93115234375
 30
0.0
 11
385.15655517578125
 21
231.93115234375
 31
0.0
  0
LINE
  5
624
330
17
100
AcDbEntity
  8
GEOMETRY
100
AcDbLine
 10
385.15655517578125
 20
231.93115234375
 30
0.0
 11
385.15655517578125
 21
232.64544677734375
 31
0.0
  0
LINE
  5
625
330
17
100
AcDbEntity
  8
GEOMETRY
100
AcDbLine
 10
389.408447265625
 20
232.64544677734375
 30
0.0
 11
392.2430725097656
 21
232.64544677734375
 31
0.0
  0
LINE
  5
626
330
17
100
AcDbEntity
  8
GEOMETRY
100
AcDbLine
 10
392.2430725097656
 20
232.64544677734375
 30
0.0
 11
392.2430725097656
 21
231.93115234375
 31
0.0
  0
LINE
  5
627
330
17
100
AcDbEntity
  8
GEOMETRY
100
AcDbLine
 10
392.2430725097656
 20
231.93115234375
 30
0.0
 11
389.408447265625
 21
231.93115234375
 31
0.0
  0
LINE
  5
628
330
17
100
AcDbEntity
  8
GEOMETRY
100
AcDbLine
 10
389.408447265625
 20
231.93115234375
 30
0.0
 11
389.408447265625
 21
232.64544677734375
 31
0.0
  0
LINE
  5
629
330
17
100
AcDbEntity
  8
GEOMETRY
100
AcDbLine
 10
393.6603698730469
 20
232.64544677734375
 30
0.0
 11
396.4949645996094
 21
232.64544677734375
 31
0.0
  0
LINE
  5
62A
330
17
100
AcDbEntity
  8
GEOMETRY
100
AcDbLine
 10
396.4949645996094
 20
232.64544677734375
 30
0.0
 11
396.4949645996094
 21
231.93115234375
 31
0.0
  0
LINE
  5
62B
330
17
100
AcDbEntity
  8
GEOMETRY
100
AcDbLine
 10
396.4949645996094
 20
231.93115234375
 30
0.0
 11
393.6603698730469
 21
231.93115234375
 31
0.0
  0
LINE
  5
62C
330
17
100
AcDbEntity
  8
GEOMETRY
100
AcDbLine
 10
393.6603698730469
 20
231.93115234375
 30
0.0
 11
393.6603698730469
 21
232.64544677734375
 31
0.0
  0
LINE
  5
62D
330
17
100
AcDbEntity
  8
GEOMETRY
100
AcDbLine
 10
397.9122619628906
 20
232.64544677734375
 30
0.0
 11
400.7468566894531
 21
232.64544677734375
 31
0.0
  0
LINE
  5
62E
330
17
100
AcDbEntity
  8
GEOMETRY
100
AcDbLine
 10
400.7468566894531
 20
232.64544677734375
 30
0.0
 11
400.7468566894531
 21
231.93115234375
 31
0.0
  0
LINE
  5
62F
330
17
100
AcDbEntity
  8
GEOMETRY
100
AcDbLine
 10
400.7468566894531
 20
231.93115234375
 30
0.0
 11
397.9122619628906
 21
231.93115234375
 31
0.0
  0
LINE
  5
630
330
17
100
AcDbEntity
  8
GEOMETRY
100
AcDbLine
 10
397.9122619628906
 20
231.93115234375
 30
0.0
 11
397.9122619628906
 21
232.64544677734375
 31
0.0
  0
LINE
  5
631
330
17
100
AcDbEntity
  8
GEOMETRY
100
AcDbLine
 10
402.1641540527344
 20
232.64544677734375
 30
0.0
 11
404.998779296875
 21
232.64544677734375
 31
0.0
  0
LINE
  5
632
330
17
100
AcDbEntity
  8
GEOMETRY
100
AcDbLine
 10
404.998779296875
 20
232.64544677734375
 30
0.0
 11
404.998779296875
 21
231.93115234375
 31
0.0
  0
LINE
  5
633
330
17
100
AcDbEntity
  8
GEOMETRY
100
AcDbLine
 10
404.998779296875
 20
231.93115234375
 30
0.0
 11
402.1641540527344
 21
231.93115234375
 31
0.0
  0
LINE
  5
634
330
17
100
AcDbEntity
  8
GEOMETRY
100
AcDbLine
 10
402.1641540527344
 20
231.93115234375
 30
0.0
 11
402.1641540527344
 21
232.64544677734375
 31
0.0
  0
LINE
  5
635
330
17
100
AcDbEntity
  8
GEOMETRY
100
AcDbLine
 10
406.41607666015625
 20
232.64544677734375
 30
0.0
 11
409.25067138671875
 21
232.64544677734375
 31
0.0
  0
LINE
  5
636
330
17
100
AcDbEntity
  8
GEOMETRY
100
AcDbLine
 10
409.25067138671875
 20
232.64544677734375
 30
0.0
 11
409.25067138671875
 21
231.93115234375
 31
0.0
  0
LINE
  5
637
330
17
100
AcDbEntity
  8
GEOMETRY
100
AcDbLine
 10
409.25067138671875
 20
231.93115234375
 30
0.0
 11
406.41607666015625
 21
231.93115234375
 31
0.0
  0
LINE
  5
638
330
17
100
AcDbEntity
  8
GEOMETRY
100
AcDbLine
 10
406.41607666015625
 20
231.93115234375
 30
0.0
 11
406.41607666015625
 21
232.64544677734375
 31
0.0
  0
LINE
  5
639
330
17
100
AcDbEntity
  8
GEOMETRY
100
AcDbLine
 10
410.66796875
 20
232.64544677734375
 30
0.0
 11
413.5025634765625
 21
232.64544677734375
 31
0.0
  0
LINE
  5
63A
330
17
100
AcDbEntity
  8
GEOMETRY
100
AcDbLine
 10
413.5025634765625
 20
232.64544677734375
 30
0.0
 11
413.5025634765625
 21
231.93115234375
 31
0.0
  0
LINE
  5
63B
330
17
100
AcDbEntity
  8
GEOMETRY
100
AcDbLine
 10
413.5025634765625
 20
231.93115234375
 30
0.0
 11
410.66796875
 21
231.93115234375
 31
0.0
  0
LINE
  5
63C
330
17
100
AcDbEntity
  8
GEOMETRY
100
AcDbLine
 10
410.66796875
 20
231.93115234375
 30
0.0
 11
410.66796875
 21
232.64544677734375
 31
0.0
  0
LINE
  5
63D
330
17
100
AcDbEntity
  8
GEOMETRY
100
AcDbLine
 10
414.91986083984375
 20
232.64544677734375
 30
0.0
 11
417.75445556640625
 21
232.64544677734375
 31
0.0
  0
LINE
  5
63E
330
17
100
AcDbEntity
  8
GEOMETRY
100
AcDbLine
 10
417.75445556640625
 20
232.64544677734375
 30
0.0
 11
417.75445556640625
 21
231.93115234375
 31
0.0
  0
LINE
  5
63F
330
17
100
AcDbEntity
  8
GEOMETRY
100
AcDbLine
 10
417.75445556640625
 20
231.93115234375
 30
0.0
 11
414.91986083984375
 21
231.93115234375
 31
0.0
  0
LINE
  5
640
330
17
100
AcDbEntity
  8
GEOMETRY
100
AcDbLine
 10
414.91986083984375
 20
231.93115234375
 30
0.0
 11
414.91986083984375
 21
232.64544677734375
 31
0.0
  0
LINE
  5
641
330
17
100
AcDbEntity
  8
GEOMETRY
100
AcDbLine
 10
419.1717529296875
 20
232.64544677734375
 30
0.0
 11
422.00634765625
 21
232.64544677734375
 31
0.0
  0
LINE
  5
642
330
17
100
AcDbEntity
  8
GEOMETRY
100
AcDbLine
 10
422.00634765625
 20
232.64544677734375
 30
0.0
 11
422.00634765625
 21
231.93115234375
 31
0.0
  0
LINE
  5
643
330
17
100
AcDbEntity
  8
GEOMETRY
100
AcDbLine
 10
422.00634765625
 20
231.93115234375
 30
0.0
 11
419.1717529296875
 21
231.93115234375
 31
0.0
  0
LINE
  5
644
330
17
100
AcDbEntity
  8
GEOMETRY
100
AcDbLine
 10
419.1717529296875
 20
231.93115234375
 30
0.0
 11
419.1717529296875
 21
232.64544677734375
 31
0.0
  0
LINE
  5
645
330
17
100
AcDbEntity
  8
GEOMETRY
100
AcDbLine
 10
423.42364501953125
 20
232.64544677734375
 30
0.0
 11
426.25823974609375
 21
232.64544677734375
 31
0.0
  0
LINE
  5
646
330
17
100
AcDbEntity
  8
GEOMETRY
100
AcDbLine
 10
426.25823974609375
 20
232.64544677734375
 30
0.0
 11
426.25823974609375
 21
231.93115234375
 31
0.0
  0
LINE
  5
647
330
17
100
AcDbEntity
  8
GEOMETRY
100
AcDbLine
 10
426.25823974609375
 20
231.93115234375
 30
0.0
 11
423.42364501953125
 21
231.93115234375
 31
0.0
  0
LINE
  5
648
330
17
100
AcDbEntity
  8
GEOMETRY
100
AcDbLine
 10
423.42364501953125
 20
231.93115234375
 30
0.0
 11
423.42364501953125
 21
232.64544677734375
 31
0.0
  0
LINE
  5
649
330
17
100
AcDbEntity
  8
GEOMETRY
100
AcDbLine
 10
427.675537109375
 20
232.64544677734375
 30
0.0
 11
430.5101318359375
 21
232.64544677734375
 31
0.0
  0
LINE
  5
64A
330
17
100
AcDbEntity
  8
GEOMETRY
100
AcDbLine
 10
430.5101318359375
 20
232.64544677734375
 30
0.0
 11
430.5101318359375
 21
231.93115234375
 31
0.0
  0
LINE
  5
64B
330
17
100
AcDbEntity
  8
GEOMETRY
100
AcDbLine
 10
430.5101318359375
 20
231.93115234375
 30
0.0
 11
427.675537109375
 21
231.93115234375
 31
0.0
  0
LINE
  5
64C
330
17
100
AcDbEntity
  8
GEOMETRY
100
AcDbLine
 10
427.675537109375
 20
231.93115234375
 30
0.0
 11
427.675537109375
 21
232.64544677734375
 31
0.0
  0
LINE
  5
64D
330
17
100
AcDbEntity
  8
GEOMETRY
100
AcDbLine
 10
431.92742919921875
 20
232.64544677734375
 30
0.0
 11
434.76202392578125
 21
232.64544677734375
 31
0.0
  0
LINE
  5
64E
330
17
100
AcDbEntity
  8
GEOMETRY
100
AcDbLine
 10
434.76202392578125
 20
232.64544677734375
 30
0.0
 11
434.76202392578125
 21
231.93115234375
 31
0.0
  0
LINE
  5
64F
330
17
100
AcDbEntity
  8
GEOMETRY
100
AcDbLine
 10
434.76202392578125
 20
231.93115234375
 30
0.0
 11
431.92742919921875
 21
231.93115234375
 31
0.0
  0
LINE
  5
650
330
17
100
AcDbEntity
  8
GEOMETRY
100
AcDbLine
 10
431.92742919921875
 20
231.93115234375
 30
0.0
 11
431.92742919921875
 21
232.64544677734375
 31
0.0
  0
LINE
  5
651
330
17
100
AcDbEntity
  8
GEOMETRY
100
AcDbLine
 10
436.1793212890625
 20
232.64544677734375
 30
0.0
 11
439.013916015625
 21
232.64544677734375
 31
0.0
  0
LINE
  5
652
330
17
100
AcDbEntity
  8
GEOMETRY
100
AcDbLine
 10
439.013916015625
 20
232.64544677734375
 30
0.0
 11
439.013916015625
 21
231.93115234375
 31
0.0
  0
LINE
  5
653
330
17
100
AcDbEntity
  8
GEOMETRY
100
AcDbLine
 10
439.013916015625
 20
231.93115234375
 30
0.0
 11
436.1793212890625
 21
231.93115234375
 31
0.0
  0
LINE
  5
654
330
17
100
AcDbEntity
  8
GEOMETRY
100
AcDbLine
 10
436.1793212890625
 20
231.93115234375
 30
0.0
 11
436.1793212890625
 21
232.64544677734375
 31
0.0
  0
LINE
  5
655
330
17
100
AcDbEntity
  8
GEOMETRY
100
AcDbLine
 10
440.4312438964844
 20
232.64544677734375
 30
0.0
 11
443.2658386230469
 21
232.64544677734375
 31
0.0
  0
LINE
  5
656
330
17
100
AcDbEntity
  8
GEOMETRY
100
AcDbLine
 10
443.2658386230469
 20
232.64544677734375
 30
0.0
 11
443.2658386230469
 21
231.93115234375
 31
0.0
  0
LINE
  5
657
330
17
100
AcDbEntity
  8
GEOMETRY
100
AcDbLine
 10
443.2658386230469
 20
231.93115234375
 30
0.0
 11
440.4312438964844
 21
231.93115234375
 31
0.0
  0
LINE
  5
658
330
17
100
AcDbEntity
  8
GEOMETRY
100
AcDbLine
 10
440.4312438964844
 20
231.93115234375
 30
0.0
 11
440.4312438964844
 21
232.64544677734375
 31
0.0
  0
LINE
  5
659
330
17
100
AcDbEntity
  8
GEOMETRY
100
AcDbLine
 10
443.62298583984375
 20
230.87100219726562
 30
0.0
 11
443.62298583984375
 21
228.03640747070312
 31
0.0
  0
LINE
  5
65A
330
17
100
AcDbEntity
  8
GEOMETRY
100
AcDbLine
 10
443.62298583984375
 20
228.03640747070312
 30
0.0
 11
442.90869140625
 21
228.03640747070312
 31
0.0
  0
LINE
  5
65B
330
17
100
AcDbEntity
  8
GEOMETRY
100
AcDbLine
 10
442.90869140625
 20
228.03640747070312
 30
0.0
 11
442.90869140625
 21
230.87100219726562
 31
0.0
  0
LINE
  5
65C
330
17
100
AcDbEntity
  8
GEOMETRY
100
AcDbLine
 10
442.90869140625
 20
230.87100219726562
 30
0.0
 11
443.62298583984375
 21
230.87100219726562
 31
0.0
  0
LINE
  5
65D
330
17
100
AcDbEntity
  8
GEOMETRY
100
AcDbLine
 10
443.62298583984375
 20
226.61907958984375
 30
0.0
 11
443.62298583984375
 21
223.78448486328125
 31
0.0
  0
LINE
  5
65E
330
17
100
AcDbEntity
  8
GEOMETRY
100
AcDbLine
 10
443.62298583984375
 20
223.78448486328125
 30
0.0
 11
442.90869140625
 21
223.78448486328125
 31
0.0
  0
LINE
  5
65F
330
17
100
AcDbEntity
  8
GEOMETRY
100
AcDbLine
 10
442.90869140625
 20
223.78448486328125
 30
0.0
 11
442.90869140625
 21
226.61907958984375
 31
0.0
  0
LINE
  5
660
330
17
100
AcDbEntity
  8
GEOMETRY
100
AcDbLine
 10
442.90869140625
 20
226.61907958984375
 30
0.0
 11
443.62298583984375
 21
226.61907958984375
 31
0.0
  0
LINE
  5
661
330
17
100
AcDbEntity
  8
GEOMETRY
100
AcDbLine
 10
443.62298583984375
 20
222.3671875
 30
0.0
 11
443.62298583984375
 21
220.5927734375
 31
0.0
  0
LINE
  5
662
330
17
100
AcDbEntity
  8
GEOMETRY
100
AcDbLine
 10
443.62298583984375
 20
220.5927734375
 30
0.0
 11
441.8485412597656
 21
220.5927734375
 31
0.0
  0
LINE
  5
663
330
17
100
AcDbEntity
  8
GEOMETRY
100
AcDbLine
 10
441.8485412597656
 20
220.5927734375
 30
0.0
 11
441.8485412597656
 21
221.30706787109375
 31
0.0
  0
LINE
  5
664
330
17
100
AcDbEntity
  8
GEOMETRY
100
AcDbLine
 10
441.8485412597656
 20
221.30706787109375
 30
0.0
 11
443.2658386230469
 21
221.30706787109375
 31
0.0
  0
LINE
  5
665
330
17
100
AcDbEntity
  8
GEOMETRY
100
AcDbLine
 10
443.2658386230469
 20
221.30706787109375
 30
0.0
 11
443.2658386230469
 21
220.94989013671875
 31
0.0
  0
LINE
  5
666
330
17
100
AcDbEntity
  8
GEOMETRY
100
AcDbLine
 10
443.2658386230469
 20
220.94989013671875
 30
0.0
 11
442.90869140625
 21
220.94989013671875
 31
0.0
  0
LINE
  5
667
330
17
100
AcDbEntity
  8
GEOMETRY
100
AcDbLine
 10
442.90869140625
 20
220.94989013671875
 30
0.0
 11
442.90869140625
 21
222.3671875
 31
0.0
  0
LINE
  5
668
330
17
100
AcDbEntity
  8
GEOMETRY
100
AcDbLine
 10
442.90869140625
 20
222.3671875
 30
0.0
 11
443.62298583984375
 21
222.3671875
 31
0.0
  0
LINE
  5
669
330
17
100
AcDbEntity
  8
GEOMETRY
100
AcDbLine
 10
440.4312438964844
 20
220.5927734375
 30
0.0
 11
437.59661865234375
 21
220.5927734375
 31
0.0
  0
LINE
  5
66A
330
17
100
AcDbEntity
  8
GEOMETRY
100
AcDbLine
 10
437.59661865234375
 20
220.5927734375
 30
0.0
 11
437.59661865234375
 21
221.30706787109375
 31
0.0
  0
LINE
  5
66B
330
17
100
AcDbEntity
  8
GEOMETRY
100
AcDbLine
 10
437.59661865234375
 20
221.30706787109375
 30
0.0
 11
440.4312438964844
 21
221.30706787109375
 31
0.0
  0
LINE
  5
66C
330
17
100
AcDbEntity
  8
GEOMETRY
100
AcDbLine
 10
440.4312438964844
 20
221.30706787109375
 30
0.0
 11
440.4312438964844
 21
220.5927734375
 31
0.0
  0
LINE
  5
66D
330
17
100
AcDbEntity
  8
GEOMETRY
100
AcDbLine
 10
436.1793212890625
 20
220.5927734375
 30
0.0
 11
433.3447265625
 21
220.5927734375
 31
0.0
  0
LINE
  5
66E
330
17
100
AcDbEntity
  8
GEOMETRY
100
AcDbLine
 10
433.3447265625
 20
220.5927734375
 30
0.0
 11
433.3447265625
 21
221.30706787109375
 31
0.0
  0
LINE
  5
66F
330
17
100
AcDbEntity
  8
GEOMETRY
100
AcDbLine
 10
433.3447265625
 20
221.30706787109375
 30
0.0
 11
436.1793212890625
 21
221.30706787109375
 31
0.0
  0
LINE
  5
670
330
17
100
AcDbEntity
  8
GEOMETRY
100
AcDbLine
 10
436.1793212890625
 20
221.30706787109375
 30
0.0
 11
436.1793212890625
 21
220.5927734375
 31
0.0
  0
LINE
  5
671
330
17
100
AcDbEntity
  8
GEOMETRY
100
AcDbLine
 10
431.92742919921875
 20
220.5927734375
 30
0.0
 11
429.09283447265625
 21
220.5927734375
 31
0.0
  0
LINE
  5
672
330
17
100
AcDbEntity
  8
GEOMETRY
100
AcDbLine
 10
429.09283447265625
 20
220.5927734375
 30
0.0
 11
429.09283447265625
 21
221.30706787109375
 31
0.0
  0
LINE
  5
673
330
17
100
AcDbEntity
  8
GEOMETRY
100
AcDbLine
 10
429.09283447265625
 20
221.30706787109375
 30
0.0
 11
431.92742919921875
 21
221.30706787109375
 31
0.0
  0
LINE
  5
674
330
17
100
AcDbEntity
  8
GEOMETRY
100
AcDbLine
 10
431.92742919921875
 20
221.30706787109375
 30
0.0
 11
431.92742919921875
 21
220.5927734375
 31
0.0
  0
LINE
  5
675
330
17
100
AcDbEntity
  8
GEOMETRY
100
AcDbLine
 10
427.675537109375
 20
220.5927734375
 30
0.0
 11
424.8409423828125
 21
220.5927734375
 31
0.0
  0
LINE
  5
676
330
17
100
AcDbEntity
  8
GEOMETRY
100
AcDbLine
 10
424.8409423828125
 20
220.5927734375
 30
0.0
 11
424.8409423828125
 21
221.30706787109375
 31
0.0
  0
LINE
  5
677
330
17
100
AcDbEntity
  8
GEOMETRY
100
AcDbLine
 10
424.8409423828125
 20
221.30706787109375
 30
0.0
 11
427.675537109375
 21
221.30706787109375
 31
0.0
  0
LINE
  5
678
330
17
100
AcDbEntity
  8
GEOMETRY
100
AcDbLine
 10
427.675537109375
 20
221.30706787109375
 30
0.0
 11
427.675537109375
 21
220.5927734375
 31
0.0
  0
LINE
  5
679
330
17
100
AcDbEntity
  8
GEOMETRY
100
AcDbLine
 10
423.42364501953125
 20
220.5927734375
 30
0.0
 11
420.58905029296875
 21
220.5927734375
 31
0.0
  0
LINE
  5
67A
330
17
100
AcDbEntity
  8
GEOMETRY
100
AcDbLine
 10
420.58905029296875
 20
220.5927734375
 30
0.0
 11
420.58905029296875
 21
221.30706787109375
 31
0.0
  0
LINE
  5
67B
330
17
100
AcDbEntity
  8
GEOMETRY
100
AcDbLine
 10
420.58905029296875
 20
221.30706787109375
 30
0.0
 11
423.42364501953125
 21
221.30706787109375
 31
0.0
  0
LINE
  5
67C
330
17
100
AcDbEntity
  8
GEOMETRY
100
AcDbLine
 10
423.42364501953125
 20
221.30706787109375
 30
0.0
 11
423.42364501953125
 21
220.5927734375
 31
0.0
  0
LINE
  5
67D
330
17
100
AcDbEntity
  8
GEOMETRY
100
AcDbLine
 10
419.1717529296875
 20
220.5927734375
 30
0.0
 11
416.337158203125
 21
220.5927734375
 31
0.0
  0
LINE
  5
67E
330
17
100
AcDbEntity
  8
GEOMETRY
100
AcDbLine
 10
416.337158203125
 20
220.5927734375
 30
0.0
 11
416.337158203125
 21
221.30706787109375
 31
0.0
  0
LINE
  5
67F
330
17
100
AcDbEntity
  8
GEOMETRY
100
AcDbLine
 10
416.337158203125
 20
221.30706787109375
 30
0.0
 11
419.1717529296875
 21
221.30706787109375
 31
0.0
  0
LINE
  5
680
330
17
100
AcDbEntity
  8
GEOMETRY
100
AcDbLine
 10
419.1717529296875
 20
221.30706787109375
 30
0.0
 11
419.1717529296875
 21
220.5927734375
 31
0.0
  0
LINE
  5
681
330
17
100
AcDbEntity
  8
GEOMETRY
100
AcDbLine
 10
414.91986083984375
 20
220.5927734375
 30
0.0
 11
412.08526611328125
 21
220.5927734375
 31
0.0
  0
LINE
  5
682
330
17
100
AcDbEntity
  8
GEOMETRY
100
AcDbLine
 10
412.08526611328125
 20
220.5927734375
 30
0.0
 11
412.08526611328125
 21
221.30706787109375
 31
0.0
  0
LINE
  5
683
330
17
100
AcDbEntity
  8
GEOMETRY
100
AcDbLine
 10
412.08526611328125
 20
221.30706787109375
 30
0.0
 11
414.91986083984375
 21
221.30706787109375
 31
0.0
  0
LINE
  5
684
330
17
100
AcDbEntity
  8
GEOMETRY
100
AcDbLine
 10
414.91986083984375
 20
221.30706787109375
 30
0.0
 11
414.91986083984375
 21
220.5927734375
 31
0.0
  0
LINE
  5
685
330
17
100
AcDbEntity
  8
GEOMETRY
100
AcDbLine
 10
410.66796875
 20
220.5927734375
 30
0.0
 11
407.8333740234375
 21
220.5927734375
 31
0.0
  0
LINE
  5
686
330
17
100
AcDbEntity
  8
GEOMETRY
100
AcDbLine
 10
407.8333740234375
 20
220.5927734375
 30
0.0
 11
407.8333740234375
 21
221.30706787109375
 31
0.0
  0
LINE
  5
687
330
17
100
AcDbEntity
  8
GEOMETRY
100
AcDbLine
 10
407.8333740234375
 20
221.30706787109375
 30
0.0
 11
410.66796875
 21
221.30706787109375
 31
0.0
  0
LINE
  5
688
330
17
100
AcDbEntity
  8
GEOMETRY
100
AcDbLine
 10
410.66796875
 20
221.30706787109375
 30
0.0
 11
410.66796875
 21
220.5927734375
 31
0.0
  0
LINE
  5
689
330
17
100
AcDbEntity
  8
GEOMETRY
100
AcDbLine
 10
406.41607666015625
 20
220.5927734375
 30
0.0
 11
403.5814514160156
 21
220.5927734375
 31
0.0
  0
LINE
  5
68A
330
17
100
AcDbEntity
  8
GEOMETRY
100
AcDbLine
 10
403.5814514160156
 20
220.5927734375
 30
0.0
 11
403.5814514160156
 21
221.30706787109375
 31
0.0
  0
LINE
  5
68B
330
17
100
AcDbEntity
  8
GEOMETRY
100
AcDbLine
 10
403.5814514160156
 20
221.30706787109375
 30
0.0
 11
406.41607666015625
 21
221.30706787109375
 31
0.0
  0
LINE
  5
68C
330
17
100
AcDbEntity
  8
GEOMETRY
100
AcDbLine
 10
406.41607666015625
 20
221.30706787109375
 30
0.0
 11
406.41607666015625
 21
220.5927734375
 31
0.0
  0
LINE
  5
68D
330
17
100
AcDbEntity
  8
GEOMETRY
100
AcDbLine
 10
402.1641540527344
 20
220.5927734375
 30
0.0
 11
399.3295593261719
 21
220.5927734375
 31
0.0
  0
LINE
  5
68E
330
17
100
AcDbEntity
  8
GEOMETRY
100
AcDbLine
 10
399.3295593261719
 20
220.5927734375
 30
0.0
 11
399.3295593261719
 21
221.30706787109375
 31
0.0
  0
LINE
  5
68F
330
17
100
AcDbEntity
  8
GEOMETRY
100
AcDbLine
 10
399.3295593261719
 20
221.30706787109375
 30
0.0
 11
402.1641540527344
 21
221.30706787109375
 31
0.0
  0
LINE
  5
690
330
17
100
AcDbEntity
  8
GEOMETRY
100
AcDbLine
 10
402.1641540527344
 20
221.30706787109375
 30
0.0
 11
402.1641540527344
 21
220.5927734375
 31
0.0
  0
LINE
  5
691
330
17
100
AcDbEntity
  8
GEOMETRY
100
AcDbLine
 10
397.9122619628906
 20
220.5927734375
 30
0.0
 11
395.0776672363281
 21
220.5927734375
 31
0.0
  0
LINE
  5
692
330
17
100
AcDbEntity
  8
GEOMETRY
100
AcDbLine
 10
395.0776672363281
 20
220.5927734375
 30
0.0
 11
395.0776672363281
 21
221.30706787109375
 31
0.0
  0
LINE
  5
693
330
17
100
AcDbEntity
  8
GEOMETRY
100
AcDbLine
 10
395.0776672363281
 20
221.30706787109375
 30
0.0
 11
397.9122619628906
 21
221.30706787109375
 31
0.0
  0
LINE
  5
694
330
17
100
AcDbEntity
  8
GEOMETRY
100
AcDbLine
 10
397.9122619628906
 20
221.30706787109375
 30
0.0
 11
397.9122619628906
 21
220.5927734375
 31
0.0
  0
LINE
  5
695
330
17
100
AcDbEntity
  8
GEOMETRY
100
AcDbLine
 10
393.6603698730469
 20
220.5927734375
 30
0.0
 11
390.82574462890625
 21
220.5927734375
 31
0.0
  0
LINE
  5
696
330
17
100
AcDbEntity
  8
GEOMETRY
100
AcDbLine
 10
390.82574462890625
 20
220.5927734375
 30
0.0
 11
390.82574462890625
 21
221.30706787109375
 31
0.0
  0
LINE
  5
697
330
17
100
AcDbEntity
  8
GEOMETRY
100
AcDbLine
 10
390.82574462890625
 20
221.30706787109375
 30
0.0
 11
393.6603698730469
 21
221.30706787109375
 31
0.0
  0
LINE
  5
698
330
17
100
AcDbEntity
  8
GEOMETRY
100
AcDbLine
 10
393.6603698730469
 20
221.30706787109375
 30
0.0
 11
393.6603698730469
 21
220.5927734375
 31
0.0
  0
LINE
  5
699
330
17
100
AcDbEntity
  8
GEOMETRY
100
AcDbLine
 10
389.408447265625
 20
220.5927734375
 30
0.0
 11
386.5738525390625
 21
220.5927734375
 31
0.0
  0
LINE
  5
69A
330
17
100
AcDbEntity
  8
GEOMETRY
100
AcDbLine
 10
386.5738525390625
 20
220.5927734375
 30
0.0
 11
386.5738525390625
 21
221.30706787109375
 31
0.0
  0
LINE
  5
69B
330
17
100
AcDbEntity
  8
GEOMETRY
100
AcDbLine
 10
386.5738525390625
 20
221.30706787109375
 30
0.0
 11
389.408447265625
 21
221.30706787109375
 31
0.0
  0
LINE
  5
69C
330
17
100
AcDbEntity
  8
GEOMETRY
100
AcDbLine
 10
389.408447265625
 20
221.30706787109375
 30
0.0
 11
389.408447265625
 21
220.5927734375
 31
0.0
  0
LINE
  5
69D
330
17
100
AcDbEntity
  8
GEOMETRY
100
AcDbLine
 10
385.15655517578125
 20
220.5927734375
 30
0.0
 11
382.32196044921875
 21
220.5927734375
 31
0.0
  0
LINE
  5
69E
330
17
100
AcDbEntity
  8
GEOMETRY
100
AcDbLine
 10
382.32196044921875
 20
220.5927734375
 30
0.0
 11
382.32196044921875
 21
221.30706787109375
 31
0.0
  0
LINE
  5
69F
330
17
100
AcDbEntity
  8
GEOMETRY
100
AcDbLine
 10
382.32196044921875
 20
221.30706787109375
 30
0.0
 11
385.15655517578125
 21
221.30706787109375
 31
0.0
  0
LINE
  5
6A0
330
17
100
AcDbEntity
  8
GEOMETRY
100
AcDbLine
 10
385.15655517578125
 20
221.30706787109375
 30
0.0
 11
385.15655517578125
 21
220.5927734375
 31
0.0
  0
LINE
  5
6A1
330
17
100
AcDbEntity
  8
GEOMETRY
100
AcDbLine
 10
380.9046630859375
 20
220.5927734375
 30
0.0
 11
378.070068359375
 21
220.5927734375
 31
0.0
  0
LINE
  5
6A2
330
17
100
AcDbEntity
  8
GEOMETRY
100
AcDbLine
 10
378.070068359375
 20
220.5927734375
 30
0.0
 11
378.070068359375
 21
221.30706787109375
 31
0.0
  0
LINE
  5
6A3
330
17
100
AcDbEntity
  8
GEOMETRY
100
AcDbLine
 10
378.070068359375
 20
221.30706787109375
 30
0.0
 11
380.9046630859375
 21
221.30706787109375
 31
0.0
  0
LINE
  5
6A4
330
17
100
AcDbEntity
  8
GEOMETRY
100
AcDbLine
 10
380.9046630859375
 20
221.30706787109375
 30
0.0
 11
380.9046630859375
 21
220.5927734375
 31
0.0
  0
LINE
  5
6A5
330
17
100
AcDbEntity
  8
GEOMETRY
100
AcDbLine
 10
376.65277099609375
 20
220.5927734375
 30
0.0
 11
373.81817626953125
 21
220.5927734375
 31
0.0
  0
LINE
  5
6A6
330
17
100
AcDbEntity
  8
GEOMETRY
100
AcDbLine
 10
373.81817626953125
 20
220.5927734375
 30
0.0
 11
373.81817626953125
 21
221.30706787109375
 31
0.0
  0
LINE
  5
6A7
330
17
100
AcDbEntity
  8
GEOMETRY
100
AcDbLine
 10
373.81817626953125
 20
221.30706787109375
 30
0.0
 11
376.65277099609375
 21
221.30706787109375
 31
0.0
  0
LINE
  5
6A8
330
17
100
AcDbEntity
  8
GEOMETRY
100
AcDbLine
 10
376.65277099609375
 20
221.30706787109375
 30
0.0
 11
376.65277099609375
 21
220.5927734375
 31
0.0
  0
LINE
  5
6A9
330
17
100
AcDbEntity
  8
GEOMETRY
100
AcDbLine
 10
372.40087890625
 20
220.5927734375
 30
0.0
 11
369.5662841796875
 21
220.5927734375
 31
0.0
  0
LINE
  5
6AA
330
17
100
AcDbEntity
  8
GEOMETRY
100
AcDbLine
 10
369.5662841796875
 20
220.5927734375
 30
0.0
 11
369.5662841796875
 21
221.30706787109375
 31
0.0
  0
LINE
  5
6AB
330
17
100
AcDbEntity
  8
GEOMETRY
100
AcDbLine
 10
369.5662841796875
 20
221.30706787109375
 30
0.0
 11
372.40087890625
 21
221.30706787109375
 31
0.0
  0
LINE
  5
6AC
330
17
100
AcDbEntity
  8
GEOMETRY
100
AcDbLine
 10
372.40087890625
 20
221.30706787109375
 30
0.0
 11
372.40087890625
 21
220.5927734375
 31
0.0
  0
LINE
  5
6AD
330
17
100
AcDbEntity
  8
GEOMETRY
100
AcDbLine
 10
368.14898681640625
 20
220.5927734375
 30
0.0
 11
365.31439208984375
 21
220.5927734375
 31
0.0
  0
LINE
  5
6AE
330
17
100
AcDbEntity
  8
GEOMETRY
100
AcDbLine
 10
365.31439208984375
 20
220.5927734375
 30
0.0
 11
365.31439208984375
 21
221.30706787109375
 31
0.0
  0
LINE
  5
6AF
330
17
100
AcDbEntity
  8
GEOMETRY
100
AcDbLine
 10
365.31439208984375
 20
221.30706787109375
 30
0.0
 11
368.14898681640625
 21
221.30706787109375
 31
0.0
  0
LINE
  5
6B0
330
17
100
AcDbEntity
  8
GEOMETRY
100
AcDbLine
 10
368.14898681640625
 20
221.30706787109375
 30
0.0
 11
368.14898681640625
 21
220.5927734375
 31
0.0
  0
LINE
  5
6B1
330
17
100
AcDbEntity
  8
GEOMETRY
100
AcDbLine
 10
363.8970947265625
 20
220.5927734375
 30
0.0
 11
362.12261962890625
 21
220.5927734375
 31
0.0
  0
LINE
  5
6B2
330
17
100
AcDbEntity
  8
GEOMETRY
100
AcDbLine
 10
362.12261962890625
 20
220.5927734375
 30
0.0
 11
362.12261962890625
 21
223.78448486328125
 31
0.0
  0
LINE
  5
6B3
330
17
100
AcDbEntity
  8
GEOMETRY
100
AcDbLine
 10
362.12261962890625
 20
223.78448486328125
 30
0.0
 11
362.8369445800781
 21
223.78448486328125
 31
0.0
  0
LINE
  5
6B4
330
17
100
AcDbEntity
  8
GEOMETRY
100
AcDbLine
 10
362.8369445800781
 20
223.78448486328125
 30
0.0
 11
362.8369445800781
 21
220.94989013671875
 31
0.0
  0
LINE
  5
6B5
330
17
100
AcDbEntity
  8
GEOMETRY
100
AcDbLine
 10
362.8369445800781
 20
220.94989013671875
 30
0.0
 11
362.47979736328125
 21
220.94989013671875
 31
0.0
  0
LINE
  5
6B6
330
17
100
AcDbEntity
  8
GEOMETRY
100
AcDbLine
 10
362.47979736328125
 20
220.94989013671875
 30
0.0
 11
362.47979736328125
 21
221.30706787109375
 31
0.0
  0
LINE
  5
6B7
330
17
100
AcDbEntity
  8
GEOMETRY
100
AcDbLine
 10
362.47979736328125
 20
221.30706787109375
 30
0.0
 11
363.8970947265625
 21
221.30706787109375
 31
0.0
  0
LINE
  5
6B8
330
17
100
AcDbEntity
  8
GEOMETRY
100
AcDbLine
 10
363.8970947265625
 20
221.30706787109375
 30
0.0
 11
363.8970947265625
 21
220.5927734375
 31
0.0
  0
LWPOLYLINE
  5
6B9
330
17
100
AcDbEntity
  8
GEOMETRY
100
AcDbPolyline
 90
13
 70
0
 10
582.5863037109375
 20
220.94989013671875
 10
582.5701649983722
 20
217.0598036448161
 10
582.9091389973959
 20
213.52482859293622
 10
583.6032257080078
 20
210.3449649810791
 10
584.6524251302084
 20
207.52021280924475
 10
586.0567372639973
 20
205.05057207743334
 10
587.816162109375
 20
202.93604278564453
 10
589.9306996663412
 20
201.17662493387854
 10
592.4003499348958
 20
199.77231852213538
 10
595.2251129150391
 20
198.72312355041504
 10
598.4049886067709
 20
198.0290400187174
 10
601.9399770100911
 20
197.6900679270426
 10
605.830078125
 20
197.70620727539062
  0
LINE
  5
6BA
330
17
100
AcDbEntity
  8
GEOMETRY
100
AcDbLine
 10
605.830078125
 20
197.70620727539062
 30
0.0
 11
605.830078125
 21
220.94989013671875
 31
0.0
  0
LINE
  5
6BB
330
17
100
AcDbEntity
  8
GEOMETRY
100
AcDbLine
 10
605.830078125
 20
220.94989013671875
 30
0.0
 11
582.5863037109375
 21
220.94989013671875
 31
0.0
  0
LINE
  5
6BC
330
17
100
AcDbEntity
  8
GEOMETRY
100
AcDbLine
 10
605.830078125
 20
197.70620727539062
 30
0.0
 11
605.830078125
 21
220.94989013671875
 31
0.0
  0
LINE
  5
6BD
330
17
100
AcDbEntity
  8
GEOMETRY
100
AcDbLine
 10
605.830078125
 20
220.94989013671875
 30
0.0
 11
604.4127197265625
 21
220.94989013671875
 31
0.0
  0
LINE
  5
6BE
330
17
100
AcDbEntity
  8
GEOMETRY
100
AcDbLine
 10
604.4127197265625
 20
220.94989013671875
 30
0.0
 11
604.4127197265625
 21
197.70620727539062
 31
0.0
  0
LINE
  5
6BF
330
17
100
AcDbEntity
  8
GEOMETRY
100
AcDbLine
 10
604.4127197265625
 20
197.70620727539062
 30
0.0
 11
605.830078125
 21
197.70620727539062
 31
0.0
  0
LWPOLYLINE
  5
6C0
330
17
100
AcDbEntity
  8
GEOMETRY
100
AcDbPolyline
 90
4
 70
1
 10
605.830078125
 20
197.70620727539062
 10
604.4127197265625
 20
197.70620727539062
 10
604.4127197265625
 20
220.94989013671875
 10
605.830078125
 20
220.94989013671875
  0
LINE
  5
6C1
330
17
100
AcDbEntity
  8
GEOMETRY
100
AcDbLine
 10
603.6984252929688
 20
216.697998046875
 30
0.0
 11
603.6984252929688
 21
220.94989013671875
 31
0.0
  0
LINE
  5
6C2
330
17
100
AcDbEntity
  8
GEOMETRY
100
AcDbLine
 10
603.6984252929688
 20
220.94989013671875
 30
0.0
 11
583.3006591796875
 21
220.94989013671875
 31
0.0
  0
LINE
  5
6C3
330
17
100
AcDbEntity
  8
GEOMETRY
100
AcDbLine
 10
583.3006591796875
 20
220.94989013671875
 30
0.0
 11
583.3006591796875
 21
216.697998046875
 31
0.0
  0
LINE
  5
6C4
330
17
100
AcDbEntity
  8
GEOMETRY
100
AcDbLine
 10
583.3006591796875
 20
216.697998046875
 30
0.0
 11
603.6984252929688
 21
216.697998046875
 31
0.0
  0
LWPOLYLINE
  5
6C5
330
17
100
AcDbEntity
  8
GEOMETRY
100
AcDbPolyline
 90
4
 70
1
 10
603.6984252929688
 20
216.697998046875
 10
583.3006591796875
 20
216.697998046875
 10
583.3006591796875
 20
220.94989013671875
 10
603.6984252929688
 20
220.94989013671875
  0
LINE
  5
6C6
330
17
100
AcDbEntity
  8
GEOMETRY
100
AcDbLine
 10
636.7271728515625
 20
186.93472290039062
 30
0.0
 11
605.830078125
 21
186.93472290039062
 31
0.0
  0
LINE
  5
6C7
330
17
100
AcDbEntity
  8
GEOMETRY
100
AcDbLine
 10
636.7271728515625
 20
189.76931762695312
 30
0.0
 11
636.7271728515625
 21
184.10012817382812
 31
0.0
  0
LINE
  5
6C8
330
17
100
AcDbEntity
  8
GEOMETRY
100
AcDbLine
 10
638.1444702148438
 20
188.35202026367188
 30
0.0
 11
635.3098754882812
 21
185.51742553710938
 31
0.0
  0
LINE
  5
6C9
330
17
100
AcDbEntity
  8
GEOMETRY
100
AcDbLine
 10
605.830078125
 20
189.76931762695312
 30
0.0
 11
605.830078125
 21
184.10012817382812
 31
0.0
  0
LINE
  5
6CA
330
17
100
AcDbEntity
  8
GEOMETRY
100
AcDbLine
 10
607.247314453125
 20
188.35202026367188
 30
0.0
 11
604.4127197265625
 21
185.51742553710938
 31
0.0
  0
LINE
  5
6CB
330
17
100
AcDbEntity
  8
GEOMETRY
100
AcDbLine
 10
605.830078125
 20
186.93472290039062
 30
0.0
 11
582.5863037109375
 21
186.93472290039062
 31
0.0
  0
LINE
  5
6CC
330
17
100
AcDbEntity
  8
GEOMETRY
100
AcDbLine
 10
605.830078125
 20
189.76931762695312
 30
0.0
 11
605.830078125
 21
184.10012817382812
 31
0.0
  0
LINE
  5
6CD
330
17
100
AcDbEntity
  8
GEOMETRY
100
AcDbLine
 10
607.247314453125
 20
188.35202026367188
 30
0.0
 11
604.4127197265625
 21
185.51742553710938
 31
0.0
  0
LINE
  5
6CE
330
17
100
AcDbEntity
  8
GEOMETRY
100
AcDbLine
 10
582.5863037109375
 20
189.76931762695312
 30
0.0
 11
582.5863037109375
 21
184.10012817382812
 31
0.0
  0
LINE
  5
6CF
330
17
100
AcDbEntity
  8
GEOMETRY
100
AcDbLine
 10
584.003662109375
 20
188.35202026367188
 30
0.0
 11
581.1690673828125
 21
185.51742553710938
 31
0.0
  0
LINE
  5
6D0
330
17
100
AcDbEntity
  8
GEOMETRY
100
AcDbLine
 10
582.5863037109375
 20
186.93472290039062
 30
0.0
 11
443.2658386230469
 21
186.93472290039062
 31
0.0
  0
LINE
  5
6D1
330
17
100
AcDbEntity
  8
GEOMETRY
100
AcDbLine
 10
582.5863037109375
 20
189.76931762695312
 30
0.0
 11
582.5863037109375
 21
184.10012817382812
 31
0.0
  0
LINE
  5
6D2
330
17
100
AcDbEntity
  8
GEOMETRY
100
AcDbLine
 10
584.003662109375
 20
188.35202026367188
 30
0.0
 11
581.1690673828125
 21
185.51742553710938
 31
0.0
  0
LINE
  5
6D3
330
17
100
AcDbEntity
  8
GEOMETRY
100
AcDbLine
 10
443.2658386230469
 20
189.76931762695312
 30
0.0
 11
443.2658386230469
 21
184.10012817382812
 31
0.0
  0
LINE
  5
6D4
330
17
100
AcDbEntity
  8
GEOMETRY
100
AcDbLine
 10
444.6831359863281
 20
188.35202026367188
 30
0.0
 11
441.8485412597656
 21
185.51742553710938
 31
0.0
  0
LINE
  5
6D5
330
17
100
AcDbEntity
  8
GEOMETRY
100
AcDbLine
 10
443.2658386230469
 20
186.93472290039062
 30
0.0
 11
362.47979736328125
 21
186.93472290039062
 31
0.0
  0
LINE
  5
6D6
330
17
100
AcDbEntity
  8
GEOMETRY
100
AcDbLine
 10
443.2658386230469
 20
189.76931762695312
 30
0.0
 11
443.2658386230469
 21
184.10012817382812
 31
0.0
  0
LINE
  5
6D7
330
17
100
AcDbEntity
  8
GEOMETRY
100
AcDbLine
 10
444.6831359863281
 20
188.35202026367188
 30
0.0
 11
441.8485412597656
 21
185.51742553710938
 31
0.0
  0
LINE
  5
6D8
330
17
100
AcDbEntity
  8
GEOMETRY
100
AcDbLine
 10
362.47979736328125
 20
189.76931762695312
 30
0.0
 11
362.47979736328125
 21
184.10012817382812
 31
0.0
  0
LINE
  5
6D9
330
17
100
AcDbEntity
  8
GEOMETRY
100
AcDbLine
 10
363.8970947265625
 20
188.35202026367188
 30
0.0
 11
361.0625
 21
185.51742553710938
 31
0.0
  0
LINE
  5
6DA
330
17
100
AcDbEntity
  8
GEOMETRY
100
AcDbLine
 10
362.47979736328125
 20
186.93472290039062
 30
0.0
 11
352.5586853027344
 21
186.93472290039062
 31
0.0
  0
LINE
  5
6DB
330
17
100
AcDbEntity
  8
GEOMETRY
100
AcDbLine
 10
362.47979736328125
 20
189.76931762695312
 30
0.0
 11
362.47979736328125
 21
184.10012817382812
 31
0.0
  0
LINE
  5
6DC
330
17
100
AcDbEntity
  8
GEOMETRY
100
AcDbLine
 10
363.8970947265625
 20
188.35202026367188
 30
0.0
 11
361.0625
 21
185.51742553710938
 31
0.0
  0
LINE
  5
6DD
330
17
100
AcDbEntity
  8
GEOMETRY
100
AcDbLine
 10
352.5586853027344
 20
189.76931762695312
 30
0.0
 11
352.5586853027344
 21
184.10012817382812
 31
0.0
  0
LINE
  5
6DE
330
17
100
AcDbEntity
  8
GEOMETRY
100
AcDbLine
 10
353.9759826660156
 20
188.35202026367188
 30
0.0
 11
351.1413879394531
 21
185.51742553710938
 31
0.0
  0
LINE
  5
6DF
330
17
100
AcDbEntity
  8
GEOMETRY
100
AcDbLine
 10
352.5586853027344
 20
186.93472290039062
 30
0.0
 11
188.86062622070312
 21
186.93472290039062
 31
0.0
  0
LINE
  5
6E0
330
17
100
AcDbEntity
  8
GEOMETRY
100
AcDbLine
 10
352.5586853027344
 20
189.76931762695312
 30
0.0
 11
352.5586853027344
 21
184.10012817382812
 31
0.0
  0
LINE
  5
6E1
330
17
100
AcDbEntity
  8
GEOMETRY
100
AcDbLine
 10
353.9759826660156
 20
188.35202026367188
 30
0.0
 11
351.1413879394531
 21
185.51742553710938
 31
0.0
  0
LINE
  5
6E2
330
17
100
AcDbEntity
  8
GEOMETRY
100
AcDbLine
 10
188.86062622070312
 20
189.76931762695312
 30
0.0
 11
188.86062622070312
 21
184.10012817382812
 31
0.0
  0
LINE
  5
6E3
330
17
100
AcDbEntity
  8
GEOMETRY
100
AcDbLine
 10
190.27793884277344
 20
188.35202026367188
 30
0.0
 11
187.44332885742188
 21
185.51742553710938
 31
0.0
  0
LINE
  5
6E4
330
17
100
AcDbEntity
  8
GEOMETRY
100
AcDbLine
 10
188.86062622070312
 20
186.93472290039062
 30
0.0
 11
183.19143676757812
 21
186.93472290039062
 31
0.0
  0
LINE
  5
6E5
330
17
100
AcDbEntity
  8
GEOMETRY
100
AcDbLine
 10
188.86062622070312
 20
189.76931762695312
 30
0.0
 11
188.86062622070312
 21
184.10012817382812
 31
0.0
  0
LINE
  5
6E6
330
17
100
AcDbEntity
  8
GEOMETRY
100
AcDbLine
 10
190.27793884277344
 20
188.35202026367188
 30
0.0
 11
187.44332885742188
 21
185.51742553710938
 31
0.0
  0
LINE
  5
6E7
330
17
100
AcDbEntity
  8
GEOMETRY
100
AcDbLine
 10
183.19143676757812
 20
189.76931762695312
 30
0.0
 11
183.19143676757812
 21
184.10012817382812
 31
0.0
  0
LINE
  5
6E8
330
17
100
AcDbEntity
  8
GEOMETRY
100
AcDbLine
 10
184.60873413085938
 20
188.35202026367188
 30
0.0
 11
181.77413940429688
 21
185.51742553710938
 31
0.0
  0
LINE
  5
6E9
330
17
100
AcDbEntity
  8
GEOMETRY
100
AcDbLine
 10
189.1440887451172
 20
471.8118591308594
 30
0.0
 11
189.1440887451172
 21
454.8042755126953
 31
0.0
  0
LINE
  5
6EA
330
17
100
AcDbEntity
  8
GEOMETRY
100
AcDbLine
 10
189.1440887451172
 20
454.8042755126953
 30
0.0
 11
187.15988159179688
 21
454.8042755126953
 31
0.0
  0
LINE
  5
6EB
330
17
100
AcDbEntity
  8
GEOMETRY
100
AcDbLine
 10
187.15988159179688
 20
454.8042755126953
 30
0.0
 11
187.15988159179688
 21
471.8118591308594
 31
0.0
  0
LINE
  5
6EC
330
17
100
AcDbEntity
  8
GEOMETRY
100
AcDbLine
 10
189.1440887451172
 20
449.13507080078125
 30
0.0
 11
189.1440887451172
 21
432.1274871826172
 31
0.0
  0
LINE
  5
6ED
330
17
100
AcDbEntity
  8
GEOMETRY
100
AcDbLine
 10
189.1440887451172
 20
432.1274871826172
 30
0.0
 11
187.15988159179688
 21
432.1274871826172
 31
0.0
  0
LINE
  5
6EE
330
17
100
AcDbEntity
  8
GEOMETRY
100
AcDbLine
 10
187.15988159179688
 20
432.1274871826172
 30
0.0
 11
187.15988159179688
 21
449.13507080078125
 31
0.0
  0
LINE
  5
6EF
330
17
100
AcDbEntity
  8
GEOMETRY
100
AcDbLine
 10
189.1440887451172
 20
426.4582824707031
 30
0.0
 11
189.1440887451172
 21
409.45069885253906
 31
0.0
  0
LINE
  5
6F0
330
17
100
AcDbEntity
  8
GEOMETRY
100
AcDbLine
 10
189.1440887451172
 20
409.45069885253906
 30
0.0
 11
187.15988159179688
 21
409.45069885253906
 31
0.0
  0
LINE
  5
6F1
330
17
100
AcDbEntity
  8
GEOMETRY
100
AcDbLine
 10
187.15988159179688
 20
409.45069885253906
 30
0.0
 11
187.15988159179688
 21
426.4582824707031
 31
0.0
  0
LINE
  5
6F2
330
17
100
AcDbEntity
  8
GEOMETRY
100
AcDbLine
 10
189.1440887451172
 20
403.781494140625
 30
0.0
 11
189.1440887451172
 21
386.77391052246094
 31
0.0
  0
LINE
  5
6F3
330
17
100
AcDbEntity
  8
GEOMETRY
100
AcDbLine
 10
189.1440887451172
 20
386.77391052246094
 30
0.0
 11
187.15988159179688
 21
386.77391052246094
 31
0.0
  0
LINE
  5
6F4
330
17
100
AcDbEntity
  8
GEOMETRY
100
AcDbLine
 10
187.15988159179688
 20
386.77391052246094
 30
0.0
 11
187.15988159179688
 21
403.781494140625
 31
0.0
  0
LINE
  5
6F5
330
17
100
AcDbEntity
  8
GEOMETRY
100
AcDbLine
 10
189.1440887451172
 20
381.1047058105469
 30
0.0
 11
189.1440887451172
 21
364.0971221923828
 31
0.0
  0
LINE
  5
6F6
330
17
100
AcDbEntity
  8
GEOMETRY
100
AcDbLine
 10
189.1440887451172
 20
364.0971221923828
 30
0.0
 11
187.15988159179688
 21
364.0971221923828
 31
0.0
  0
LINE
  5
6F7
330
17
100
AcDbEntity
  8
GEOMETRY
100
AcDbLine
 10
187.15988159179688
 20
364.0971221923828
 30
0.0
 11
187.15988159179688
 21
381.1047058105469
 31
0.0
  0
LINE
  5
6F8
330
17
100
AcDbEntity
  8
GEOMETRY
100
AcDbLine
 10
189.1440887451172
 20
358.42791748046875
 30
0.0
 11
189.1440887451172
 21
341.4203338623047
 31
0.0
  0
LINE
  5
6F9
330
17
100
AcDbEntity
  8
GEOMETRY
100
AcDbLine
 10
189.1440887451172
 20
341.4203338623047
 30
0.0
 11
187.15988159179688
 21
341.4203338623047
 31
0.0
  0
LINE
  5
6FA
330
17
100
AcDbEntity
  8
GEOMETRY
100
AcDbLine
 10
187.15988159179688
 20
341.4203338623047
 30
0.0
 11
187.15988159179688
 21
358.42791748046875
 31
0.0
  0
LINE
  5
6FB
330
17
100
AcDbEntity
  8
GEOMETRY
100
AcDbLine
 10
189.1440887451172
 20
335.75115966796875
 30
0.0
 11
189.1440887451172
 21
318.7435302734375
 31
0.0
  0
LINE
  5
6FC
330
17
100
AcDbEntity
  8
GEOMETRY
100
AcDbLine
 10
189.1440887451172
 20
318.7435302734375
 30
0.0
 11
187.15988159179688
 21
318.7435302734375
 31
0.0
  0
LINE
  5
6FD
330
17
100
AcDbEntity
  8
GEOMETRY
100
AcDbLine
 10
187.15988159179688
 20
318.7435302734375
 30
0.0
 11
187.15988159179688
 21
335.75115966796875
 31
0.0
  0
LINE
  5
6FE
330
17
100
AcDbEntity
  8
GEOMETRY
100
AcDbLine
 10
189.1440887451172
 20
313.0743408203125
 30
0.0
 11
189.1440887451172
 21
296.0667724609375
 31
0.0
  0
LINE
  5
6FF
330
17
100
AcDbEntity
  8
GEOMETRY
100
AcDbLine
 10
189.1440887451172
 20
296.0667724609375
 30
0.0
 11
187.15988159179688
 21
296.0667724609375
 31
0.0
  0
LINE
  5
700
330
17
100
AcDbEntity
  8
GEOMETRY
100
AcDbLine
 10
187.15988159179688
 20
296.0667724609375
 30
0.0
 11
187.15988159179688
 21
313.0743408203125
 31
0.0
  0
LINE
  5
701
330
17
100
AcDbEntity
  8
GEOMETRY
100
AcDbLine
 10
189.1440887451172
 20
290.3975830078125
 30
0.0
 11
189.1440887451172
 21
273.38995361328125
 31
0.0
  0
LINE
  5
702
330
17
100
AcDbEntity
  8
GEOMETRY
100
AcDbLine
 10
189.1440887451172
 20
273.38995361328125
 30
0.0
 11
187.15988159179688
 21
273.38995361328125
 31
0.0
  0
LINE
  5
703
330
17
100
AcDbEntity
  8
GEOMETRY
100
AcDbLine
 10
187.15988159179688
 20
273.38995361328125
 30
0.0
 11
187.15988159179688
 21
290.3975830078125
 31
0.0
  0
LINE
  5
704
330
17
100
AcDbEntity
  8
GEOMETRY
100
AcDbLine
 10
189.1440887451172
 20
267.72076416015625
 30
0.0
 11
189.1440887451172
 21
250.71319580078125
 31
0.0
  0
LINE
  5
705
330
17
100
AcDbEntity
  8
GEOMETRY
100
AcDbLine
 10
189.1440887451172
 20
250.71319580078125
 30
0.0
 11
187.15988159179688
 21
250.71319580078125
 31
0.0
  0
LINE
  5
706
330
17
100
AcDbEntity
  8
GEOMETRY
100
AcDbLine
 10
187.15988159179688
 20
250.71319580078125
 30
0.0
 11
187.15988159179688
 21
267.72076416015625
 31
0.0
  0
LINE
  5
707
330
17
100
AcDbEntity
  8
GEOMETRY
100
AcDbLine
 10
189.1440887451172
 20
245.04400634765625
 30
0.0
 11
189.1440887451172
 21
228.03640747070312
 31
0.0
  0
LINE
  5
708
330
17
100
AcDbEntity
  8
GEOMETRY
100
AcDbLine
 10
189.1440887451172
 20
228.03640747070312
 30
0.0
 11
187.15988159179688
 21
228.03640747070312
 31
0.0
  0
LINE
  5
709
330
17
100
AcDbEntity
  8
GEOMETRY
100
AcDbLine
 10
187.15988159179688
 20
228.03640747070312
 30
0.0
 11
187.15988159179688
 21
245.04400634765625
 31
0.0
  0
LINE
  5
70A
330
17
100
AcDbEntity
  8
GEOMETRY
100
AcDbLine
 10
189.1440887451172
 20
222.3671875
 30
0.0
 11
189.1440887451172
 21
216.697998046875
 31
0.0
  0
LINE
  5
70B
330
17
100
AcDbEntity
  8
GEOMETRY
100
AcDbLine
 10
189.1440887451172
 20
216.697998046875
 30
0.0
 11
187.15988159179688
 21
216.697998046875
 31
0.0
  0
LINE
  5
70C
330
17
100
AcDbEntity
  8
GEOMETRY
100
AcDbLine
 10
187.15988159179688
 20
216.697998046875
 30
0.0
 11
187.15988159179688
 21
222.3671875
 31
0.0
  0
LWPOLYLINE
  5
70D
330
17
100
AcDbEntity
  8
GEOMETRY
100
AcDbPolyline
 90
4
 70
1
 10
183.19143676757812
 20
467.5599670410156
 10
187.44332885742188
 20
467.5599670410156
 10
187.44332885742188
 20
220.94989013671875
 10
183.19143676757812
 20
220.94989013671875
  0
LWPOLYLINE
  5
70E
330
17
100
AcDbEntity
  8
GEOMETRY
100
AcDbPolyline
 90
4
 70
1
 10
187.44332885742188
 20
467.5599670410156
 10
188.86062622070312
 20
467.5599670410156
 10
188.86062622070312
 20
463.3080596923828
 10
187.44332885742188
 20
463.3080596923828
  0
LWPOLYLINE
  5
70F
330
17
100
AcDbEntity
  8
GEOMETRY
100
AcDbPolyline
 90
4
 70
1
 10
187.44332885742188
 20
225.2017822265625
 10
188.86062622070312
 20
225.2017822265625
 10
188.86062622070312
 20
220.94989013671875
 10
187.44332885742188
 20
220.94989013671875
  0
LINE
  5
710
330
17
100
AcDbEntity
  8
GEOMETRY
100
AcDbLine
 10
354.25946044921875
 20
471.8118591308594
 30
0.0
 11
354.25946044921875
 21
454.8042755126953
 31
0.0
  0
LINE
  5
711
330
17
100
AcDbEntity
  8
GEOMETRY
100
AcDbLine
 10
354.25946044921875
 20
454.8042755126953
 30
0.0
 11
352.27520751953125
 21
454.8042755126953
 31
0.0
  0
LINE
  5
712
330
17
100
AcDbEntity
  8
GEOMETRY
100
AcDbLine
 10
352.27520751953125
 20
454.8042755126953
 30
0.0
 11
352.27520751953125
 21
471.8118591308594
 31
0.0
  0
LINE
  5
713
330
17
100
AcDbEntity
  8
GEOMETRY
100
AcDbLine
 10
354.25946044921875
 20
449.13507080078125
 30
0.0
 11
354.25946044921875
 21
432.1274871826172
 31
0.0
  0
LINE
  5
714
330
17
100
AcDbEntity
  8
GEOMETRY
100
AcDbLine
 10
354.25946044921875
 20
432.1274871826172
 30
0.0
 11
352.27520751953125
 21
432.1274871826172
 31
0.0
  0
LINE
  5
715
330
17
100
AcDbEntity
  8
GEOMETRY
100
AcDbLine
 10
352.27520751953125
 20
432.1274871826172
 30
0.0
 11
352.27520751953125
 21
449.13507080078125
 31
0.0
  0
LINE
  5
716
330
17
100
AcDbEntity
  8
GEOMETRY
100
AcDbLine
 10
354.25946044921875
 20
426.4582824707031
 30
0.0
 11
354.25946044921875
 21
409.45069885253906
 31
0.0
  0
LINE
  5
717
330
17
100
AcDbEntity
  8
GEOMETRY
100
AcDbLine
 10
354.25946044921875
 20
409.45069885253906
 30
0.0
 11
352.27520751953125
 21
409.45069885253906
 31
0.0
  0
LINE
  5
718
330
17
100
AcDbEntity
  8
GEOMETRY
100
AcDbLine
 10
352.27520751953125
 20
409.45069885253906
 30
0.0
 11
352.27520751953125
 21
426.4582824707031
 31
0.0
  0
LINE
  5
719
330
17
100
AcDbEntity
  8
GEOMETRY
100
AcDbLine
 10
354.25946044921875
 20
403.781494140625
 30
0.0
 11
354.25946044921875
 21
386.77391052246094
 31
0.0
  0
LINE
  5
71A
330
17
100
AcDbEntity
  8
GEOMETRY
100
AcDbLine
 10
354.25946044921875
 20
386.77391052246094
 30
0.0
 11
352.27520751953125
 21
386.77391052246094
 31
0.0
  0
LINE
  5
71B
330
17
100
AcDbEntity
  8
GEOMETRY
100
AcDbLine
 10
352.27520751953125
 20
386.77391052246094
 30
0.0
 11
352.27520751953125
 21
403.781494140625
 31
0.0
  0
LINE
  5
71C
330
17
100
AcDbEntity
  8
GEOMETRY
100
AcDbLine
 10
354.25946044921875
 20
381.1047058105469
 30
0.0
 11
354.25946044921875
 21
364.0971221923828
 31
0.0
  0
LINE
  5
71D
330
17
100
AcDbEntity
  8
GEOMETRY
100
AcDbLine
 10
354.25946044921875
 20
364.0971221923828
 30
0.0
 11
352.27520751953125
 21
364.0971221923828
 31
0.0
  0
LINE
  5
71E
330
17
100
AcDbEntity
  8
GEOMETRY
100
AcDbLine
 10
352.27520751953125
 20
364.0971221923828
 30
0.0
 11
352.27520751953125
 21
381.1047058105469
 31
0.0
  0
LINE
  5
71F
330
17
100
AcDbEntity
  8
GEOMETRY
100
AcDbLine
 10
354.25946044921875
 20
358.42791748046875
 30
0.0
 11
354.25946044921875
 21
341.4203338623047
 31
0.0
  0
LINE
  5
720
330
17
100
AcDbEntity
  8
GEOMETRY
100
AcDbLine
 10
354.25946044921875
 20
341.4203338623047
 30
0.0
 11
352.27520751953125
 21
341.4203338623047
 31
0.0
  0
LINE
  5
721
330
17
100
AcDbEntity
  8
GEOMETRY
100
AcDbLine
 10
352.27520751953125
 20
341.4203338623047
 30
0.0
 11
352.27520751953125
 21
358.42791748046875
 31
0.0
  0
LINE
  5
722
330
17
100
AcDbEntity
  8
GEOMETRY
100
AcDbLine
 10
354.25946044921875
 20
335.75115966796875
 30
0.0
 11
354.25946044921875
 21
318.7435302734375
 31
0.0
  0
LINE
  5
723
330
17
100
AcDbEntity
  8
GEOMETRY
100
AcDbLine
 10
354.25946044921875
 20
318.7435302734375
 30
0.0
 11
352.27520751953125
 21
318.7435302734375
 31
0.0
  0
LINE
  5
724
330
17
100
AcDbEntity
  8
GEOMETRY
100
AcDbLine
 10
352.27520751953125
 20
318.7435302734375
 30
0.0
 11
352.27520751953125
 21
335.75115966796875
 31
0.0
  0
LINE
  5
725
330
17
100
AcDbEntity
  8
GEOMETRY
100
AcDbLine
 10
354.25946044921875
 20
313.0743408203125
 30
0.0
 11
354.25946044921875
 21
296.0667724609375
 31
0.0
  0
LINE
  5
726
330
17
100
AcDbEntity
  8
GEOMETRY
100
AcDbLine
 10
354.25946044921875
 20
296.0667724609375
 30
0.0
 11
352.27520751953125
 21
296.0667724609375
 31
0.0
  0
LINE
  5
727
330
17
100
AcDbEntity
  8
GEOMETRY
100
AcDbLine
 10
352.27520751953125
 20
296.0667724609375
 30
0.0
 11
352.27520751953125
 21
313.0743408203125
 31
0.0
  0
LINE
  5
728
330
17
100
AcDbEntity
  8
GEOMETRY
100
AcDbLine
 10
354.25946044921875
 20
290.3975830078125
 30
0.0
 11
354.25946044921875
 21
273.38995361328125
 31
0.0
  0
LINE
  5
729
330
17
100
AcDbEntity
  8
GEOMETRY
100
AcDbLine
 10
354.25946044921875
 20
273.38995361328125
 30
0.0
 11
352.27520751953125
 21
273.38995361328125
 31
0.0
  0
LINE
  5
72A
330
17
100
AcDbEntity
  8
GEOMETRY
100
AcDbLine
 10
352.27520751953125
 20
273.38995361328125
 30
0.0
 11
352.27520751953125
 21
290.3975830078125
 31
0.0
  0
LINE
  5
72B
330
17
100
AcDbEntity
  8
GEOMETRY
100
AcDbLine
 10
354.25946044921875
 20
267.72076416015625
 30
0.0
 11
354.25946044921875
 21
250.71319580078125
 31
0.0
  0
LINE
  5
72C
330
17
100
AcDbEntity
  8
GEOMETRY
100
AcDbLine
 10
354.25946044921875
 20
250.71319580078125
 30
0.0
 11
352.27520751953125
 21
250.71319580078125
 31
0.0
  0
LINE
  5
72D
330
17
100
AcDbEntity
  8
GEOMETRY
100
AcDbLine
 10
352.27520751953125
 20
250.71319580078125
 30
0.0
 11
352.27520751953125
 21
267.72076416015625
 31
0.0
  0
LINE
  5
72E
330
17
100
AcDbEntity
  8
GEOMETRY
100
AcDbLine
 10
354.25946044921875
 20
245.04400634765625
 30
0.0
 11
354.25946044921875
 21
228.03640747070312
 31
0.0
  0
LINE
  5
72F
330
17
100
AcDbEntity
  8
GEOMETRY
100
AcDbLine
 10
354.25946044921875
 20
228.03640747070312
 30
0.0
 11
352.27520751953125
 21
228.03640747070312
 31
0.0
  0
LINE
  5
730
330
17
100
AcDbEntity
  8
GEOMETRY
100
AcDbLine
 10
352.27520751953125
 20
228.03640747070312
 30
0.0
 11
352.27520751953125
 21
245.04400634765625
 31
0.0
  0
LINE
  5
731
330
17
100
AcDbEntity
  8
GEOMETRY
100
AcDbLine
 10
354.25946044921875
 20
222.3671875
 30
0.0
 11
354.25946044921875
 21
216.697998046875
 31
0.0
  0
LINE
  5
732
330
17
100
AcDbEntity
  8
GEOMETRY
100
AcDbLine
 10
354.25946044921875
 20
216.697998046875
 30
0.0
 11
352.27520751953125
 21
216.697998046875
 31
0.0
  0
LINE
  5
733
330
17
100
AcDbEntity
  8
GEOMETRY
100
AcDbLine
 10
352.27520751953125
 20
216.697998046875
 30
0.0
 11
352.27520751953125
 21
222.3671875
 31
0.0
  0
LWPOLYLINE
  5
734
330
17
100
AcDbEntity
  8
GEOMETRY
100
AcDbPolyline
 90
4
 70
1
 10
348.3067932128906
 20
467.5599670410156
 10
352.5586853027344
 20
467.5599670410156
 10
352.5586853027344
 20
220.94989013671875
 10
348.3067932128906
 20
220.94989013671875
  0
LWPOLYLINE
  5
735
330
17
100
AcDbEntity
  8
GEOMETRY
100
AcDbPolyline
 90
4
 70
1
 10
352.5586853027344
 20
467.5599670410156
 10
353.9759826660156
 20
467.5599670410156
 10
353.9759826660156
 20
463.3080596923828
 10
352.5586853027344
 20
463.3080596923828
  0
LWPOLYLINE
  5
736
330
17
100
AcDbEntity
  8
GEOMETRY
100
AcDbPolyline
 90
4
 70
1
 10
352.5586853027344
 20
225.2017822265625
 10
353.9759826660156
 20
225.2017822265625
 10
353.9759826660156
 20
220.94989013671875
 10
352.5586853027344
 20
220.94989013671875
  0
LINE
  5
737
330
17
100
AcDbEntity
  8
GEOMETRY
100
AcDbLine
 10
451.4861755371094
 20
216.697998046875
 30
0.0
 11
451.4861755371094
 21
233.70559692382812
 31
0.0
  0
LINE
  5
738
330
17
100
AcDbEntity
  8
GEOMETRY
100
AcDbLine
 10
451.4861755371094
 20
233.70559692382812
 30
0.0
 11
453.47039794921875
 21
233.70559692382812
 31
0.0
  0
LINE
  5
739
330
17
100
AcDbEntity
  8
GEOMETRY
100
AcDbLine
 10
453.47039794921875
 20
233.70559692382812
 30
0.0
 11
453.47039794921875
 21
216.697998046875
 31
0.0
  0
LINE
  5
73A
330
17
100
AcDbEntity
  8
GEOMETRY
100
AcDbLine
 10
451.4861755371094
 20
239.37481689453125
 30
0.0
 11
451.4861755371094
 21
256.38238525390625
 31
0.0
  0
LINE
  5
73B
330
17
100
AcDbEntity
  8
GEOMETRY
100
AcDbLine
 10
451.4861755371094
 20
256.38238525390625
 30
0.0
 11
453.47039794921875
 21
256.38238525390625
 31
0.0
  0
LINE
  5
73C
330
17
100
AcDbEntity
  8
GEOMETRY
100
AcDbLine
 10
453.47039794921875
 20
256.38238525390625
 30
0.0
 11
453.47039794921875
 21
239.37481689453125
 31
0.0
  0
LINE
  5
73D
330
17
100
AcDbEntity
  8
GEOMETRY
100
AcDbLine
 10
451.4861755371094
 20
262.05157470703125
 30
0.0
 11
451.4861755371094
 21
279.0591735839844
 31
0.0
  0
LINE
  5
73E
330
17
100
AcDbEntity
  8
GEOMETRY
100
AcDbLine
 10
451.4861755371094
 20
279.0591735839844
 30
0.0
 11
453.47039794921875
 21
279.0591735839844
 31
0.0
  0
LINE
  5
73F
330
17
100
AcDbEntity
  8
GEOMETRY
100
AcDbLine
 10
453.47039794921875
 20
279.0591735839844
 30
0.0
 11
453.47039794921875
 21
262.05157470703125
 31
0.0
  0
LINE
  5
740
330
17
100
AcDbEntity
  8
GEOMETRY
100
AcDbLine
 10
451.4861755371094
 20
284.7283630371094
 30
0.0
 11
451.4861755371094
 21
301.7359619140625
 31
0.0
  0
LINE
  5
741
330
17
100
AcDbEntity
  8
GEOMETRY
100
AcDbLine
 10
451.4861755371094
 20
301.7359619140625
 30
0.0
 11
453.47039794921875
 21
301.7359619140625
 31
0.0
  0
LINE
  5
742
330
17
100
AcDbEntity
  8
GEOMETRY
100
AcDbLine
 10
453.47039794921875
 20
301.7359619140625
 30
0.0
 11
453.47039794921875
 21
284.7283630371094
 31
0.0
  0
LINE
  5
743
330
17
100
AcDbEntity
  8
GEOMETRY
100
AcDbLine
 10
451.4861755371094
 20
307.4051513671875
 30
0.0
 11
451.4861755371094
 21
324.4127502441406
 31
0.0
  0
LINE
  5
744
330
17
100
AcDbEntity
  8
GEOMETRY
100
AcDbLine
 10
451.4861755371094
 20
324.4127502441406
 30
0.0
 11
453.47039794921875
 21
324.4127502441406
 31
0.0
  0
LINE
  5
745
330
17
100
AcDbEntity
  8
GEOMETRY
100
AcDbLine
 10
453.47039794921875
 20
324.4127502441406
 30
0.0
 11
453.47039794921875
 21
307.4051513671875
 31
0.0
  0
LINE
  5
746
330
17
100
AcDbEntity
  8
GEOMETRY
100
AcDbLine
 10
451.4861755371094
 20
330.0819396972656
 30
0.0
 11
451.4861755371094
 21
347.08953857421875
 31
0.0
  0
LINE
  5
747
330
17
100
AcDbEntity
  8
GEOMETRY
100
AcDbLine
 10
451.4861755371094
 20
347.08953857421875
 30
0.0
 11
453.47039794921875
 21
347.08953857421875
 31
0.0
  0
LINE
  5
748
330
17
100
AcDbEntity
  8
GEOMETRY
100
AcDbLine
 10
453.47039794921875
 20
347.08953857421875
 30
0.0
 11
453.47039794921875
 21
330.0819396972656
 31
0.0
  0
LINE
  5
749
330
17
100
AcDbEntity
  8
GEOMETRY
100
AcDbLine
 10
451.4861755371094
 20
352.75872802734375
 30
0.0
 11
451.4861755371094
 21
369.7663269042969
 31
0.0
  0
LINE
  5
74A
330
17
100
AcDbEntity
  8
GEOMETRY
100
AcDbLine
 10
451.4861755371094
 20
369.7663269042969
 30
0.0
 11
453.47039794921875
 21
369.7663269042969
 31
0.0
  0
LINE
  5
74B
330
17
100
AcDbEntity
  8
GEOMETRY
100
AcDbLine
 10
453.47039794921875
 20
369.7663269042969
 30
0.0
 11
453.47039794921875
 21
352.75872802734375
 31
0.0
  0
LINE
  5
74C
330
17
100
AcDbEntity
  8
GEOMETRY
100
AcDbLine
 10
451.4861755371094
 20
375.4355163574219
 30
0.0
 11
451.4861755371094
 21
392.443115234375
 31
0.0
  0
LINE
  5
74D
330
17
100
AcDbEntity
  8
GEOMETRY
100
AcDbLine
 10
451.4861755371094
 20
392.443115234375
 30
0.0
 11
453.47039794921875
 21
392.443115234375
 31
0.0
  0
LINE
  5
74E
330
17
100
AcDbEntity
  8
GEOMETRY
100
AcDbLine
 10
453.47039794921875
 20
392.443115234375
 30
0.0
 11
453.47039794921875
 21
375.4355163574219
 31
0.0
  0
LINE
  5
74F
330
17
100
AcDbEntity
  8
GEOMETRY
100
AcDbLine
 10
451.4861755371094
 20
398.1123046875
 30
0.0
 11
451.4861755371094
 21
415.11988830566406
 31
0.0
  0
LINE
  5
750
330
17
100
AcDbEntity
  8
GEOMETRY
100
AcDbLine
 10
451.4861755371094
 20
415.11988830566406
 30
0.0
 11
453.47039794921875
 21
415.11988830566406
 31
0.0
  0
LINE
  5
751
330
17
100
AcDbEntity
  8
GEOMETRY
100
AcDbLine
 10
453.47039794921875
 20
415.11988830566406
 30
0.0
 11
453.47039794921875
 21
398.1123046875
 31
0.0
  0
LINE
  5
752
330
17
100
AcDbEntity
  8
GEOMETRY
100
AcDbLine
 10
451.4861755371094
 20
420.7890930175781
 30
0.0
 11
451.4861755371094
 21
437.7966766357422
 31
0.0
  0
LINE
  5
753
330
17
100
AcDbEntity
  8
GEOMETRY
100
AcDbLine
 10
451.4861755371094
 20
437.7966766357422
 30
0.0
 11
453.47039794921875
 21
437.7966766357422
 31
0.0
  0
LINE
  5
754
330
17
100
AcDbEntity
  8
GEOMETRY
100
AcDbLine
 10
453.47039794921875
 20
437.7966766357422
 30
0.0
 11
453.47039794921875
 21
420.7890930175781
 31
0.0
  0
LINE
  5
755
330
17
100
AcDbEntity
  8
GEOMETRY
100
AcDbLine
 10
451.4861755371094
 20
443.46588134765625
 30
0.0
 11
451.4861755371094
 21
460.4734649658203
 31
0.0
  0
LINE
  5
756
330
17
100
AcDbEntity
  8
GEOMETRY
100
AcDbLine
 10
451.4861755371094
 20
460.4734649658203
 30
0.0
 11
453.47039794921875
 21
460.4734649658203
 31
0.0
  0
LINE
  5
757
330
17
100
AcDbEntity
  8
GEOMETRY
100
AcDbLine
 10
453.47039794921875
 20
460.4734649658203
 30
0.0
 11
453.47039794921875
 21
443.46588134765625
 31
0.0
  0
LINE
  5
758
330
17
100
AcDbEntity
  8
GEOMETRY
100
AcDbLine
 10
451.4861755371094
 20
466.1426696777344
 30
0.0
 11
451.4861755371094
 21
471.8118591308594
 31
0.0
  0
LINE
  5
759
330
17
100
AcDbEntity
  8
GEOMETRY
100
AcDbLine
 10
451.4861755371094
 20
471.8118591308594
 30
0.0
 11
453.47039794921875
 21
471.8118591308594
 31
0.0
  0
LINE
  5
75A
330
17
100
AcDbEntity
  8
GEOMETRY
100
AcDbLine
 10
453.47039794921875
 20
471.8118591308594
 30
0.0
 11
453.47039794921875
 21
466.1426696777344
 31
0.0
  0
LWPOLYLINE
  5
75B
330
17
100
AcDbEntity
  8
GEOMETRY
100
AcDbPolyline
 90
4
 70
1
 10
451.7696228027344
 20
225.2017822265625
 10
453.1869201660156
 20
225.2017822265625
 10
453.1869201660156
 20
220.94989013671875
 10
451.7696228027344
 20
220.94989013671875
  0
LWPOLYLINE
  5
75C
330
17
100
AcDbEntity
  8
GEOMETRY
100
AcDbPolyline
 90
4
 70
1
 10
451.7696228027344
 20
467.5599670410156
 10
453.1869201660156
 20
467.5599670410156
 10
453.1869201660156
 20
463.3080596923828
 10
451.7696228027344
 20
463.3080596923828
  0
LINE
  5
75D
330
17
100
AcDbEntity
  8
GEOMETRY
100
AcDbLine
 10
550.6971435546875
 20
216.697998046875
 30
0.0
 11
550.6971435546875
 21
233.70559692382812
 31
0.0
  0
LINE
  5
75E
330
17
100
AcDbEntity
  8
GEOMETRY
100
AcDbLine
 10
550.6971435546875
 20
233.70559692382812
 30
0.0
 11
552.6813354492188
 21
233.70559692382812
 31
0.0
  0
LINE
  5
75F
330
17
100
AcDbEntity
  8
GEOMETRY
100
AcDbLine
 10
552.6813354492188
 20
233.70559692382812
 30
0.0
 11
552.6813354492188
 21
216.697998046875
 31
0.0
  0
LINE
  5
760
330
17
100
AcDbEntity
  8
GEOMETRY
100
AcDbLine
 10
550.6971435546875
 20
239.37481689453125
 30
0.0
 11
550.6971435546875
 21
256.38238525390625
 31
0.0
  0
LINE
  5
761
330
17
100
AcDbEntity
  8
GEOMETRY
100
AcDbLine
 10
550.6971435546875
 20
256.38238525390625
 30
0.0
 11
552.6813354492188
 21
256.38238525390625
 31
0.0
  0
LINE
  5
762
330
17
100
AcDbEntity
  8
GEOMETRY
100
AcDbLine
 10
552.6813354492188
 20
256.38238525390625
 30
0.0
 11
552.6813354492188
 21
239.37481689453125
 31
0.0
  0
LINE
  5
763
330
17
100
AcDbEntity
  8
GEOMETRY
100
AcDbLine
 10
550.6971435546875
 20
262.05157470703125
 30
0.0
 11
550.6971435546875
 21
279.0591735839844
 31
0.0
  0
LINE
  5
764
330
17
100
AcDbEntity
  8
GEOMETRY
100
AcDbLine
 10
550.6971435546875
 20
279.0591735839844
 30
0.0
 11
552.6813354492188
 21
279.0591735839844
 31
0.0
  0
LINE
  5
765
330
17
100
AcDbEntity
  8
GEOMETRY
100
AcDbLine
 10
552.6813354492188
 20
279.0591735839844
 30
0.0
 11
552.6813354492188
 21
262.05157470703125
 31
0.0
  0
LINE
  5
766
330
17
100
AcDbEntity
  8
GEOMETRY
100
AcDbLine
 10
550.6971435546875
 20
284.7283630371094
 30
0.0
 11
550.6971435546875
 21
301.7359619140625
 31
0.0
  0
LINE
  5
767
330
17
100
AcDbEntity
  8
GEOMETRY
100
AcDbLine
 10
550.6971435546875
 20
301.7359619140625
 30
0.0
 11
552.6813354492188
 21
301.7359619140625
 31
0.0
  0
LINE
  5
768
330
17
100
AcDbEntity
  8
GEOMETRY
100
AcDbLine
 10
552.6813354492188
 20
301.7359619140625
 30
0.0
 11
552.6813354492188
 21
284.7283630371094
 31
0.0
  0
LINE
  5
769
330
17
100
AcDbEntity
  8
GEOMETRY
100
AcDbLine
 10
550.6971435546875
 20
307.4051513671875
 30
0.0
 11
550.6971435546875
 21
324.4127502441406
 31
0.0
  0
LINE
  5
76A
330
17
100
AcDbEntity
  8
GEOMETRY
100
AcDbLine
 10
550.6971435546875
 20
324.4127502441406
 30
0.0
 11
552.6813354492188
 21
324.4127502441406
 31
0.0
  0
LINE
  5
76B
330
17
100
AcDbEntity
  8
GEOMETRY
100
AcDbLine
 10
552.6813354492188
 20
324.4127502441406
 30
0.0
 11
552.6813354492188
 21
307.4051513671875
 31
0.0
  0
LINE
  5
76C
330
17
100
AcDbEntity
  8
GEOMETRY
100
AcDbLine
 10
550.6971435546875
 20
330.0819396972656
 30
0.0
 11
550.6971435546875
 21
347.08953857421875
 31
0.0
  0
LINE
  5
76D
330
17
100
AcDbEntity
  8
GEOMETRY
100
AcDbLine
 10
550.6971435546875
 20
347.08953857421875
 30
0.0
 11
552.6813354492188
 21
347.08953857421875
 31
0.0
  0
LINE
  5
76E
330
17
100
AcDbEntity
  8
GEOMETRY
100
AcDbLine
 10
552.6813354492188
 20
347.08953857421875
 30
0.0
 11
552.6813354492188
 21
330.0819396972656
 31
0.0
  0
LINE
  5
76F
330
17
100
AcDbEntity
  8
GEOMETRY
100
AcDbLine
 10
550.6971435546875
 20
352.75872802734375
 30
0.0
 11
550.6971435546875
 21
369.7663269042969
 31
0.0
  0
LINE
  5
770
330
17
100
AcDbEntity
  8
GEOMETRY
100
AcDbLine
 10
550.6971435546875
 20
369.7663269042969
 30
0.0
 11
552.6813354492188
 21
369.7663269042969
 31
0.0
  0
LINE
  5
771
330
17
100
AcDbEntity
  8
GEOMETRY
100
AcDbLine
 10
552.6813354492188
 20
369.7663269042969
 30
0.0
 11
552.6813354492188
 21
352.75872802734375
 31
0.0
  0
LINE
  5
772
330
17
100
AcDbEntity
  8
GEOMETRY
100
AcDbLine
 10
550.6971435546875
 20
375.4355163574219
 30
0.0
 11
550.6971435546875
 21
392.443115234375
 31
0.0
  0
LINE
  5
773
330
17
100
AcDbEntity
  8
GEOMETRY
100
AcDbLine
 10
550.6971435546875
 20
392.443115234375
 30
0.0
 11
552.6813354492188
 21
392.443115234375
 31
0.0
  0
LINE
  5
774
330
17
100
AcDbEntity
  8
GEOMETRY
100
AcDbLine
 10
552.6813354492188
 20
392.443115234375
 30
0.0
 11
552.6813354492188
 21
375.4355163574219
 31
0.0
  0
LINE
  5
775
330
17
100
AcDbEntity
  8
GEOMETRY
100
AcDbLine
 10
550.6971435546875
 20
398.1123046875
 30
0.0
 11
550.6971435546875
 21
415.11988830566406
 31
0.0
  0
LINE
  5
776
330
17
100
AcDbEntity
  8
GEOMETRY
100
AcDbLine
 10
550.6971435546875
 20
415.11988830566406
 30
0.0
 11
552.6813354492188
 21
415.11988830566406
 31
0.0
  0
LINE
  5
777
330
17
100
AcDbEntity
  8
GEOMETRY
100
AcDbLine
 10
552.6813354492188
 20
415.11988830566406
 30
0.0
 11
552.6813354492188
 21
398.1123046875
 31
0.0
  0
LINE
  5
778
330
17
100
AcDbEntity
  8
GEOMETRY
100
AcDbLine
 10
550.6971435546875
 20
420.7890930175781
 30
0.0
 11
550.6971435546875
 21
437.7966766357422
 31
0.0
  0
LINE
  5
779
330
17
100
AcDbEntity
  8
GEOMETRY
100
AcDbLine
 10
550.6971435546875
 20
437.7966766357422
 30
0.0
 11
552.6813354492188
 21
437.7966766357422
 31
0.0
  0
LINE
  5
77A
330
17
100
AcDbEntity
  8
GEOMETRY
100
AcDbLine
 10
552.6813354492188
 20
437.7966766357422
 30
0.0
 11
552.6813354492188
 21
420.7890930175781
 31
0.0
  0
LINE
  5
77B
330
17
100
AcDbEntity
  8
GEOMETRY
100
AcDbLine
 10
550.6971435546875
 20
443.46588134765625
 30
0.0
 11
550.6971435546875
 21
460.4734649658203
 31
0.0
  0
LINE
  5
77C
330
17
100
AcDbEntity
  8
GEOMETRY
100
AcDbLine
 10
550.6971435546875
 20
460.4734649658203
 30
0.0
 11
552.6813354492188
 21
460.4734649658203
 31
0.0
  0
LINE
  5
77D
330
17
100
AcDbEntity
  8
GEOMETRY
100
AcDbLine
 10
552.6813354492188
 20
460.4734649658203
 30
0.0
 11
552.6813354492188
 21
443.46588134765625
 31
0.0
  0
LINE
  5
77E
330
17
100
AcDbEntity
  8
GEOMETRY
100
AcDbLine
 10
550.6971435546875
 20
466.1426696777344
 30
0.0
 11
550.6971435546875
 21
471.8118591308594
 31
0.0
  0
LINE
  5
77F
330
17
100
AcDbEntity
  8
GEOMETRY
100
AcDbLine
 10
550.6971435546875
 20
471.8118591308594
 30
0.0
 11
552.6813354492188
 21
471.8118591308594
 31
0.0
  0
LINE
  5
780
330
17
100
AcDbEntity
  8
GEOMETRY
100
AcDbLine
 10
552.6813354492188
 20
471.8118591308594
 30
0.0
 11
552.6813354492188
 21
466.1426696777344
 31
0.0
  0
LWPOLYLINE
  5
781
330
17
100
AcDbEntity
  8
GEOMETRY
100
AcDbPolyline
 90
4
 70
1
 10
550.9805908203125
 20
225.2017822265625
 10
552.3978271484375
 20
225.2017822265625
 10
552.3978271484375
 20
220.94989013671875
 10
550.9805908203125
 20
220.94989013671875
  0
LWPOLYLINE
  5
782
330
17
100
AcDbEntity
  8
GEOMETRY
100
AcDbPolyline
 90
4
 70
1
 10
550.9805908203125
 20
467.5599670410156
 10
552.3978271484375
 20
467.5599670410156
 10
552.3978271484375
 20
463.3080596923828
 10
550.9805908203125
 20
463.3080596923828
  0
LINE
  5
783
330
17
100
AcDbEntity
  8
GEOMETRY
100
AcDbLine
 10
630.7745361328125
 20
216.697998046875
 30
0.0
 11
630.7745361328125
 21
233.70559692382812
 31
0.0
  0
LINE
  5
784
330
17
100
AcDbEntity
  8
GEOMETRY
100
AcDbLine
 10
630.7745361328125
 20
233.70559692382812
 30
0.0
 11
632.7587280273438
 21
233.70559692382812
 31
0.0
  0
LINE
  5
785
330
17
100
AcDbEntity
  8
GEOMETRY
100
AcDbLine
 10
632.7587280273438
 20
233.70559692382812
 30
0.0
 11
632.7587280273438
 21
216.697998046875
 31
0.0
  0
LINE
  5
786
330
17
100
AcDbEntity
  8
GEOMETRY
100
AcDbLine
 10
630.7745361328125
 20
239.37481689453125
 30
0.0
 11
630.7745361328125
 21
256.38238525390625
 31
0.0
  0
LINE
  5
787
330
17
100
AcDbEntity
  8
GEOMETRY
100
AcDbLine
 10
630.7745361328125
 20
256.38238525390625
 30
0.0
 11
632.7587280273438
 21
256.38238525390625
 31
0.0
  0
LINE
  5
788
330
17
100
AcDbEntity
  8
GEOMETRY
100
AcDbLine
 10
632.7587280273438
 20
256.38238525390625
 30
0.0
 11
632.7587280273438
 21
239.37481689453125
 31
0.0
  0
LINE
  5
789
330
17
100
AcDbEntity
  8
GEOMETRY
100
AcDbLine
 10
630.7745361328125
 20
262.05157470703125
 30
0.0
 11
630.7745361328125
 21
279.0591735839844
 31
0.0
  0
LINE
  5
78A
330
17
100
AcDbEntity
  8
GEOMETRY
100
AcDbLine
 10
630.7745361328125
 20
279.0591735839844
 30
0.0
 11
632.7587280273438
 21
279.0591735839844
 31
0.0
  0
LINE
  5
78B
330
17
100
AcDbEntity
  8
GEOMETRY
100
AcDbLine
 10
632.7587280273438
 20
279.0591735839844
 30
0.0
 11
632.7587280273438
 21
262.05157470703125
 31
0.0
  0
LINE
  5
78C
330
17
100
AcDbEntity
  8
GEOMETRY
100
AcDbLine
 10
630.7745361328125
 20
284.7283630371094
 30
0.0
 11
630.7745361328125
 21
301.7359619140625
 31
0.0
  0
LINE
  5
78D
330
17
100
AcDbEntity
  8
GEOMETRY
100
AcDbLine
 10
630.7745361328125
 20
301.7359619140625
 30
0.0
 11
632.7587280273438
 21
301.7359619140625
 31
0.0
  0
LINE
  5
78E
330
17
100
AcDbEntity
  8
GEOMETRY
100
AcDbLine
 10
632.7587280273438
 20
301.7359619140625
 30
0.0
 11
632.7587280273438
 21
284.7283630371094
 31
0.0
  0
LINE
  5
78F
330
17
100
AcDbEntity
  8
GEOMETRY
100
AcDbLine
 10
630.7745361328125
 20
307.4051513671875
 30
0.0
 11
630.7745361328125
 21
324.4127502441406
 31
0.0
  0
LINE
  5
790
330
17
100
AcDbEntity
  8
GEOMETRY
100
AcDbLine
 10
630.7745361328125
 20
324.4127502441406
 30
0.0
 11
632.7587280273438
 21
324.4127502441406
 31
0.0
  0
LINE
  5
791
330
17
100
AcDbEntity
  8
GEOMETRY
100
AcDbLine
 10
632.7587280273438
 20
324.4127502441406
 30
0.0
 11
632.7587280273438
 21
307.4051513671875
 31
0.0
  0
LINE
  5
792
330
17
100
AcDbEntity
  8
GEOMETRY
100
AcDbLine
 10
630.7745361328125
 20
330.0819396972656
 30
0.0
 11
630.7745361328125
 21
347.08953857421875
 31
0.0
  0
LINE
  5
793
330
17
100
AcDbEntity
  8
GEOMETRY
100
AcDbLine
 10
630.7745361328125
 20
347.08953857421875
 30
0.0
 11
632.7587280273438
 21
347.08953857421875
 31
0.0
  0
LINE
  5
794
330
17
100
AcDbEntity
  8
GEOMETRY
100
AcDbLine
 10
632.7587280273438
 20
347.08953857421875
 30
0.0
 11
632.7587280273438
 21
330.0819396972656
 31
0.0
  0
LINE
  5
795
330
17
100
AcDbEntity
  8
GEOMETRY
100
AcDbLine
 10
630.7745361328125
 20
352.75872802734375
 30
0.0
 11
630.7745361328125
 21
369.7663269042969
 31
0.0
  0
LINE
  5
796
330
17
100
AcDbEntity
  8
GEOMETRY
100
AcDbLine
 10
630.7745361328125
 20
369.7663269042969
 30
0.0
 11
632.7587280273438
 21
369.7663269042969
 31
0.0
  0
LINE
  5
797
330
17
100
AcDbEntity
  8
GEOMETRY
100
AcDbLine
 10
632.7587280273438
 20
369.7663269042969
 30
0.0
 11
632.7587280273438
 21
352.75872802734375
 31
0.0
  0
LINE
  5
798
330
17
100
AcDbEntity
  8
GEOMETRY
100
AcDbLine
 10
630.7745361328125
 20
375.4355163574219
 30
0.0
 11
630.7745361328125
 21
392.443115234375
 31
0.0
  0
LINE
  5
799
330
17
100
AcDbEntity
  8
GEOMETRY
100
AcDbLine
 10
630.7745361328125
 20
392.443115234375
 30
0.0
 11
632.7587280273438
 21
392.443115234375
 31
0.0
  0
LINE
  5
79A
330
17
100
AcDbEntity
  8
GEOMETRY
100
AcDbLine
 10
632.7587280273438
 20
392.443115234375
 30
0.0
 11
632.7587280273438
 21
375.4355163574219
 31
0.0
  0
LINE
  5
79B
330
17
100
AcDbEntity
  8
GEOMETRY
100
AcDbLine
 10
630.7745361328125
 20
398.1123046875
 30
0.0
 11
630.7745361328125
 21
415.11988830566406
 31
0.0
  0
LINE
  5
79C
330
17
100
AcDbEntity
  8
GEOMETRY
100
AcDbLine
 10
630.7745361328125
 20
415.11988830566406
 30
0.0
 11
632.7587280273438
 21
415.11988830566406
 31
0.0
  0
LINE
  5
79D
330
17
100
AcDbEntity
  8
GEOMETRY
100
AcDbLine
 10
632.7587280273438
 20
415.11988830566406
 30
0.0
 11
632.7587280273438
 21
398.1123046875
 31
0.0
  0
LINE
  5
79E
330
17
100
AcDbEntity
  8
GEOMETRY
100
AcDbLine
 10
630.7745361328125
 20
420.7890930175781
 30
0.0
 11
630.7745361328125
 21
437.7966766357422
 31
0.0
  0
LINE
  5
79F
330
17
100
AcDbEntity
  8
GEOMETRY
100
AcDbLine
 10
630.7745361328125
 20
437.7966766357422
 30
0.0
 11
632.7587280273438
 21
437.7966766357422
 31
0.0
  0
LINE
  5
7A0
330
17
100
AcDbEntity
  8
GEOMETRY
100
AcDbLine
 10
632.7587280273438
 20
437.7966766357422
 30
0.0
 11
632.7587280273438
 21
420.7890930175781
 31
0.0
  0
LINE
  5
7A1
330
17
100
AcDbEntity
  8
GEOMETRY
100
AcDbLine
 10
630.7745361328125
 20
443.46588134765625
 30
0.0
 11
630.7745361328125
 21
460.4734649658203
 31
0.0
  0
LINE
  5
7A2
330
17
100
AcDbEntity
  8
GEOMETRY
100
AcDbLine
 10
630.7745361328125
 20
460.4734649658203
 30
0.0
 11
632.7587280273438
 21
460.4734649658203
 31
0.0
  0
LINE
  5
7A3
330
17
100
AcDbEntity
  8
GEOMETRY
100
AcDbLine
 10
632.7587280273438
 20
460.4734649658203
 30
0.0
 11
632.7587280273438
 21
443.46588134765625
 31
0.0
  0
LINE
  5
7A4
330
17
100
AcDbEntity
  8
GEOMETRY
100
AcDbLine
 10
630.7745361328125
 20
466.1426696777344
 30
0.0
 11
630.7745361328125
 21
471.8118591308594
 31
0.0
  0
LINE
  5
7A5
330
17
100
AcDbEntity
  8
GEOMETRY
100
AcDbLine
 10
630.7745361328125
 20
471.8118591308594
 30
0.0
 11
632.7587280273438
 21
471.8118591308594
 31
0.0
  0
LINE
  5
7A6
330
17
100
AcDbEntity
  8
GEOMETRY
100
AcDbLine
 10
632.7587280273438
 20
471.8118591308594
 30
0.0
 11
632.7587280273438
 21
466.1426696777344
 31
0.0
  0
LWPOLYLINE
  5
7A7
330
17
100
AcDbEntity
  8
GEOMETRY
100
AcDbPolyline
 90
4
 70
1
 10
632.4752807617188
 20
467.5599670410156
 10
636.7271728515625
 20
467.5599670410156
 10
636.7271728515625
 20
220.94989013671875
 10
632.4752807617188
 20
220.94989013671875
  0
LWPOLYLINE
  5
7A8
330
17
100
AcDbEntity
  8
GEOMETRY
100
AcDbPolyline
 90
4
 70
1
 10
631.0579833984375
 20
225.2017822265625
 10
632.4752807617188
 20
225.2017822265625
 10
632.4752807617188
 20
220.94989013671875
 10
631.0579833984375
 20
220.94989013671875
  0
LWPOLYLINE
  5
7A9
330
17
100
AcDbEntity
  8
GEOMETRY
100
AcDbPolyline
 90
4
 70
1
 10
631.0579833984375
 20
467.5599670410156
 10
632.4752807617188
 20
467.5599670410156
 10
632.4752807617188
 20
463.3080596923828
 10
631.0579833984375
 20
463.3080596923828
  0
LINE
  5
7AA
330
17
100
AcDbEntity
  8
GEOMETRY
100
AcDbLine
 10
183.19143676757812
 20
344.6120910644531
 30
0.0
 11
186.02603149414062
 21
344.6120910644531
 31
0.0
  0
LINE
  5
7AB
330
17
100
AcDbEntity
  8
GEOMETRY
100
AcDbLine
 10
186.02603149414062
 20
344.6120910644531
 30
0.0
 11
186.02603149414062
 21
343.89776611328125
 31
0.0
  0
LINE
  5
7AC
330
17
100
AcDbEntity
  8
GEOMETRY
100
AcDbLine
 10
186.02603149414062
 20
343.89776611328125
 30
0.0
 11
183.19143676757812
 21
343.89776611328125
 31
0.0
  0
LINE
  5
7AD
330
17
100
AcDbEntity
  8
GEOMETRY
100
AcDbLine
 10
188.86062622070312
 20
344.6120910644531
 30
0.0
 11
191.6952362060547
 21
344.6120910644531
 31
0.0
  0
LINE
  5
7AE
330
17
100
AcDbEntity
  8
GEOMETRY
100
AcDbLine
 10
191.6952362060547
 20
344.6120910644531
 30
0.0
 11
191.6952362060547
 21
343.89776611328125
 31
0.0
  0
LINE
  5
7AF
330
17
100
AcDbEntity
  8
GEOMETRY
100
AcDbLine
 10
191.6952362060547
 20
343.89776611328125
 30
0.0
 11
188.86062622070312
 21
343.89776611328125
 31
0.0
  0
LINE
  5
7B0
330
17
100
AcDbEntity
  8
GEOMETRY
100
AcDbLine
 10
194.5298309326172
 20
344.6120910644531
 30
0.0
 11
197.3644256591797
 21
344.6120910644531
 31
0.0
  0
LINE
  5
7B1
330
17
100
AcDbEntity
  8
GEOMETRY
100
AcDbLine
 10
197.3644256591797
 20
344.6120910644531
 30
0.0
 11
197.3644256591797
 21
343.89776611328125
 31
0.0
  0
LINE
  5
7B2
330
17
100
AcDbEntity
  8
GEOMETRY
100
AcDbLine
 10
197.3644256591797
 20
343.89776611328125
 30
0.0
 11
194.5298309326172
 21
343.89776611328125
 31
0.0
  0
LINE
  5
7B3
330
17
100
AcDbEntity
  8
GEOMETRY
100
AcDbLine
 10
200.1990203857422
 20
344.6120910644531
 30
0.0
 11
203.03363037109375
 21
344.6120910644531
 31
0.0
  0
LINE
  5
7B4
330
17
100
AcDbEntity
  8
GEOMETRY
100
AcDbLine
 10
203.03363037109375
 20
344.6120910644531
 30
0.0
 11
203.03363037109375
 21
343.89776611328125
 31
0.0
  0
LINE
  5
7B5
330
17
100
AcDbEntity
  8
GEOMETRY
100
AcDbLine
 10
203.03363037109375
 20
343.89776611328125
 30
0.0
 11
200.1990203857422
 21
343.89776611328125
 31
0.0
  0
LINE
  5
7B6
330
17
100
AcDbEntity
  8
GEOMETRY
100
AcDbLine
 10
205.86822509765625
 20
344.6120910644531
 30
0.0
 11
208.70281982421875
 21
344.6120910644531
 31
0.0
  0
LINE
  5
7B7
330
17
100
AcDbEntity
  8
GEOMETRY
100
AcDbLine
 10
208.70281982421875
 20
344.6120910644531
 30
0.0
 11
208.70281982421875
 21
343.89776611328125
 31
0.0
  0
LINE
  5
7B8
330
17
100
AcDbEntity
  8
GEOMETRY
100
AcDbLine
 10
208.70281982421875
 20
343.89776611328125
 30
0.0
 11
205.86822509765625
 21
343.89776611328125
 31
0.0
  0
LINE
  5
7B9
330
17
100
AcDbEntity
  8
GEOMETRY
100
AcDbLine
 10
211.53741455078125
 20
344.6120910644531
 30
0.0
 11
214.3720245361328
 21
344.6120910644531
 31
0.0
  0
LINE
  5
7BA
330
17
100
AcDbEntity
  8
GEOMETRY
100
AcDbLine
 10
214.3720245361328
 20
344.6120910644531
 30
0.0
 11
214.3720245361328
 21
343.89776611328125
 31
0.0
  0
LINE
  5
7BB
330
17
100
AcDbEntity
  8
GEOMETRY
100
AcDbLine
 10
214.3720245361328
 20
343.89776611328125
 30
0.0
 11
211.53741455078125
 21
343.89776611328125
 31
0.0
  0
LINE
  5
7BC
330
17
100
AcDbEntity
  8
GEOMETRY
100
AcDbLine
 10
217.2066192626953
 20
344.6120910644531
 30
0.0
 11
220.0412139892578
 21
344.6120910644531
 31
0.0
  0
LINE
  5
7BD
330
17
100
AcDbEntity
  8
GEOMETRY
100
AcDbLine
 10
220.0412139892578
 20
344.6120910644531
 30
0.0
 11
220.0412139892578
 21
343.89776611328125
 31
0.0
  0
LINE
  5
7BE
330
17
100
AcDbEntity
  8
GEOMETRY
100
AcDbLine
 10
220.0412139892578
 20
343.89776611328125
 30
0.0
 11
217.2066192626953
 21
343.89776611328125
 31
0.0
  0
LINE
  5
7BF
330
17
100
AcDbEntity
  8
GEOMETRY
100
AcDbLine
 10
222.8758087158203
 20
344.6120910644531
 30
0.0
 11
225.71041870117188
 21
344.6120910644531
 31
0.0
  0
LINE
  5
7C0
330
17
100
AcDbEntity
  8
GEOMETRY
100
AcDbLine
 10
225.71041870117188
 20
344.6120910644531
 30
0.0
 11
225.71041870117188
 21
343.89776611328125
 31
0.0
  0
LINE
  5
7C1
330
17
100
AcDbEntity
  8
GEOMETRY
100
AcDbLine
 10
225.71041870117188
 20
343.89776611328125
 30
0.0
 11
222.8758087158203
 21
343.89776611328125
 31
0.0
  0
LINE
  5
7C2
330
17
100
AcDbEntity
  8
GEOMETRY
100
AcDbLine
 10
228.54501342773438
 20
344.6120910644531
 30
0.0
 11
231.37960815429688
 21
344.6120910644531
 31
0.0
  0
LINE
  5
7C3
330
17
100
AcDbEntity
  8
GEOMETRY
100
AcDbLine
 10
231.37960815429688
 20
344.6120910644531
 30
0.0
 11
231.37960815429688
 21
343.89776611328125
 31
0.0
  0
LINE
  5
7C4
330
17
100
AcDbEntity
  8
GEOMETRY
100
AcDbLine
 10
231.37960815429688
 20
343.89776611328125
 30
0.0
 11
228.54501342773438
 21
343.89776611328125
 31
0.0
  0
LINE
  5
7C5
330
17
100
AcDbEntity
  8
GEOMETRY
100
AcDbLine
 10
234.21420288085938
 20
344.6120910644531
 30
0.0
 11
237.04879760742188
 21
344.6120910644531
 31
0.0
  0
LINE
  5
7C6
330
17
100
AcDbEntity
  8
GEOMETRY
100
AcDbLine
 10
237.04879760742188
 20
344.6120910644531
 30
0.0
 11
237.04879760742188
 21
343.89776611328125
 31
0.0
  0
LINE
  5
7C7
330
17
100
AcDbEntity
  8
GEOMETRY
100
AcDbLine
 10
237.04879760742188
 20
343.89776611328125
 30
0.0
 11
234.21420288085938
 21
343.89776611328125
 31
0.0
  0
LINE
  5
7C8
330
17
100
AcDbEntity
  8
GEOMETRY
100
AcDbLine
 10
239.88340759277344
 20
344.6120910644531
 30
0.0
 11
242.71800231933594
 21
344.6120910644531
 31
0.0
  0
LINE
  5
7C9
330
17
100
AcDbEntity
  8
GEOMETRY
100
AcDbLine
 10
242.71800231933594
 20
344.6120910644531
 30
0.0
 11
242.71800231933594
 21
343.89776611328125
 31
0.0
  0
LINE
  5
7CA
330
17
100
AcDbEntity
  8
GEOMETRY
100
AcDbLine
 10
242.71800231933594
 20
343.89776611328125
 30
0.0
 11
239.88340759277344
 21
343.89776611328125
 31
0.0
  0
LINE
  5
7CB
330
17
100
AcDbEntity
  8
GEOMETRY
100
AcDbLine
 10
245.55259704589844
 20
344.6120910644531
 30
0.0
 11
248.38720703125
 21
344.6120910644531
 31
0.0
  0
LINE
  5
7CC
330
17
100
AcDbEntity
  8
GEOMETRY
100
AcDbLine
 10
248.38720703125
 20
344.6120910644531
 30
0.0
 11
248.38720703125
 21
343.89776611328125
 31
0.0
  0
LINE
  5
7CD
330
17
100
AcDbEntity
  8
GEOMETRY
100
AcDbLine
 10
248.38720703125
 20
343.89776611328125
 30
0.0
 11
245.55259704589844
 21
343.89776611328125
 31
0.0
  0
LINE
  5
7CE
330
17
100
AcDbEntity
  8
GEOMETRY
100
AcDbLine
 10
251.2218017578125
 20
344.6120910644531
 30
0.0
 11
254.056396484375
 21
344.6120910644531
 31
0.0
  0
LINE
  5
7CF
330
17
100
AcDbEntity
  8
GEOMETRY
100
AcDbLine
 10
254.056396484375
 20
344.6120910644531
 30
0.0
 11
254.056396484375
 21
343.89776611328125
 31
0.0
  0
LINE
  5
7D0
330
17
100
AcDbEntity
  8
GEOMETRY
100
AcDbLine
 10
254.056396484375
 20
343.89776611328125
 30
0.0
 11
251.2218017578125
 21
343.89776611328125
 31
0.0
  0
LINE
  5
7D1
330
17
100
AcDbEntity
  8
GEOMETRY
100
AcDbLine
 10
256.8909912109375
 20
344.6120910644531
 30
0.0
 11
259.7255859375
 21
344.6120910644531
 31
0.0
  0
LINE
  5
7D2
330
17
100
AcDbEntity
  8
GEOMETRY
100
AcDbLine
 10
259.7255859375
 20
344.6120910644531
 30
0.0
 11
259.7255859375
 21
343.89776611328125
 31
0.0
  0
LINE
  5
7D3
330
17
100
AcDbEntity
  8
GEOMETRY
100
AcDbLine
 10
259.7255859375
 20
343.89776611328125
 30
0.0
 11
256.8909912109375
 21
343.89776611328125
 31
0.0
  0
LINE
  5
7D4
330
17
100
AcDbEntity
  8
GEOMETRY
100
AcDbLine
 10
262.5601806640625
 20
344.6120910644531
 30
0.0
 11
265.394775390625
 21
344.6120910644531
 31
0.0
  0
LINE
  5
7D5
330
17
100
AcDbEntity
  8
GEOMETRY
100
AcDbLine
 10
265.394775390625
 20
344.6120910644531
 30
0.0
 11
265.394775390625
 21
343.89776611328125
 31
0.0
  0
LINE
  5
7D6
330
17
100
AcDbEntity
  8
GEOMETRY
100
AcDbLine
 10
265.394775390625
 20
343.89776611328125
 30
0.0
 11
262.5601806640625
 21
343.89776611328125
 31
0.0
  0
LINE
  5
7D7
330
17
100
AcDbEntity
  8
GEOMETRY
100
AcDbLine
 10
268.2293701171875
 20
344.6120910644531
 30
0.0
 11
271.0639953613281
 21
344.6120910644531
 31
0.0
  0
LINE
  5
7D8
330
17
100
AcDbEntity
  8
GEOMETRY
100
AcDbLine
 10
271.0639953613281
 20
344.6120910644531
 30
0.0
 11
271.0639953613281
 21
343.89776611328125
 31
0.0
  0
LINE
  5
7D9
330
17
100
AcDbEntity
  8
GEOMETRY
100
AcDbLine
 10
271.0639953613281
 20
343.89776611328125
 30
0.0
 11
268.2293701171875
 21
343.89776611328125
 31
0.0
  0
LINE
  5
7DA
330
17
100
AcDbEntity
  8
GEOMETRY
100
AcDbLine
 10
273.8985900878906
 20
344.6120910644531
 30
0.0
 11
276.7331848144531
 21
344.6120910644531
 31
0.0
  0
LINE
  5
7DB
330
17
100
AcDbEntity
  8
GEOMETRY
100
AcDbLine
 10
276.7331848144531
 20
344.6120910644531
 30
0.0
 11
276.7331848144531
 21
343.89776611328125
 31
0.0
  0
LINE
  5
7DC
330
17
100
AcDbEntity
  8
GEOMETRY
100
AcDbLine
 10
276.7331848144531
 20
343.89776611328125
 30
0.0
 11
273.8985900878906
 21
343.89776611328125
 31
0.0
  0
LINE
  5
7DD
330
17
100
AcDbEntity
  8
GEOMETRY
100
AcDbLine
 10
279.5677795410156
 20
344.6120910644531
 30
0.0
 11
282.4023742675781
 21
344.6120910644531
 31
0.0
  0
LINE
  5
7DE
330
17
100
AcDbEntity
  8
GEOMETRY
100
AcDbLine
 10
282.4023742675781
 20
344.6120910644531
 30
0.0
 11
282.4023742675781
 21
343.89776611328125
 31
0.0
  0
LINE
  5
7DF
330
17
100
AcDbEntity
  8
GEOMETRY
100
AcDbLine
 10
282.4023742675781
 20
343.89776611328125
 30
0.0
 11
279.5677795410156
 21
343.89776611328125
 31
0.0
  0
LINE
  5
7E0
330
17
100
AcDbEntity
  8
GEOMETRY
100
AcDbLine
 10
285.2369689941406
 20
344.6120910644531
 30
0.0
 11
288.07159423828125
 21
344.6120910644531
 31
0.0
  0
LINE
  5
7E1
330
17
100
AcDbEntity
  8
GEOMETRY
100
AcDbLine
 10
288.07159423828125
 20
344.6120910644531
 30
0.0
 11
288.07159423828125
 21
343.89776611328125
 31
0.0
  0
LINE
  5
7E2
330
17
100
AcDbEntity
  8
GEOMETRY
100
AcDbLine
 10
288.07159423828125
 20
343.89776611328125
 30
0.0
 11
285.2369689941406
 21
343.89776611328125
 31
0.0
  0
LINE
  5
7E3
330
17
100
AcDbEntity
  8
GEOMETRY
100
AcDbLine
 10
290.90618896484375
 20
344.6120910644531
 30
0.0
 11
293.74078369140625
 21
344.6120910644531
 31
0.0
  0
LINE
  5
7E4
330
17
100
AcDbEntity
  8
GEOMETRY
100
AcDbLine
 10
293.74078369140625
 20
344.6120910644531
 30
0.0
 11
293.74078369140625
 21
343.89776611328125
 31
0.0
  0
LINE
  5
7E5
330
17
100
AcDbEntity
  8
GEOMETRY
100
AcDbLine
 10
293.74078369140625
 20
343.89776611328125
 30
0.0
 11
290.90618896484375
 21
343.89776611328125
 31
0.0
  0
LINE
  5
7E6
330
17
100
AcDbEntity
  8
GEOMETRY
100
AcDbLine
 10
296.57537841796875
 20
344.6120910644531
 30
0.0
 11
299.40997314453125
 21
344.6120910644531
 31
0.0
  0
LINE
  5
7E7
330
17
100
AcDbEntity
  8
GEOMETRY
100
AcDbLine
 10
299.40997314453125
 20
344.6120910644531
 30
0.0
 11
299.40997314453125
 21
343.89776611328125
 31
0.0
  0
LINE
  5
7E8
330
17
100
AcDbEntity
  8
GEOMETRY
100
AcDbLine
 10
299.40997314453125
 20
343.89776611328125
 30
0.0
 11
296.57537841796875
 21
343.89776611328125
 31
0.0
  0
LINE
  5
7E9
330
17
100
AcDbEntity
  8
GEOMETRY
100
AcDbLine
 10
302.24456787109375
 20
344.6120910644531
 30
0.0
 11
305.07916259765625
 21
344.6120910644531
 31
0.0
  0
LINE
  5
7EA
330
17
100
AcDbEntity
  8
GEOMETRY
100
AcDbLine
 10
305.07916259765625
 20
344.6120910644531
 30
0.0
 11
305.07916259765625
 21
343.89776611328125
 31
0.0
  0
LINE
  5
7EB
330
17
100
AcDbEntity
  8
GEOMETRY
100
AcDbLine
 10
305.07916259765625
 20
343.89776611328125
 30
0.0
 11
302.24456787109375
 21
343.89776611328125
 31
0.0
  0
LINE
  5
7EC
330
17
100
AcDbEntity
  8
GEOMETRY
100
AcDbLine
 10
307.91375732421875
 20
344.6120910644531
 30
0.0
 11
310.74835205078125
 21
344.6120910644531
 31
0.0
  0
LINE
  5
7ED
330
17
100
AcDbEntity
  8
GEOMETRY
100
AcDbLine
 10
310.74835205078125
 20
344.6120910644531
 30
0.0
 11
310.74835205078125
 21
343.89776611328125
 31
0.0
  0
LINE
  5
7EE
330
17
100
AcDbEntity
  8
GEOMETRY
100
AcDbLine
 10
310.74835205078125
 20
343.89776611328125
 30
0.0
 11
307.91375732421875
 21
343.89776611328125
 31
0.0
  0
LINE
  5
7EF
330
17
100
AcDbEntity
  8
GEOMETRY
100
AcDbLine
 10
313.58294677734375
 20
344.6120910644531
 30
0.0
 11
316.41754150390625
 21
344.6120910644531
 31
0.0
  0
LINE
  5
7F0
330
17
100
AcDbEntity
  8
GEOMETRY
100
AcDbLine
 10
316.41754150390625
 20
344.6120910644531
 30
0.0
 11
316.41754150390625
 21
343.89776611328125
 31
0.0
  0
LINE
  5
7F1
330
17
100
AcDbEntity
  8
GEOMETRY
100
AcDbLine
 10
316.41754150390625
 20
343.89776611328125
 30
0.0
 11
313.58294677734375
 21
343.89776611328125
 31
0.0
  0
LINE
  5
7F2
330
17
100
AcDbEntity
  8
GEOMETRY
100
AcDbLine
 10
319.25213623046875
 20
344.6120910644531
 30
0.0
 11
322.0867614746094
 21
344.6120910644531
 31
0.0
  0
LINE
  5
7F3
330
17
100
AcDbEntity
  8
GEOMETRY
100
AcDbLine
 10
322.0867614746094
 20
344.6120910644531
 30
0.0
 11
322.0867614746094
 21
343.89776611328125
 31
0.0
  0
LINE
  5
7F4
330
17
100
AcDbEntity
  8
GEOMETRY
100
AcDbLine
 10
322.0867614746094
 20
343.89776611328125
 30
0.0
 11
319.25213623046875
 21
343.89776611328125
 31
0.0
  0
LINE
  5
7F5
330
17
100
AcDbEntity
  8
GEOMETRY
100
AcDbLine
 10
324.9213562011719
 20
344.6120910644531
 30
0.0
 11
327.7559509277344
 21
344.6120910644531
 31
0.0
  0
LINE
  5
7F6
330
17
100
AcDbEntity
  8
GEOMETRY
100
AcDbLine
 10
327.7559509277344
 20
344.6120910644531
 30
0.0
 11
327.7559509277344
 21
343.89776611328125
 31
0.0
  0
LINE
  5
7F7
330
17
100
AcDbEntity
  8
GEOMETRY
100
AcDbLine
 10
327.7559509277344
 20
343.89776611328125
 30
0.0
 11
324.9213562011719
 21
343.89776611328125
 31
0.0
  0
LINE
  5
7F8
330
17
100
AcDbEntity
  8
GEOMETRY
100
AcDbLine
 10
330.5905456542969
 20
344.6120910644531
 30
0.0
 11
333.4251708984375
 21
344.6120910644531
 31
0.0
  0
LINE
  5
7F9
330
17
100
AcDbEntity
  8
GEOMETRY
100
AcDbLine
 10
333.4251708984375
 20
344.6120910644531
 30
0.0
 11
333.4251708984375
 21
343.89776611328125
 31
0.0
  0
LINE
  5
7FA
330
17
100
AcDbEntity
  8
GEOMETRY
100
AcDbLine
 10
333.4251708984375
 20
343.89776611328125
 30
0.0
 11
330.5905456542969
 21
343.89776611328125
 31
0.0
  0
LINE
  5
7FB
330
17
100
AcDbEntity
  8
GEOMETRY
100
AcDbLine
 10
336.259765625
 20
344.6120910644531
 30
0.0
 11
339.0943603515625
 21
344.6120910644531
 31
0.0
  0
LINE
  5
7FC
330
17
100
AcDbEntity
  8
GEOMETRY
100
AcDbLine
 10
339.0943603515625
 20
344.6120910644531
 30
0.0
 11
339.0943603515625
 21
343.89776611328125
 31
0.0
  0
LINE
  5
7FD
330
17
100
AcDbEntity
  8
GEOMETRY
100
AcDbLine
 10
339.0943603515625
 20
343.89776611328125
 30
0.0
 11
336.259765625
 21
343.89776611328125
 31
0.0
  0
LINE
  5
7FE
330
17
100
AcDbEntity
  8
GEOMETRY
100
AcDbLine
 10
341.928955078125
 20
344.6120910644531
 30
0.0
 11
344.7635498046875
 21
344.6120910644531
 31
0.0
  0
LINE
  5
7FF
330
17
100
AcDbEntity
  8
GEOMETRY
100
AcDbLine
 10
344.7635498046875
 20
344.6120910644531
 30
0.0
 11
344.7635498046875
 21
343.89776611328125
 31
0.0
  0
LINE
  5
800
330
17
100
AcDbEntity
  8
GEOMETRY
100
AcDbLine
 10
344.7635498046875
 20
343.89776611328125
 30
0.0
 11
341.928955078125
 21
343.89776611328125
 31
0.0
  0
LINE
  5
801
330
17
100
AcDbEntity
  8
GEOMETRY
100
AcDbLine
 10
347.59814453125
 20
344.6120910644531
 30
0.0
 11
350.4327392578125
 21
344.6120910644531
 31
0.0
  0
LINE
  5
802
330
17
100
AcDbEntity
  8
GEOMETRY
100
AcDbLine
 10
350.4327392578125
 20
344.6120910644531
 30
0.0
 11
350.4327392578125
 21
343.89776611328125
 31
0.0
  0
LINE
  5
803
330
17
100
AcDbEntity
  8
GEOMETRY
100
AcDbLine
 10
350.4327392578125
 20
343.89776611328125
 30
0.0
 11
347.59814453125
 21
343.89776611328125
 31
0.0
  0
LINE
  5
804
330
17
100
AcDbEntity
  8
GEOMETRY
100
AcDbLine
 10
353.267333984375
 20
344.6120910644531
 30
0.0
 11
356.1019287109375
 21
344.6120910644531
 31
0.0
  0
LINE
  5
805
330
17
100
AcDbEntity
  8
GEOMETRY
100
AcDbLine
 10
356.1019287109375
 20
344.6120910644531
 30
0.0
 11
356.1019287109375
 21
343.89776611328125
 31
0.0
  0
LINE
  5
806
330
17
100
AcDbEntity
  8
GEOMETRY
100
AcDbLine
 10
356.1019287109375
 20
343.89776611328125
 30
0.0
 11
353.267333984375
 21
343.89776611328125
 31
0.0
  0
LINE
  5
807
330
17
100
AcDbEntity
  8
GEOMETRY
100
AcDbLine
 10
358.9365234375
 20
344.6120910644531
 30
0.0
 11
361.7711181640625
 21
344.6120910644531
 31
0.0
  0
LINE
  5
808
330
17
100
AcDbEntity
  8
GEOMETRY
100
AcDbLine
 10
361.7711181640625
 20
344.6120910644531
 30
0.0
 11
361.7711181640625
 21
343.89776611328125
 31
0.0
  0
LINE
  5
809
330
17
100
AcDbEntity
  8
GEOMETRY
100
AcDbLine
 10
361.7711181640625
 20
343.89776611328125
 30
0.0
 11
358.9365234375
 21
343.89776611328125
 31
0.0
  0
LINE
  5
80A
330
17
100
AcDbEntity
  8
GEOMETRY
100
AcDbLine
 10
364.605712890625
 20
344.6120910644531
 30
0.0
 11
367.4403076171875
 21
344.6120910644531
 31
0.0
  0
LINE
  5
80B
330
17
100
AcDbEntity
  8
GEOMETRY
100
AcDbLine
 10
367.4403076171875
 20
344.6120910644531
 30
0.0
 11
367.4403076171875
 21
343.89776611328125
 31
0.0
  0
LINE
  5
80C
330
17
100
AcDbEntity
  8
GEOMETRY
100
AcDbLine
 10
367.4403076171875
 20
343.89776611328125
 30
0.0
 11
364.605712890625
 21
343.89776611328125
 31
0.0
  0
LINE
  5
80D
330
17
100
AcDbEntity
  8
GEOMETRY
100
AcDbLine
 10
370.2749328613281
 20
344.6120910644531
 30
0.0
 11
373.1095275878906
 21
344.6120910644531
 31
0.0
  0
LINE
  5
80E
330
17
100
AcDbEntity
  8
GEOMETRY
100
AcDbLine
 10
373.1095275878906
 20
344.6120910644531
 30
0.0
 11
373.1095275878906
 21
343.89776611328125
 31
0.0
  0
LINE
  5
80F
330
17
100
AcDbEntity
  8
GEOMETRY
100
AcDbLine
 10
373.1095275878906
 20
343.89776611328125
 30
0.0
 11
370.2749328613281
 21
343.89776611328125
 31
0.0
  0
LINE
  5
810
330
17
100
AcDbEntity
  8
GEOMETRY
100
AcDbLine
 10
375.9441223144531
 20
344.6120910644531
 30
0.0
 11
378.7787170410156
 21
344.6120910644531
 31
0.0
  0
LINE
  5
811
330
17
100
AcDbEntity
  8
GEOMETRY
100
AcDbLine
 10
378.7787170410156
 20
344.6120910644531
 30
0.0
 11
378.7787170410156
 21
343.89776611328125
 31
0.0
  0
LINE
  5
812
330
17
100
AcDbEntity
  8
GEOMETRY
100
AcDbLine
 10
378.7787170410156
 20
343.89776611328125
 30
0.0
 11
375.9441223144531
 21
343.89776611328125
 31
0.0
  0
LINE
  5
813
330
17
100
AcDbEntity
  8
GEOMETRY
100
AcDbLine
 10
381.61334228515625
 20
344.6120910644531
 30
0.0
 11
384.44793701171875
 21
344.6120910644531
 31
0.0
  0
LINE
  5
814
330
17
100
AcDbEntity
  8
GEOMETRY
100
AcDbLine
 10
384.44793701171875
 20
344.6120910644531
 30
0.0
 11
384.44793701171875
 21
343.89776611328125
 31
0.0
  0
LINE
  5
815
330
17
100
AcDbEntity
  8
GEOMETRY
100
AcDbLine
 10
384.44793701171875
 20
343.89776611328125
 30
0.0
 11
381.61334228515625
 21
343.89776611328125
 31
0.0
  0
LINE
  5
816
330
17
100
AcDbEntity
  8
GEOMETRY
100
AcDbLine
 10
387.28253173828125
 20
344.6120910644531
 30
0.0
 11
390.11712646484375
 21
344.6120910644531
 31
0.0
  0
LINE
  5
817
330
17
100
AcDbEntity
  8
GEOMETRY
100
AcDbLine
 10
390.11712646484375
 20
344.6120910644531
 30
0.0
 11
390.11712646484375
 21
343.89776611328125
 31
0.0
  0
LINE
  5
818
330
17
100
AcDbEntity
  8
GEOMETRY
100
AcDbLine
 10
390.11712646484375
 20
343.89776611328125
 30
0.0
 11
387.28253173828125
 21
343.89776611328125
 31
0.0
  0
LINE
  5
819
330
17
100
AcDbEntity
  8
GEOMETRY
100
AcDbLine
 10
392.95172119140625
 20
344.6120910644531
 30
0.0
 11
395.78631591796875
 21
344.6120910644531
 31
0.0
  0
LINE
  5
81A
330
17
100
AcDbEntity
  8
GEOMETRY
100
AcDbLine
 10
395.78631591796875
 20
344.6120910644531
 30
0.0
 11
395.78631591796875
 21
343.89776611328125
 31
0.0
  0
LINE
  5
81B
330
17
100
AcDbEntity
  8
GEOMETRY
100
AcDbLine
 10
395.78631591796875
 20
343.89776611328125
 30
0.0
 11
392.95172119140625
 21
343.89776611328125
 31
0.0
  0
LINE
  5
81C
330
17
100
AcDbEntity
  8
GEOMETRY
100
AcDbLine
 10
398.62091064453125
 20
344.6120910644531
 30
0.0
 11
401.45550537109375
 21
344.6120910644531
 31
0.0
  0
LINE
  5
81D
330
17
100
AcDbEntity
  8
GEOMETRY
100
AcDbLine
 10
401.45550537109375
 20
344.6120910644531
 30
0.0
 11
401.45550537109375
 21
343.89776611328125
 31
0.0
  0
LINE
  5
81E
330
17
100
AcDbEntity
  8
GEOMETRY
100
AcDbLine
 10
401.45550537109375
 20
343.89776611328125
 30
0.0
 11
398.62091064453125
 21
343.89776611328125
 31
0.0
  0
LINE
  5
81F
330
17
100
AcDbEntity
  8
GEOMETRY
100
AcDbLine
 10
404.29010009765625
 20
344.6120910644531
 30
0.0
 11
407.12469482421875
 21
344.6120910644531
 31
0.0
  0
LINE
  5
820
330
17
100
AcDbEntity
  8
GEOMETRY
100
AcDbLine
 10
407.12469482421875
 20
344.6120910644531
 30
0.0
 11
407.12469482421875
 21
343.89776611328125
 31
0.0
  0
LINE
  5
821
330
17
100
AcDbEntity
  8
GEOMETRY
100
AcDbLine
 10
407.12469482421875
 20
343.89776611328125
 30
0.0
 11
404.29010009765625
 21
343.89776611328125
 31
0.0
  0
LINE
  5
822
330
17
100
AcDbEntity
  8
GEOMETRY
100
AcDbLine
 10
409.95928955078125
 20
344.6120910644531
 30
0.0
 11
412.79388427734375
 21
344.6120910644531
 31
0.0
  0
LINE
  5
823
330
17
100
AcDbEntity
  8
GEOMETRY
100
AcDbLine
 10
412.79388427734375
 20
344.6120910644531
 30
0.0
 11
412.79388427734375
 21
343.89776611328125
 31
0.0
  0
LINE
  5
824
330
17
100
AcDbEntity
  8
GEOMETRY
100
AcDbLine
 10
412.79388427734375
 20
343.89776611328125
 30
0.0
 11
409.95928955078125
 21
343.89776611328125
 31
0.0
  0
LINE
  5
825
330
17
100
AcDbEntity
  8
GEOMETRY
100
AcDbLine
 10
415.62847900390625
 20
344.6120910644531
 30
0.0
 11
418.4631042480469
 21
344.6120910644531
 31
0.0
  0
LINE
  5
826
330
17
100
AcDbEntity
  8
GEOMETRY
100
AcDbLine
 10
418.4631042480469
 20
344.6120910644531
 30
0.0
 11
418.4631042480469
 21
343.89776611328125
 31
0.0
  0
LINE
  5
827
330
17
100
AcDbEntity
  8
GEOMETRY
100
AcDbLine
 10
418.4631042480469
 20
343.89776611328125
 30
0.0
 11
415.62847900390625
 21
343.89776611328125
 31
0.0
  0
LINE
  5
828
330
17
100
AcDbEntity
  8
GEOMETRY
100
AcDbLine
 10
421.2976989746094
 20
344.6120910644531
 30
0.0
 11
424.1322937011719
 21
344.6120910644531
 31
0.0
  0
LINE
  5
829
330
17
100
AcDbEntity
  8
GEOMETRY
100
AcDbLine
 10
424.1322937011719
 20
344.6120910644531
 30
0.0
 11
424.1322937011719
 21
343.89776611328125
 31
0.0
  0
LINE
  5
82A
330
17
100
AcDbEntity
  8
GEOMETRY
100
AcDbLine
 10
424.1322937011719
 20
343.89776611328125
 30
0.0
 11
421.2976989746094
 21
343.89776611328125
 31
0.0
  0
LINE
  5
82B
330
17
100
AcDbEntity
  8
GEOMETRY
100
AcDbLine
 10
426.9668884277344
 20
344.6120910644531
 30
0.0
 11
429.801513671875
 21
344.6120910644531
 31
0.0
  0
LINE
  5
82C
330
17
100
AcDbEntity
  8
GEOMETRY
100
AcDbLine
 10
429.801513671875
 20
344.6120910644531
 30
0.0
 11
429.801513671875
 21
343.89776611328125
 31
0.0
  0
LINE
  5
82D
330
17
100
AcDbEntity
  8
GEOMETRY
100
AcDbLine
 10
429.801513671875
 20
343.89776611328125
 30
0.0
 11
426.9668884277344
 21
343.89776611328125
 31
0.0
  0
LINE
  5
82E
330
17
100
AcDbEntity
  8
GEOMETRY
100
AcDbLine
 10
432.6361083984375
 20
344.6120910644531
 30
0.0
 11
435.470703125
 21
344.6120910644531
 31
0.0
  0
LINE
  5
82F
330
17
100
AcDbEntity
  8
GEOMETRY
100
AcDbLine
 10
435.470703125
 20
344.6120910644531
 30
0.0
 11
435.470703125
 21
343.89776611328125
 31
0.0
  0
LINE
  5
830
330
17
100
AcDbEntity
  8
GEOMETRY
100
AcDbLine
 10
435.470703125
 20
343.89776611328125
 30
0.0
 11
432.6361083984375
 21
343.89776611328125
 31
0.0
  0
LINE
  5
831
330
17
100
AcDbEntity
  8
GEOMETRY
100
AcDbLine
 10
438.3052978515625
 20
344.6120910644531
 30
0.0
 11
441.139892578125
 21
344.6120910644531
 31
0.0
  0
LINE
  5
832
330
17
100
AcDbEntity
  8
GEOMETRY
100
AcDbLine
 10
441.139892578125
 20
344.6120910644531
 30
0.0
 11
441.139892578125
 21
343.89776611328125
 31
0.0
  0
LINE
  5
833
330
17
100
AcDbEntity
  8
GEOMETRY
100
AcDbLine
 10
441.139892578125
 20
343.89776611328125
 30
0.0
 11
438.3052978515625
 21
343.89776611328125
 31
0.0
  0
LINE
  5
834
330
17
100
AcDbEntity
  8
GEOMETRY
100
AcDbLine
 10
443.9744873046875
 20
344.6120910644531
 30
0.0
 11
446.80908203125
 21
344.6120910644531
 31
0.0
  0
LINE
  5
835
330
17
100
AcDbEntity
  8
GEOMETRY
100
AcDbLine
 10
446.80908203125
 20
344.6120910644531
 30
0.0
 11
446.80908203125
 21
343.89776611328125
 31
0.0
  0
LINE
  5
836
330
17
100
AcDbEntity
  8
GEOMETRY
100
AcDbLine
 10
446.80908203125
 20
343.89776611328125
 30
0.0
 11
443.9744873046875
 21
343.89776611328125
 31
0.0
  0
LINE
  5
837
330
17
100
AcDbEntity
  8
GEOMETRY
100
AcDbLine
 10
449.6436767578125
 20
344.6120910644531
 30
0.0
 11
452.478271484375
 21
344.6120910644531
 31
0.0
  0
LINE
  5
838
330
17
100
AcDbEntity
  8
GEOMETRY
100
AcDbLine
 10
452.478271484375
 20
344.6120910644531
 30
0.0
 11
452.478271484375
 21
343.89776611328125
 31
0.0
  0
LINE
  5
839
330
17
100
AcDbEntity
  8
GEOMETRY
100
AcDbLine
 10
452.478271484375
 20
343.89776611328125
 30
0.0
 11
449.6436767578125
 21
343.89776611328125
 31
0.0
  0
LINE
  5
83A
330
17
100
AcDbEntity
  8
GEOMETRY
100
AcDbLine
 10
455.3128662109375
 20
344.6120910644531
 30
0.0
 11
458.1474914550781
 21
344.6120910644531
 31
0.0
  0
LINE
  5
83B
330
17
100
AcDbEntity
  8
GEOMETRY
100
AcDbLine
 10
458.1474914550781
 20
344.6120910644531
 30
0.0
 11
458.1474914550781
 21
343.89776611328125
 31
0.0
  0
LINE
  5
83C
330
17
100
AcDbEntity
  8
GEOMETRY
100
AcDbLine
 10
458.1474914550781
 20
343.89776611328125
 30
0.0
 11
455.3128662109375
 21
343.89776611328125
 31
0.0
  0
LINE
  5
83D
330
17
100
AcDbEntity
  8
GEOMETRY
100
AcDbLine
 10
460.9820861816406
 20
344.6120910644531
 30
0.0
 11
463.8166809082031
 21
344.6120910644531
 31
0.0
  0
LINE
  5
83E
330
17
100
AcDbEntity
  8
GEOMETRY
100
AcDbLine
 10
463.8166809082031
 20
344.6120910644531
 30
0.0
 11
463.8166809082031
 21
343.89776611328125
 31
0.0
  0
LINE
  5
83F
330
17
100
AcDbEntity
  8
GEOMETRY
100
AcDbLine
 10
463.8166809082031
 20
343.89776611328125
 30
0.0
 11
460.9820861816406
 21
343.89776611328125
 31
0.0
  0
LINE
  5
840
330
17
100
AcDbEntity
  8
GEOMETRY
100
AcDbLine
 10
466.6512756347656
 20
344.6120910644531
 30
0.0
 11
469.4858703613281
 21
344.6120910644531
 31
0.0
  0
LINE
  5
841
330
17
100
AcDbEntity
  8
GEOMETRY
100
AcDbLine
 10
469.4858703613281
 20
344.6120910644531
 30
0.0
 11
469.4858703613281
 21
343.89776611328125
 31
0.0
  0
LINE
  5
842
330
17
100
AcDbEntity
  8
GEOMETRY
100
AcDbLine
 10
469.4858703613281
 20
343.89776611328125
 30
0.0
 11
466.6512756347656
 21
343.89776611328125
 31
0.0
  0
LINE
  5
843
330
17
100
AcDbEntity
  8
GEOMETRY
100
AcDbLine
 10
472.3204650878906
 20
344.6120910644531
 30
0.0
 11
475.1550598144531
 21
344.6120910644531
 31
0.0
  0
LINE
  5
844
330
17
100
AcDbEntity
  8
GEOMETRY
100
AcDbLine
 10
475.1550598144531
 20
344.6120910644531
 30
0.0
 11
475.1550598144531
 21
343.89776611328125
 31
0.0
  0
LINE
  5
845
330
17
100
AcDbEntity
  8
GEOMETRY
100
AcDbLine
 10
475.1550598144531
 20
343.89776611328125
 30
0.0
 11
472.3204650878906
 21
343.89776611328125
 31
0.0
  0
LINE
  5
846
330
17
100
AcDbEntity
  8
GEOMETRY
100
AcDbLine
 10
477.9896545410156
 20
344.6120910644531
 30
0.0
 11
480.8242492675781
 21
344.6120910644531
 31
0.0
  0
LINE
  5
847
330
17
100
AcDbEntity
  8
GEOMETRY
100
AcDbLine
 10
480.8242492675781
 20
344.6120910644531
 30
0.0
 11
480.8242492675781
 21
343.89776611328125
 31
0.0
  0
LINE
  5
848
330
17
100
AcDbEntity
  8
GEOMETRY
100
AcDbLine
 10
480.8242492675781
 20
343.89776611328125
 30
0.0
 11
477.9896545410156
 21
343.89776611328125
 31
0.0
  0
LINE
  5
849
330
17
100
AcDbEntity
  8
GEOMETRY
100
AcDbLine
 10
483.65887451171875
 20
344.6120910644531
 30
0.0
 11
486.49346923828125
 21
344.6120910644531
 31
0.0
  0
LINE
  5
84A
330
17
100
AcDbEntity
  8
GEOMETRY
100
AcDbLine
 10
486.49346923828125
 20
344.6120910644531
 30
0.0
 11
486.49346923828125
 21
343.89776611328125
 31
0.0
  0
LINE
  5
84B
330
17
100
AcDbEntity
  8
GEOMETRY
100
AcDbLine
 10
486.49346923828125
 20
343.89776611328125
 30
0.0
 11
483.65887451171875
 21
343.89776611328125
 31
0.0
  0
LINE
  5
84C
330
17
100
AcDbEntity
  8
GEOMETRY
100
AcDbLine
 10
489.32806396484375
 20
344.6120910644531
 30
0.0
 11
492.16265869140625
 21
344.6120910644531
 31
0.0
  0
LINE
  5
84D
330
17
100
AcDbEntity
  8
GEOMETRY
100
AcDbLine
 10
492.16265869140625
 20
344.6120910644531
 30
0.0
 11
492.16265869140625
 21
343.89776611328125
 31
0.0
  0
LINE
  5
84E
330
17
100
AcDbEntity
  8
GEOMETRY
100
AcDbLine
 10
492.16265869140625
 20
343.89776611328125
 30
0.0
 11
489.32806396484375
 21
343.89776611328125
 31
0.0
  0
LINE
  5
84F
330
17
100
AcDbEntity
  8
GEOMETRY
100
AcDbLine
 10
494.99725341796875
 20
344.6120910644531
 30
0.0
 11
497.83184814453125
 21
344.6120910644531
 31
0.0
  0
LINE
  5
850
330
17
100
AcDbEntity
  8
GEOMETRY
100
AcDbLine
 10
497.83184814453125
 20
344.6120910644531
 30
0.0
 11
497.83184814453125
 21
343.89776611328125
 31
0.0
  0
LINE
  5
851
330
17
100
AcDbEntity
  8
GEOMETRY
100
AcDbLine
 10
497.83184814453125
 20
343.89776611328125
 30
0.0
 11
494.99725341796875
 21
343.89776611328125
 31
0.0
  0
LINE
  5
852
330
17
100
AcDbEntity
  8
GEOMETRY
100
AcDbLine
 10
500.66644287109375
 20
344.6120910644531
 30
0.0
 11
503.50103759765625
 21
344.6120910644531
 31
0.0
  0
LINE
  5
853
330
17
100
AcDbEntity
  8
GEOMETRY
100
AcDbLine
 10
503.50103759765625
 20
344.6120910644531
 30
0.0
 11
503.50103759765625
 21
343.89776611328125
 31
0.0
  0
LINE
  5
854
330
17
100
AcDbEntity
  8
GEOMETRY
100
AcDbLine
 10
503.50103759765625
 20
343.89776611328125
 30
0.0
 11
500.66644287109375
 21
343.89776611328125
 31
0.0
  0
LINE
  5
855
330
17
100
AcDbEntity
  8
GEOMETRY
100
AcDbLine
 10
506.3356628417969
 20
344.6120910644531
 30
0.0
 11
509.1702575683594
 21
344.6120910644531
 31
0.0
  0
LINE
  5
856
330
17
100
AcDbEntity
  8
GEOMETRY
100
AcDbLine
 10
509.1702575683594
 20
344.6120910644531
 30
0.0
 11
509.1702575683594
 21
343.89776611328125
 31
0.0
  0
LINE
  5
857
330
17
100
AcDbEntity
  8
GEOMETRY
100
AcDbLine
 10
509.1702575683594
 20
343.89776611328125
 30
0.0
 11
506.3356628417969
 21
343.89776611328125
 31
0.0
  0
LINE
  5
858
330
17
100
AcDbEntity
  8
GEOMETRY
100
AcDbLine
 10
512.0048828125
 20
344.6120910644531
 30
0.0
 11
514.8394775390625
 21
344.6120910644531
 31
0.0
  0
LINE
  5
859
330
17
100
AcDbEntity
  8
GEOMETRY
100
AcDbLine
 10
514.8394775390625
 20
344.6120910644531
 30
0.0
 11
514.8394775390625
 21
343.89776611328125
 31
0.0
  0
LINE
  5
85A
330
17
100
AcDbEntity
  8
GEOMETRY
100
AcDbLine
 10
514.8394775390625
 20
343.89776611328125
 30
0.0
 11
512.0048828125
 21
343.89776611328125
 31
0.0
  0
LINE
  5
85B
330
17
100
AcDbEntity
  8
GEOMETRY
100
AcDbLine
 10
517.674072265625
 20
344.6120910644531
 30
0.0
 11
520.5086669921875
 21
344.6120910644531
 31
0.0
  0
LINE
  5
85C
330
17
100
AcDbEntity
  8
GEOMETRY
100
AcDbLine
 10
520.5086669921875
 20
344.6120910644531
 30
0.0
 11
520.5086669921875
 21
343.89776611328125
 31
0.0
  0
LINE
  5
85D
330
17
100
AcDbEntity
  8
GEOMETRY
100
AcDbLine
 10
520.5086669921875
 20
343.89776611328125
 30
0.0
 11
517.674072265625
 21
343.89776611328125
 31
0.0
  0
LINE
  5
85E
330
17
100
AcDbEntity
  8
GEOMETRY
100
AcDbLine
 10
523.34326171875
 20
344.6120910644531
 30
0.0
 11
526.1778564453125
 21
344.6120910644531
 31
0.0
  0
LINE
  5
85F
330
17
100
AcDbEntity
  8
GEOMETRY
100
AcDbLine
 10
526.1778564453125
 20
344.6120910644531
 30
0.0
 11
526.1778564453125
 21
343.89776611328125
 31
0.0
  0
LINE
  5
860
330
17
100
AcDbEntity
  8
GEOMETRY
100
AcDbLine
 10
526.1778564453125
 20
343.89776611328125
 30
0.0
 11
523.34326171875
 21
343.89776611328125
 31
0.0
  0
LINE
  5
861
330
17
100
AcDbEntity
  8
GEOMETRY
100
AcDbLine
 10
529.012451171875
 20
344.6120910644531
 30
0.0
 11
531.8470458984375
 21
344.6120910644531
 31
0.0
  0
LINE
  5
862
330
17
100
AcDbEntity
  8
GEOMETRY
100
AcDbLine
 10
531.8470458984375
 20
344.6120910644531
 30
0.0
 11
531.8470458984375
 21
343.89776611328125
 31
0.0
  0
LINE
  5
863
330
17
100
AcDbEntity
  8
GEOMETRY
100
AcDbLine
 10
531.8470458984375
 20
343.89776611328125
 30
0.0
 11
529.012451171875
 21
343.89776611328125
 31
0.0
  0
LINE
  5
864
330
17
100
AcDbEntity
  8
GEOMETRY
100
AcDbLine
 10
534.681640625
 20
344.6120910644531
 30
0.0
 11
537.5162353515625
 21
344.6120910644531
 31
0.0
  0
LINE
  5
865
330
17
100
AcDbEntity
  8
GEOMETRY
100
AcDbLine
 10
537.5162353515625
 20
344.6120910644531
 30
0.0
 11
537.5162353515625
 21
343.89776611328125
 31
0.0
  0
LINE
  5
866
330
17
100
AcDbEntity
  8
GEOMETRY
100
AcDbLine
 10
537.5162353515625
 20
343.89776611328125
 30
0.0
 11
534.681640625
 21
343.89776611328125
 31
0.0
  0
LINE
  5
867
330
17
100
AcDbEntity
  8
GEOMETRY
100
AcDbLine
 10
540.350830078125
 20
344.6120910644531
 30
0.0
 11
543.1854248046875
 21
344.6120910644531
 31
0.0
  0
LINE
  5
868
330
17
100
AcDbEntity
  8
GEOMETRY
100
AcDbLine
 10
543.1854248046875
 20
344.6120910644531
 30
0.0
 11
543.1854248046875
 21
343.89776611328125
 31
0.0
  0
LINE
  5
869
330
17
100
AcDbEntity
  8
GEOMETRY
100
AcDbLine
 10
543.1854248046875
 20
343.89776611328125
 30
0.0
 11
540.350830078125
 21
343.89776611328125
 31
0.0
  0
LINE
  5
86A
330
17
100
AcDbEntity
  8
GEOMETRY
100
AcDbLine
 10
546.02001953125
 20
344.6120910644531
 30
0.0
 11
548.8546142578125
 21
344.6120910644531
 31
0.0
  0
LINE
  5
86B
330
17
100
AcDbEntity
  8
GEOMETRY
100
AcDbLine
 10
548.8546142578125
 20
344.6120910644531
 30
0.0
 11
548.8546142578125
 21
343.89776611328125
 31
0.0
  0
LINE
  5
86C
330
17
100
AcDbEntity
  8
GEOMETRY
100
AcDbLine
 10
548.8546142578125
 20
343.89776611328125
 30
0.0
 11
546.02001953125
 21
343.89776611328125
 31
0.0
  0
LINE
  5
86D
330
17
100
AcDbEntity
  8
GEOMETRY
100
AcDbLine
 10
551.689208984375
 20
344.6120910644531
 30
0.0
 11
554.5238037109375
 21
344.6120910644531
 31
0.0
  0
LINE
  5
86E
330
17
100
AcDbEntity
  8
GEOMETRY
100
AcDbLine
 10
554.5238037109375
 20
344.6120910644531
 30
0.0
 11
554.5238037109375
 21
343.89776611328125
 31
0.0
  0
LINE
  5
86F
330
17
100
AcDbEntity
  8
GEOMETRY
100
AcDbLine
 10
554.5238037109375
 20
343.89776611328125
 30
0.0
 11
551.689208984375
 21
343.89776611328125
 31
0.0
  0
LINE
  5
870
330
17
100
AcDbEntity
  8
GEOMETRY
100
AcDbLine
 10
557.3583984375
 20
344.6120910644531
 30
0.0
 11
560.1929931640625
 21
344.6120910644531
 31
0.0
  0
LINE
  5
871
330
17
100
AcDbEntity
  8
GEOMETRY
100
AcDbLine
 10
560.1929931640625
 20
344.6120910644531
 30
0.0
 11
560.1929931640625
 21
343.89776611328125
 31
0.0
  0
LINE
  5
872
330
17
100
AcDbEntity
  8
GEOMETRY
100
AcDbLine
 10
560.1929931640625
 20
343.89776611328125
 30
0.0
 11
557.3583984375
 21
343.89776611328125
 31
0.0
  0
LINE
  5
873
330
17
100
AcDbEntity
  8
GEOMETRY
100
AcDbLine
 10
563.027587890625
 20
344.6120910644531
 30
0.0
 11
565.8621826171875
 21
344.6120910644531
 31
0.0
  0
LINE
  5
874
330
17
100
AcDbEntity
  8
GEOMETRY
100
AcDbLine
 10
565.8621826171875
 20
344.6120910644531
 30
0.0
 11
565.8621826171875
 21
343.89776611328125
 31
0.0
  0
LINE
  5
875
330
17
100
AcDbEntity
  8
GEOMETRY
100
AcDbLine
 10
565.8621826171875
 20
343.89776611328125
 30
0.0
 11
563.027587890625
 21
343.89776611328125
 31
0.0
  0
LINE
  5
876
330
17
100
AcDbEntity
  8
GEOMETRY
100
AcDbLine
 10
568.69677734375
 20
344.6120910644531
 30
0.0
 11
571.5313720703125
 21
344.6120910644531
 31
0.0
  0
LINE
  5
877
330
17
100
AcDbEntity
  8
GEOMETRY
100
AcDbLine
 10
571.5313720703125
 20
344.6120910644531
 30
0.0
 11
571.5313720703125
 21
343.89776611328125
 31
0.0
  0
LINE
  5
878
330
17
100
AcDbEntity
  8
GEOMETRY
100
AcDbLine
 10
571.5313720703125
 20
343.89776611328125
 30
0.0
 11
568.69677734375
 21
343.89776611328125
 31
0.0
  0
LINE
  5
879
330
17
100
AcDbEntity
  8
GEOMETRY
100
AcDbLine
 10
574.365966796875
 20
344.6120910644531
 30
0.0
 11
577.2005615234375
 21
344.6120910644531
 31
0.0
  0
LINE
  5
87A
330
17
100
AcDbEntity
  8
GEOMETRY
100
AcDbLine
 10
577.2005615234375
 20
344.6120910644531
 30
0.0
 11
577.2005615234375
 21
343.89776611328125
 31
0.0
  0
LINE
  5
87B
330
17
100
AcDbEntity
  8
GEOMETRY
100
AcDbLine
 10
577.2005615234375
 20
343.89776611328125
 30
0.0
 11
574.365966796875
 21
343.89776611328125
 31
0.0
  0
LINE
  5
87C
330
17
100
AcDbEntity
  8
GEOMETRY
100
AcDbLine
 10
580.0352172851562
 20
344.6120910644531
 30
0.0
 11
582.8698120117188
 21
344.6120910644531
 31
0.0
  0
LINE
  5
87D
330
17
100
AcDbEntity
  8
GEOMETRY
100
AcDbLine
 10
582.8698120117188
 20
344.6120910644531
 30
0.0
 11
582.8698120117188
 21
343.89776611328125
 31
0.0
  0
LINE
  5
87E
330
17
100
AcDbEntity
  8
GEOMETRY
100
AcDbLine
 10
582.8698120117188
 20
343.89776611328125
 30
0.0
 11
580.0352172851562
 21
343.89776611328125
 31
0.0
  0
LINE
  5
87F
330
17
100
AcDbEntity
  8
GEOMETRY
100
AcDbLine
 10
585.7044067382812
 20
344.6120910644531
 30
0.0
 11
588.5390014648438
 21
344.6120910644531
 31
0.0
  0
LINE
  5
880
330
17
100
AcDbEntity
  8
GEOMETRY
100
AcDbLine
 10
588.5390014648438
 20
344.6120910644531
 30
0.0
 11
588.5390014648438
 21
343.89776611328125
 31
0.0
  0
LINE
  5
881
330
17
100
AcDbEntity
  8
GEOMETRY
100
AcDbLine
 10
588.5390014648438
 20
343.89776611328125
 30
0.0
 11
585.7044067382812
 21
343.89776611328125
 31
0.0
  0
LINE
  5
882
330
17
100
AcDbEntity
  8
GEOMETRY
100
AcDbLine
 10
591.3735961914062
 20
344.6120910644531
 30
0.0
 11
594.2081909179688
 21
344.6120910644531
 31
0.0
  0
LINE
  5
883
330
17
100
AcDbEntity
  8
GEOMETRY
100
AcDbLine
 10
594.2081909179688
 20
344.6120910644531
 30
0.0
 11
594.2081909179688
 21
343.89776611328125
 31
0.0
  0
LINE
  5
884
330
17
100
AcDbEntity
  8
GEOMETRY
100
AcDbLine
 10
594.2081909179688
 20
343.89776611328125
 30
0.0
 11
591.3735961914062
 21
343.89776611328125
 31
0.0
  0
LINE
  5
885
330
17
100
AcDbEntity
  8
GEOMETRY
100
AcDbLine
 10
597.0427856445312
 20
344.6120910644531
 30
0.0
 11
599.8773803710938
 21
344.6120910644531
 31
0.0
  0
LINE
  5
886
330
17
100
AcDbEntity
  8
GEOMETRY
100
AcDbLine
 10
599.8773803710938
 20
344.6120910644531
 30
0.0
 11
599.8773803710938
 21
343.89776611328125
 31
0.0
  0
LINE
  5
887
330
17
100
AcDbEntity
  8
GEOMETRY
100
AcDbLine
 10
599.8773803710938
 20
343.89776611328125
 30
0.0
 11
597.0427856445312
 21
343.89776611328125
 31
0.0
  0
LINE
  5
888
330
17
100
AcDbEntity
  8
GEOMETRY
100
AcDbLine
 10
602.7120361328125
 20
344.6120910644531
 30
0.0
 11
605.546630859375
 21
344.6120910644531
 31
0.0
  0
LINE
  5
889
330
17
100
AcDbEntity
  8
GEOMETRY
100
AcDbLine
 10
605.546630859375
 20
344.6120910644531
 30
0.0
 11
605.546630859375
 21
343.89776611328125
 31
0.0
  0
LINE
  5
88A
330
17
100
AcDbEntity
  8
GEOMETRY
100
AcDbLine
 10
605.546630859375
 20
343.89776611328125
 30
0.0
 11
602.7120361328125
 21
343.89776611328125
 31
0.0
  0
LINE
  5
88B
330
17
100
AcDbEntity
  8
GEOMETRY
100
AcDbLine
 10
608.3812255859375
 20
344.6120910644531
 30
0.0
 11
611.2158203125
 21
344.6120910644531
 31
0.0
  0
LINE
  5
88C
330
17
100
AcDbEntity
  8
GEOMETRY
100
AcDbLine
 10
611.2158203125
 20
344.6120910644531
 30
0.0
 11
611.2158203125
 21
343.89776611328125
 31
0.0
  0
LINE
  5
88D
330
17
100
AcDbEntity
  8
GEOMETRY
100
AcDbLine
 10
611.2158203125
 20
343.89776611328125
 30
0.0
 11
608.3812255859375
 21
343.89776611328125
 31
0.0
  0
LINE
  5
88E
330
17
100
AcDbEntity
  8
GEOMETRY
100
AcDbLine
 10
614.0504150390625
 20
344.6120910644531
 30
0.0
 11
616.885009765625
 21
344.6120910644531
 31
0.0
  0
LINE
  5
88F
330
17
100
AcDbEntity
  8
GEOMETRY
100
AcDbLine
 10
616.885009765625
 20
344.6120910644531
 30
0.0
 11
616.885009765625
 21
343.89776611328125
 31
0.0
  0
LINE
  5
890
330
17
100
AcDbEntity
  8
GEOMETRY
100
AcDbLine
 10
616.885009765625
 20
343.89776611328125
 30
0.0
 11
614.0504150390625
 21
343.89776611328125
 31
0.0
  0
LINE
  5
891
330
17
100
AcDbEntity
  8
GEOMETRY
100
AcDbLine
 10
619.7196044921875
 20
344.6120910644531
 30
0.0
 11
622.55419921875
 21
344.6120910644531
 31
0.0
  0
LINE
  5
892
330
17
100
AcDbEntity
  8
GEOMETRY
100
AcDbLine
 10
622.55419921875
 20
344.6120910644531
 30
0.0
 11
622.55419921875
 21
343.89776611328125
 31
0.0
  0
LINE
  5
893
330
17
100
AcDbEntity
  8
GEOMETRY
100
AcDbLine
 10
622.55419921875
 20
343.89776611328125
 30
0.0
 11
619.7196044921875
 21
343.89776611328125
 31
0.0
  0
LINE
  5
894
330
17
100
AcDbEntity
  8
GEOMETRY
100
AcDbLine
 10
625.3887939453125
 20
344.6120910644531
 30
0.0
 11
628.223388671875
 21
344.6120910644531
 31
0.0
  0
LINE
  5
895
330
17
100
AcDbEntity
  8
GEOMETRY
100
AcDbLine
 10
628.223388671875
 20
344.6120910644531
 30
0.0
 11
628.223388671875
 21
343.89776611328125
 31
0.0
  0
LINE
  5
896
330
17
100
AcDbEntity
  8
GEOMETRY
100
AcDbLine
 10
628.223388671875
 20
343.89776611328125
 30
0.0
 11
625.3887939453125
 21
343.89776611328125
 31
0.0
  0
LINE
  5
897
330
17
100
AcDbEntity
  8
GEOMETRY
100
AcDbLine
 10
631.0579833984375
 20
344.6120910644531
 30
0.0
 11
633.892578125
 21
344.6120910644531
 31
0.0
  0
LINE
  5
898
330
17
100
AcDbEntity
  8
GEOMETRY
100
AcDbLine
 10
633.892578125
 20
344.6120910644531
 30
0.0
 11
633.892578125
 21
343.89776611328125
 31
0.0
  0
LINE
  5
899
330
17
100
AcDbEntity
  8
GEOMETRY
100
AcDbLine
 10
633.892578125
 20
343.89776611328125
 30
0.0
 11
631.0579833984375
 21
343.89776611328125
 31
0.0
  0
LWPOLYLINE
  5
89A
330
17
100
AcDbEntity
  8
GEOMETRY
100
AcDbPolyline
 90
4
 70
1
 10
179.64817810058594
 20
150.75225830078125
 10
248.29661560058594
 20
150.75225830078125
 10
248.29661560058594
 20
149.618408203125
 10
179.64817810058594
 20
149.618408203125
  0
LWPOLYLINE
  5
89B
330
17
100
AcDbEntity
  8
GEOMETRY
100
AcDbPolyline
 90
4
 70
1
 10
14.887165069580078
 20
60.9722900390625
 10
401.809814453125
 20
60.9722900390625
 10
401.809814453125
 20
51.05120849609375
 10
14.887165069580078
 20
51.05120849609375
  0
LWPOLYLINE
  5
89C
330
17
100
AcDbEntity
  8
GEOMETRY
100
AcDbPolyline
 90
4
 70
1
 10
14.887165069580078
 20
51.0511474609375
 10
44.366981506347656
 20
51.0511474609375
 10
44.366981506347656
 20
42.54736328125
 10
14.887165069580078
 20
42.54736328125
  0
LWPOLYLINE
  5
89D
330
17
100
AcDbEntity
  8
GEOMETRY
100
AcDbPolyline
 90
4
 70
1
 10
44.36698532104492
 20
51.0511474609375
 10
125.43649291992188
 20
51.0511474609375
 10
125.43649291992188
 20
42.54736328125
 10
44.36698532104492
 20
42.54736328125
  0
LWPOLYLINE
  5
89E
330
17
100
AcDbEntity
  8
GEOMETRY
100
AcDbPolyline
 90
4
 70
1
 10
125.43648529052734
 20
51.0511474609375
 10
158.60128784179688
 20
51.0511474609375
 10
158.60128784179688
 20
42.54736328125
 10
125.43648529052734
 20
42.54736328125
  0
LWPOLYLINE
  5
89F
330
17
100
AcDbEntity
  8
GEOMETRY
100
AcDbPolyline
 90
4
 70
1
 10
158.60128784179688
 20
51.0511474609375
 10
191.76608276367188
 20
51.0511474609375
 10
191.76608276367188
 20
42.54736328125
 10
158.60128784179688
 20
42.54736328125
  0
LWPOLYLINE
  5
8A0
330
17
100
AcDbEntity
  8
GEOMETRY
100
AcDbPolyline
 90
4
 70
1
 10
191.76608276367188
 20
51.0511474609375
 10
401.809814453125
 20
51.0511474609375
 10
401.809814453125
 20
42.54736328125
 10
191.76608276367188
 20
42.54736328125
  0
LWPOLYLINE
  5
8A1
330
17
100
AcDbEntity
  8
GEOMETRY
100
AcDbPolyline
 90
4
 70
1
 10
14.887165069580078
 20
42.54736328125
 10
44.366981506347656
 20
42.54736328125
 10
44.366981506347656
 20
34.0435791015625
 10
14.887165069580078
 20
34.0435791015625
  0
LWPOLYLINE
  5
8A2
330
17
100
AcDbEntity
  8
GEOMETRY
100
AcDbPolyline
 90
4
 70
1
 10
44.36698532104492
 20
42.54736328125
 10
125.43649291992188
 20
42.54736328125
 10
125.43649291992188
 20
34.0435791015625
 10
44.36698532104492
 20
34.0435791015625
  0
LWPOLYLINE
  5
8A3
330
17
100
AcDbEntity
  8
GEOMETRY
100
AcDbPolyline
 90
4
 70
1
 10
125.43648529052734
 20
42.54736328125
 10
158.60128784179688
 20
42.54736328125
 10
158.60128784179688
 20
34.0435791015625
 10
125.43648529052734
 20
34.0435791015625
  0
LWPOLYLINE
  5
8A4
330
17
100
AcDbEntity
  8
GEOMETRY
100
AcDbPolyline
 90
4
 70
1
 10
158.60128784179688
 20
42.54736328125
 10
191.76608276367188
 20
42.54736328125
 10
191.76608276367188
 20
34.0435791015625
 10
158.60128784179688
 20
34.0435791015625
  0
LWPOLYLINE
  5
8A5
330
17
100
AcDbEntity
  8
GEOMETRY
100
AcDbPolyline
 90
4
 70
1
 10
191.76608276367188
 20
42.54736328125
 10
401.809814453125
 20
42.54736328125
 10
401.809814453125
 20
34.0435791015625
 10
191.76608276367188
 20
34.0435791015625
  0
LWPOLYLINE
  5
8A6
330
17
100
AcDbEntity
  8
GEOMETRY
100
AcDbPolyline
 90
4
 70
1
 10
14.887165069580078
 20
34.0435791015625
 10
44.366981506347656
 20
34.0435791015625
 10
44.366981506347656
 20
25.539794921875
 10
14.887165069580078
 20
25.539794921875
  0
LWPOLYLINE
  5
8A7
330
17
100
AcDbEntity
  8
GEOMETRY
100
AcDbPolyline
 90
4
 70
1
 10
44.36698532104492
 20
34.0435791015625
 10
125.43649291992188
 20
34.0435791015625
 10
125.43649291992188
 20
25.539794921875
 10
44.36698532104492
 20
25.539794921875
  0
LWPOLYLINE
  5
8A8
330
17
100
AcDbEntity
  8
GEOMETRY
100
AcDbPolyline
 90
4
 70
1
 10
125.43648529052734
 20
34.0435791015625
 10
158.60128784179688
 20
34.0435791015625
 10
158.60128784179688
 20
25.539794921875
 10
125.43648529052734
 20
25.539794921875
  0
LWPOLYLINE
  5
8A9
330
17
100
AcDbEntity
  8
GEOMETRY
100
AcDbPolyline
 90
4
 70
1
 10
158.60128784179688
 20
34.0435791015625
 10
191.76608276367188
 20
34.0435791015625
 10
191.76608276367188
 20
25.539794921875
 10
158.60128784179688
 20
25.539794921875
  0
LWPOLYLINE
  5
8AA
330
17
100
AcDbEntity
  8
GEOMETRY
100
AcDbPolyline
 90
4
 70
1
 10
191.76608276367188
 20
34.0435791015625
 10
401.809814453125
 20
34.0435791015625
 10
401.809814453125
 20
25.539794921875
 10
191.76608276367188
 20
25.539794921875
  0
LWPOLYLINE
  5
8AB
330
17
100
AcDbEntity
  8
GEOMETRY
100
AcDbPolyline
 90
4
 70
1
 10
14.887165069580078
 20
25.53985595703125
 10
44.366981506347656
 20
25.53985595703125
 10
44.366981506347656
 20
17.03607177734375
 10
14.887165069580078
 20
17.03607177734375
  0
LWPOLYLINE
  5
8AC
330
17
100
AcDbEntity
  8
GEOMETRY
100
AcDbPolyline
 90
4
 70
1
 10
44.36698532104492
 20
25.53985595703125
 10
125.43649291992188
 20
25.53985595703125
 10
125.43649291992188
 20
17.03607177734375
 10
44.36698532104492
 20
17.03607177734375
  0
LWPOLYLINE
  5
8AD
330
17
100
AcDbEntity
  8
GEOMETRY
100
AcDbPolyline
 90
4
 70
1
 10
125.43648529052734
 20
25.53985595703125
 10
158.60128784179688
 20
25.53985595703125
 10
158.60128784179688
 20
17.03607177734375
 10
125.43648529052734
 20
17.03607177734375
  0
LWPOLYLINE
  5
8AE
330
17
100
AcDbEntity
  8
GEOMETRY
100
AcDbPolyline
 90
4
 70
1
 10
158.60128784179688
 20
25.53985595703125
 10
191.76608276367188
 20
25.53985595703125
 10
191.76608276367188
 20
17.03607177734375
 10
158.60128784179688
 20
17.03607177734375
  0
LWPOLYLINE
  5
8AF
330
17
100
AcDbEntity
  8
GEOMETRY
100
AcDbPolyline
 90
4
 70
1
 10
191.76608276367188
 20
25.53985595703125
 10
401.809814453125
 20
25.53985595703125
 10
401.809814453125
 20
17.03607177734375
 10
191.76608276367188
 20
17.03607177734375
  0
LINE
  5
8B0
330
17
100
AcDbEntity
  8
GEOMETRY
100
AcDbLine
 10
773.8507690429688
 20
155.22265625
 30
0.0
 11
796.5275268554688
 21
132.5458984375
 31
0.0
  0
LINE
  5
8B1
330
17
100
AcDbEntity
  8
GEOMETRY
100
AcDbLine
 10
773.8507690429688
 20
132.5458984375
 30
0.0
 11
796.5275268554688
 21
155.22265625
 31
0.0
  0
TEXT
  5
8B2
330
17
100
AcDbEntity
  8
TEXT
100
AcDbText
 10
408.1786193847656
 20
99.82135009765625
 30
0.0
 40
11.872894287109375
  1
North
 11
408.1786193847656
 21
99.82135009765625
 31
0.0
100
AcDbText
  0
TEXT
  5
8B3
330
17
100
AcDbEntity
  8
TEXT
100
AcDbText
 10
439.4643249511719
 20
99.82135009765625
 30
0.0
 40
11.872894287109375
  1
VIC
 11
439.4643249511719
 21
99.82135009765625
 31
0.0
100
AcDbText
  0
TEXT
  5
8B4
330
17
100
AcDbEntity
  8
TEXT
100
AcDbText
 10
460.1329345703125
 20
99.82135009765625
 30
0.0
 40
11.872894287109375
  1
Sheds
 11
460.1329345703125
 21
99.82135009765625
 31
0.0
100
AcDbText
  0
TEXT
  5
8B5
330
17
100
AcDbEntity
  8
TEXT
100
AcDbText
 10
408.1786193847656
 20
89.315673828125
 30
0.0
 40
9.493316650390625
  1
69
 11
408.1786193847656
 21
89.315673828125
 31
0.0
100
AcDbText
  0
TEXT
  5
8B6
330
17
100
AcDbEntity
  8
TEXT
100
AcDbText
 10
419.99127197265625
 20
89.315673828125
 30
0.0
 40
9.493316650390625
  1
Victoria
 11
419.99127197265625
 21
89.315673828125
 31
0.0
100
AcDbText
  0
TEXT
  5
8B7
330
17
100
AcDbEntity
  8
TEXT
100
AcDbText
 10
450.5332336425781
 20
89.315673828125
 30
0.0
 40
9.493316650390625
  1
Street
 11
450.5332336425781
 21
89.315673828125
 31
0.0
100
AcDbText
  0
TEXT
  5
8B8
330
17
100
AcDbEntity
  8
TEXT
100
AcDbText
 10
408.1786193847656
 20
79.40167236328125
 30
0.0
 40
9.4932861328125
  1
Kerang,
 11
408.1786193847656
 21
79.40167236328125
 31
0.0
100
AcDbText
  0
TEXT
  5
8B9
330
17
100
AcDbEntity
  8
TEXT
100
AcDbText
 10
440.3014221191406
 20
79.40167236328125
 30
0.0
 40
9.4932861328125
  1
3579
 11
440.3014221191406
 21
79.40167236328125
 31
0.0
100
AcDbText
  0
TEXT
  5
8BA
330
17
100
AcDbEntity
  8
TEXT
100
AcDbText
 10
408.1786193847656
 20
69.47589111328125
 30
0.0
 40
9.4932861328125
  1
P:
 11
408.1786193847656
 21
69.47589111328125
 31
0.0
100
AcDbText
  0
TEXT
  5
8BB
330
17
100
AcDbEntity
  8
TEXT
100
AcDbText
 10
418.568115234375
 20
69.47589111328125
 30
0.0
 40
9.4932861328125
  1
03
 11
418.568115234375
 21
69.47589111328125
 31
0.0
100
AcDbText
  0
TEXT
  5
8BC
330
17
100
AcDbEntity
  8
TEXT
100
AcDbText
 10
430.3807678222656
 20
69.47589111328125
 30
0.0
 40
9.4932861328125
  1
5452
 11
430.3807678222656
 21
69.47589111328125
 31
0.0
100
AcDbText
  0
TEXT
  5
8BD
330
17
100
AcDbEntity
  8
TEXT
100
AcDbText
 10
451.6452331542969
 20
69.47589111328125
 30
0.0
 40
9.4932861328125
  1
2255
 11
451.6452331542969
 21
69.47589111328125
 31
0.0
100
AcDbText
  0
TEXT
  5
8BE
330
17
100
AcDbEntity
  8
TEXT
100
AcDbText
 10
408.1786193847656
 20
59.55010986328125
 30
0.0
 40
9.4932861328125
  1
F:
 11
408.1786193847656
 21
59.55010986328125
 31
0.0
100
AcDbText
  0
TEXT
  5
8BF
330
17
100
AcDbEntity
  8
TEXT
100
AcDbText
 10
432.7528381347656
 20
37.81390380859375
 30
0.0
 40
7.1220703125
  1
Copyright
 11
432.7528381347656
 21
37.81390380859375
 31
0.0
100
AcDbText
  0
TEXT
  5
8C0
330
17
100
AcDbEntity
  8
TEXT
100
AcDbText
 10
461.8037109375
 20
37.81390380859375
 30
0.0
 40
7.1220703125
  1
©
 11
461.8037109375
 21
37.81390380859375
 31
0.0
100
AcDbText
  0
TEXT
  5
8C1
330
17
100
AcDbEntity
  8
TEXT
100
AcDbText
 10
468.2743225097656
 20
37.81390380859375
 30
0.0
 40
7.1220703125
  1
2019
 11
468.2743225097656
 21
37.81390380859375
 31
0.0
100
AcDbText
  0
TEXT
  5
8C2
330
17
100
AcDbEntity
  8
TEXT
100
AcDbText
 10
484.2245788574219
 20
37.81390380859375
 30
0.0
 40
7.1220703125
  1
by
 11
484.2245788574219
 21
37.81390380859375
 31
0.0
100
AcDbText
  0
TEXT
  5
8C3
330
17
100
AcDbEntity
  8
TEXT
100
AcDbText
 10
492.3815002441406
 20
37.81390380859375
 30
0.0
 40
7.1220703125
  1
A-Line
 11
492.3815002441406
 21
37.81390380859375
 31
0.0
100
AcDbText
  0
TEXT
  5
8C4
330
17
100
AcDbEntity
  8
TEXT
100
AcDbText
 10
512.5775146484375
 20
37.81390380859375
 30
0.0
 40
7.1220703125
  1
Building
 11
512.5775146484375
 21
37.81390380859375
 31
0.0
100
AcDbText
  0
TEXT
  5
8C5
330
17
100
AcDbEntity
  8
TEXT
100
AcDbText
 10
537.0255737304688
 20
37.81390380859375
 30
0.0
 40
7.1220703125
  1
Systems
 11
537.0255737304688
 21
37.81390380859375
 31
0.0
100
AcDbText
  0
TEXT
  5
8C6
330
17
100
AcDbEntity
  8
TEXT
100
AcDbText
 10
563.2396240234375
 20
37.81390380859375
 30
0.0
 40
7.1220703125
  1
Pty
 11
563.2396240234375
 21
37.81390380859375
 31
0.0
100
AcDbText
  0
TEXT
  5
8C7
330
17
100
AcDbEntity
  8
TEXT
100
AcDbText
 10
574.2237548828125
 20
37.81390380859375
 30
0.0
 40
7.1220703125
  1
Ltd.
 11
574.2237548828125
 21
37.81390380859375
 31
0.0
100
AcDbText
  0
TEXT
  5
8C8
330
17
100
AcDbEntity
  8
TEXT
100
AcDbText
 10
412.6317443847656
 20
31.52838134765625
 30
0.0
 40
5.5384521484375
  1
The
 11
412.6317443847656
 21
31.52838134765625
 31
0.0
100
AcDbText
  0
TEXT
  5
8C9
330
17
100
AcDbEntity
  8
TEXT
100
AcDbText
 10
422.55157470703125
 20
31.52838134765625
 30
0.0
 40
5.5384521484375
  1
concepts
 11
422.55157470703125
 21
31.52838134765625
 31
0.0
100
AcDbText
  0
TEXT
  5
8CA
330
17
100
AcDbEntity
  8
TEXT
100
AcDbText
 10
443.7709655761719
 20
31.52838134765625
 30
0.0
 40
5.5384521484375
  1
and
 11
443.7709655761719
 21
31.52838134765625
 31
0.0
100
AcDbText
  0
TEXT
  5
8CB
330
17
100
AcDbEntity
  8
TEXT
100
AcDbText
 10
453.419677734375
 20
31.52838134765625
 30
0.0
 40
5.5384521484375
  1
information
 11
453.419677734375
 21
31.52838134765625
 31
0.0
100
AcDbText
  0
TEXT
  5
8CC
330
17
100
AcDbEntity
  8
TEXT
100
AcDbText
 10
479.32061767578125
 20
31.52838134765625
 30
0.0
 40
5.5384521484375
  1
contained
 11
479.32061767578125
 21
31.52838134765625
 31
0.0
100
AcDbText
  0
TEXT
  5
8CD
330
17
100
AcDbEntity
  8
TEXT
100
AcDbText
 10
502.1981506347656
 20
31.52838134765625
 30
0.0
 40
5.5384521484375
  1
in
 11
502.1981506347656
 21
31.52838134765625
 31
0.0
100
AcDbText
  0
TEXT
  5
8CE
330
17
100
AcDbEntity
  8
TEXT
100
AcDbText
 10
507.43402099609375
 20
31.52838134765625
 30
0.0
 40
5.5384521484375
  1
this
 11
507.43402099609375
 21
31.52838134765625
 31
0.0
100
AcDbText
  0
TEXT
  5
8CF
330
17
100
AcDbEntity
  8
TEXT
100
AcDbText
 10
516.5259399414062
 20
31.52838134765625
 30
0.0
 40
5.5384521484375
  1
document
 11
516.5259399414062
 21
31.52838134765625
 31
0.0
100
AcDbText
  0
TEXT
  5
8D0
330
17
100
AcDbEntity
  8
TEXT
100
AcDbText
 10
539.6746215820312
 20
31.52838134765625
 30
0.0
 40
5.5384521484375
  1
are
 11
539.6746215820312
 21
31.52838134765625
 31
0.0
100
AcDbText
  0
TEXT
  5
8D1
330
17
100
AcDbEntity
  8
TEXT
100
AcDbText
 10
548.2171020507812
 20
31.52838134765625
 30
0.0
 40
5.5384521484375
  1
the
 11
548.2171020507812
 21
31.52838134765625
 31
0.0
100
AcDbText
  0
TEXT
  5
8D2
330
17
100
AcDbEntity
  8
TEXT
100
AcDbText
 10
556.4860229492188
 20
31.52838134765625
 30
0.0
 40
5.5384521484375
  1
intellectual
 11
556.4860229492188
 21
31.52838134765625
 31
0.0
100
AcDbText
  0
TEXT
  5
8D3
330
17
100
AcDbEntity
  8
TEXT
100
AcDbText
 10
581.2879638671875
 20
31.52838134765625
 30
0.0
 40
5.5384521484375
  1
property
 11
581.2879638671875
 21
31.52838134765625
 31
0.0
100
AcDbText
  0
TEXT
  5
8D4
330
17
100
AcDbEntity
  8
TEXT
100
AcDbText
 10
600.8516235351562
 20
31.52838134765625
 30
0.0
 40
5.5384521484375
  1
of
 11
600.8516235351562
 21
31.52838134765625
 31
0.0
100
AcDbText
  0
TEXT
  5
8D5
330
17
100
AcDbEntity
  8
TEXT
100
AcDbText
 10
408.3661193847656
 20
25.85650634765625
 30
0.0
 40
5.5384521484375
  1
A-Line
 11
408.3661193847656
 21
25.85650634765625
 31
0.0
100
AcDbText
  0
TEXT
  5
8D6
330
17
100
AcDbEntity
  8
TEXT
100
AcDbText
 10
424.0736999511719
 20
25.85650634765625
 30
0.0
 40
5.5384521484375
  1
Building
 11
424.0736999511719
 21
25.85650634765625
 31
0.0
100
AcDbText
  0
TEXT
  5
8D7
330
17
100
AcDbEntity
  8
TEXT
100
AcDbText
 10
443.09033203125
 20
25.85650634765625
 30
0.0
 40
5.5384521484375
  1
Systems
 11
443.09033203125
 21
25.85650634765625
 31
0.0
100
AcDbText
  0
TEXT
  5
8D8
330
17
100
AcDbEntity
  8
TEXT
100
AcDbText
 10
463.474609375
 20
25.85650634765625
 30
0.0
 40
5.5384521484375
  1
Pty
 11
463.474609375
 21
25.85650634765625
 31
0.0
100
AcDbText
  0
TEXT
  5
8D9
330
17
100
AcDbEntity
  8
TEXT
100
AcDbText
 10
472.0146484375
 20
25.85650634765625
 30
0.0
 40
5.5384521484375
  1
Ltd.
 11
472.0146484375
 21
25.85650634765625
 31
0.0
100
AcDbText
  0
TEXT
  5
8DA
330
17
100
AcDbEntity
  8
TEXT
100
AcDbText
 10
481.6609191894531
 20
25.85650634765625
 30
0.0
 40
5.5384521484375
  1
Use
 11
481.6609191894531
 21
25.85650634765625
 31
0.0
100
AcDbText
  0
TEXT
  5
8DB
330
17
100
AcDbEntity
  8
TEXT
100
AcDbText
 10
491.854248046875
 20
25.85650634765625
 30
0.0
 40
5.5384521484375
  1
or
 11
491.854248046875
 21
25.85650634765625
 31
0.0
100
AcDbText
  0
TEXT
  5
8DC
330
17
100
AcDbEntity
  8
TEXT
100
AcDbText
 10
497.6396179199219
 20
25.85650634765625
 30
0.0
 40
5.5384521484375
  1
copying
 11
497.6396179199219
 21
25.85650634765625
 31
0.0
100
AcDbText
  0
TEXT
  5
8DD
330
17
100
AcDbEntity
  8
TEXT
100
AcDbText
 10
516.1043090820312
 20
25.85650634765625
 30
0.0
 40
5.5384521484375
  1
of
 11
516.1043090820312
 21
25.85650634765625
 31
0.0
100
AcDbText
  0
TEXT
  5
8DE
330
17
100
AcDbEntity
  8
TEXT
100
AcDbText
 10
521.6160888671875
 20
25.85650634765625
 30
0.0
 40
5.5384521484375
  1
the
 11
521.6160888671875
 21
25.85650634765625
 31
0.0
100
AcDbText
  0
TEXT
  5
8DF
330
17
100
AcDbEntity
  8
TEXT
100
AcDbText
 10
529.8850708007812
 20
25.85650634765625
 30
0.0
 40
5.5384521484375
  1
document
 11
529.8850708007812
 21
25.85650634765625
 31
0.0
100
AcDbText
  0
TEXT
  5
8E0
330
17
100
AcDbEntity
  8
TEXT
100
AcDbText
 10
553.03369140625
 20
25.85650634765625
 30
0.0
 40
5.5384521484375
  1
in
 11
553.03369140625
 21
25.85650634765625
 31
0.0
100
AcDbText
  0
TEXT
  5
8E1
330
17
100
AcDbEntity
  8
TEXT
100
AcDbText
 10
558.2695922851562
 20
25.85650634765625
 30
0.0
 40
5.5384521484375
  1
whole
 11
558.2695922851562
 21
25.85650634765625
 31
0.0
100
AcDbText
  0
TEXT
  5
8E2
330
17
100
AcDbEntity
  8
TEXT
100
AcDbText
 10
572.599853515625
 20
25.85650634765625
 30
0.0
 40
5.5384521484375
  1
or
 11
572.599853515625
 21
25.85650634765625
 31
0.0
100
AcDbText
  0
TEXT
  5
8E3
330
17
100
AcDbEntity
  8
TEXT
100
AcDbText
 10
578.3851318359375
 20
25.85650634765625
 30
0.0
 40
5.5384521484375
  1
in
 11
578.3851318359375
 21
25.85650634765625
 31
0.0
100
AcDbText
  0
TEXT
  5
8E4
330
17
100
AcDbEntity
  8
TEXT
100
AcDbText
 10
583.6210327148438
 20
25.85650634765625
 30
0.0
 40
5.5384521484375
  1
part
 11
583.6210327148438
 21
25.85650634765625
 31
0.0
100
AcDbText
  0
TEXT
  5
8E5
330
17
100
AcDbEntity
  8
TEXT
100
AcDbText
 10
593.5408325195312
 20
25.85650634765625
 30
0.0
 40
5.5384521484375
  1
without
 11
593.5408325195312
 21
25.85650634765625
 31
0.0
100
AcDbText
  0
TEXT
  5
8E6
330
17
100
AcDbEntity
  8
TEXT
100
AcDbText
 10
406.4442443847656
 20
20.18463134765625
 30
0.0
 40
5.5384521484375
  1
written
 11
406.4442443847656
 21
20.18463134765625
 31
0.0
100
AcDbText
  0
TEXT
  5
8E7
330
17
100
AcDbEntity
  8
TEXT
100
AcDbText
 10
422.4229431152344
 20
20.18463134765625
 30
0.0
 40
5.5384521484375
  1
permission
 11
422.4229431152344
 21
20.18463134765625
 31
0.0
100
AcDbText
  0
TEXT
  5
8E8
330
17
100
AcDbEntity
  8
TEXT
100
AcDbText
 10
447.76953125
 20
20.18463134765625
 30
0.0
 40
5.5384521484375
  1
of
 11
447.76953125
 21
20.18463134765625
 31
0.0
100
AcDbText
  0
TEXT
  5
8E9
330
17
100
AcDbEntity
  8
TEXT
100
AcDbText
 10
453.0078125
 20
20.18463134765625
 30
0.0
 40
5.5384521484375
  1
A-Line
 11
453.0078125
 21
20.18463134765625
 31
0.0
100
AcDbText
  0
TEXT
  5
8EA
330
17
100
AcDbEntity
  8
TEXT
100
AcDbText
 10
468.71539306640625
 20
20.18463134765625
 30
0.0
 40
5.5384521484375
  1
Building
 11
468.71539306640625
 21
20.18463134765625
 31
0.0
100
AcDbText
  0
TEXT
  5
8EB
330
17
100
AcDbEntity
  8
TEXT
100
AcDbText
 10
487.73199462890625
 20
20.18463134765625
 30
0.0
 40
5.5384521484375
  1
Systems
 11
487.73199462890625
 21
20.18463134765625
 31
0.0
100
AcDbText
  0
TEXT
  5
8EC
330
17
100
AcDbEntity
  8
TEXT
100
AcDbText
 10
508.1163024902344
 20
20.18463134765625
 30
0.0
 40
5.5384521484375
  1
Pty
 11
508.1163024902344
 21
20.18463134765625
 31
0.0
100
AcDbText
  0
TEXT
  5
8ED
330
17
100
AcDbEntity
  8
TEXT
100
AcDbText
 10
516.6563110351562
 20
20.18463134765625
 30
0.0
 40
5.5384521484375
  1
Ltd
 11
516.6563110351562
 21
20.18463134765625
 31
0.0
100
AcDbText
  0
TEXT
  5
8EE
330
17
100
AcDbEntity
  8
TEXT
100
AcDbText
 10
524.92529296875
 20
20.18463134765625
 30
0.0
 40
5.5384521484375
  1
constitutes
 11
524.92529296875
 21
20.18463134765625
 31
0.0
100
AcDbText
  0
TEXT
  5
8EF
330
17
100
AcDbEntity
  8
TEXT
100
AcDbText
 10
550.000732421875
 20
20.18463134765625
 30
0.0
 40
5.5384521484375
  1
an
 11
550.000732421875
 21
20.18463134765625
 31
0.0
100
AcDbText
  0
TEXT
  5
8F0
330
17
100
AcDbEntity
  8
TEXT
100
AcDbText
 10
556.892333984375
 20
20.18463134765625
 30
0.0
 40
5.5384521484375
  1
infringement
 11
556.892333984375
 21
20.18463134765625
 31
0.0
100
AcDbText
  0
TEXT
  5
8F1
330
17
100
AcDbEntity
  8
TEXT
100
AcDbText
 10
585.5504150390625
 20
20.18463134765625
 30
0.0
 40
5.5384521484375
  1
of
 11
585.5504150390625
 21
20.18463134765625
 31
0.0
100
AcDbText
  0
TEXT
  5
8F2
330
17
100
AcDbEntity
  8
TEXT
100
AcDbText
 10
591.0621948242188
 20
20.18463134765625
 30
0.0
 40
5.5384521484375
  1
copyright
 11
591.0621948242188
 21
20.18463134765625
 31
0.0
100
AcDbText
  0
TEXT
  5
8F3
330
17
100
AcDbEntity
  8
TEXT
100
AcDbText
 10
616.51953125
 20
110.23248291015625
 30
0.0
 40
4.742462158203125
  1
client
 11
616.51953125
 21
110.23248291015625
 31
0.0
100
AcDbText
  0
TEXT
  5
8F4
330
17
100
AcDbEntity
  8
TEXT
100
AcDbText
 10
620.7734375
 20
102.077392578125
 30
0.0
 40
9.493316650390625
  1
Craig
 11
620.7734375
 21
102.077392578125
 31
0.0
100
AcDbText
  0
TEXT
  5
8F5
330
17
100
AcDbEntity
  8
TEXT
100
AcDbText
 10
643.4403076171875
 20
102.077392578125
 30
0.0
 40
9.493316650390625
  1
Jane
 11
643.4403076171875
 21
102.077392578125
 31
0.0
100
AcDbText
  0
TEXT
  5
8F6
330
17
100
AcDbEntity
  8
TEXT
100
AcDbText
 10
664.2276000976562
 20
102.077392578125
 30
0.0
 40
9.493316650390625
  1
Manners
 11
664.2276000976562
 21
102.077392578125
 31
0.0
100
AcDbText
  0
TEXT
  5
8F7
330
17
100
AcDbEntity
  8
TEXT
100
AcDbText
 10
616.51953125
 20
97.47076416015625
 30
0.0
 40
4.742462158203125
  1
project
 11
616.51953125
 21
97.47076416015625
 31
0.0
100
AcDbText
  0
TEXT
  5
8F8
330
17
100
AcDbEntity
  8
TEXT
100
AcDbText
 10
620.7734375
 20
87.897705078125
 30
0.0
 40
9.493316650390625
  1
Proposed
 11
620.7734375
 21
87.897705078125
 31
0.0
100
AcDbText
  0
TEXT
  5
8F9
330
17
100
AcDbEntity
  8
TEXT
100
AcDbText
 10
659.510009765625
 20
87.897705078125
 30
0.0
 40
9.493316650390625
  1
Garage:
 11
659.510009765625
 21
87.897705078125
 31
0.0
100
AcDbText
  0
TEXT
  5
8FA
330
17
100
AcDbEntity
  8
TEXT
100
AcDbText
 10
692.5746459960938
 20
87.897705078125
 30
0.0
 40
9.493316650390625
  1
Sturdy
 11
692.5746459960938
 21
87.897705078125
 31
0.0
100
AcDbText
  0
TEXT
  5
8FB
330
17
100
AcDbEntity
  8
TEXT
100
AcDbText
 10
620.7734375
 20
78.68682861328125
 30
0.0
 40
9.4932861328125
  1
5
 11
620.7734375
 21
78.68682861328125
 31
0.0
100
AcDbText
  0
TEXT
  5
8FC
330
17
100
AcDbEntity
  8
TEXT
100
AcDbText
 10
627.8602294921875
 20
78.68682861328125
 30
0.0
 40
9.4932861328125
  1
Forest
 11
627.8602294921875
 21
78.68682861328125
 31
0.0
100
AcDbText
  0
TEXT
  5
8FD
330
17
100
AcDbEntity
  8
TEXT
100
AcDbText
 10
654.3027954101562
 20
78.68682861328125
 30
0.0
 40
9.4932861328125
  1
Street
 11
654.3027954101562
 21
78.68682861328125
 31
0.0
100
AcDbText
  0
TEXT
  5
8FE
330
17
100
AcDbEntity
  8
TEXT
100
AcDbText
 10
620.7734375
 20
69.47589111328125
 30
0.0
 40
9.4932861328125
  1
Barham,
 11
620.7734375
 21
69.47589111328125
 31
0.0
100
AcDbText
  0
TEXT
  5
8FF
330
17
100
AcDbEntity
  8
TEXT
100
AcDbText
 10
655.2488403320312
 20
69.47589111328125
 30
0.0
 40
9.4932861328125
  1
VIC,
 11
655.2488403320312
 21
69.47589111328125
 31
0.0
100
AcDbText
  0
TEXT
  5
900
330
17
100
AcDbEntity
  8
TEXT
100
AcDbText
 10
674.1358032226562
 20
69.47589111328125
 30
0.0
 40
9.4932861328125
  1
2732
 11
674.1358032226562
 21
69.47589111328125
 31
0.0
100
AcDbText
  0
TEXT
  5
901
330
17
100
AcDbEntity
  8
TEXT
100
AcDbText
 10
615.81640625
 20
62.07720947265625
 30
0.0
 40
3.954833984375
  1
Drawing
 11
615.81640625
 21
62.07720947265625
 31
0.0
100
AcDbText
  0
TEXT
  5
902
330
17
100
AcDbEntity
  8
TEXT
100
AcDbText
 10
629.7844848632812
 20
62.07720947265625
 30
0.0
 40
3.954833984375
  1
Name.
 11
629.7844848632812
 21
62.07720947265625
 31
0.0
100
AcDbText
  0
TEXT
  5
903
330
17
100
AcDbEntity
  8
TEXT
100
AcDbText
 10
642.03125
 20
56.9090576171875
 30
0.0
 40
7.90972900390625
  1
Floor
 11
642.03125
 21
56.9090576171875
 31
0.0
100
AcDbText
  0
TEXT
  5
904
330
17
100
AcDbEntity
  8
TEXT
100
AcDbText
 10
660.1287841796875
 20
56.9090576171875
 30
0.0
 40
7.90972900390625
  1
Plan
 11
660.1287841796875
 21
56.9090576171875
 31
0.0
100
AcDbText
  0
TEXT
  5
905
330
17
100
AcDbEntity
  8
TEXT
100
AcDbText
 10
615.81640625
 20
52.1561279296875
 30
0.0
 40
3.954833984375
  1
Project
 11
615.81640625
 21
52.1561279296875
 31
0.0
100
AcDbText
  0
TEXT
  5
906
330
17
100
AcDbEntity
  8
TEXT
100
AcDbText
 10
627.8174438476562
 20
52.1561279296875
 30
0.0
 40
3.954833984375
  1
Number.
 11
627.8174438476562
 21
52.1561279296875
 31
0.0
100
AcDbText
  0
TEXT
  5
907
330
17
100
AcDbEntity
  8
TEXT
100
AcDbText
 10
616.51953125
 20
46.66864013671875
 30
0.0
 40
7.1220703125
  1
NVSK
 11
616.51953125
 21
46.66864013671875
 31
0.0
100
AcDbText
  0
TEXT
  5
908
330
17
100
AcDbEntity
  8
TEXT
100
AcDbText
 10
635.65087890625
 20
46.66864013671875
 30
0.0
 40
7.1220703125
  1
-
 11
635.65087890625
 21
46.66864013671875
 31
0.0
100
AcDbText
  0
TEXT
  5
909
330
17
100
AcDbEntity
  8
TEXT
100
AcDbText
 10
639.5460205078125
 20
46.66864013671875
 30
0.0
 40
7.1220703125
  1
10784C
 11
639.5460205078125
 21
46.66864013671875
 31
0.0
100
AcDbText
  0
TEXT
  5
90A
330
17
100
AcDbEntity
  8
TEXT
100
AcDbText
 10
663.6435546875
 20
46.66864013671875
 30
0.0
 40
7.1220703125
  1
-
 11
663.6435546875
 21
46.66864013671875
 31
0.0
100
AcDbText
  0
TEXT
  5
90B
330
17
100
AcDbEntity
  8
TEXT
100
AcDbText
 10
667.5386352539062
 20
46.66864013671875
 30
0.0
 40
7.1220703125
  1
2
 11
667.5386352539062
 21
46.66864013671875
 31
0.0
100
AcDbText
  0
TEXT
  5
90C
330
17
100
AcDbEntity
  8
TEXT
100
AcDbText
 10
686.6813354492188
 20
52.1561279296875
 30
0.0
 40
3.954833984375
  1
Drawing
 11
686.6813354492188
 21
52.1561279296875
 31
0.0
100
AcDbText
  0
TEXT
  5
90D
330
17
100
AcDbEntity
  8
TEXT
100
AcDbText
 10
700.6494140625
 20
52.1561279296875
 30
0.0
 40
3.954833984375
  1
Number.
 11
700.6494140625
 21
52.1561279296875
 31
0.0
100
AcDbText
  0
TEXT
  5
90E
330
17
100
AcDbEntity
  8
TEXT
100
AcDbText
 10
785.8922729492188
 20
52.1561279296875
 30
0.0
 40
3.954833984375
  1
Rev.
 11
785.8922729492188
 21
52.1561279296875
 31
0.0
100
AcDbText
  0
TEXT
  5
90F
330
17
100
AcDbEntity
  8
TEXT
100
AcDbText
 10
615.81640625
 20
42.2349853515625
 30
0.0
 40
3.954833984375
  1
Drawn.
 11
615.81640625
 21
42.2349853515625
 31
0.0
100
AcDbText
  0
TEXT
  5
910
330
17
100
AcDbEntity
  8
TEXT
100
AcDbText
 10
686.6813354492188
 20
37.06683349609375
 30
0.0
 40
9.12298583984375
  1
Date.07/11/2025
 11
686.6813354492188
 21
37.06683349609375
 31
0.0
100
AcDbText
  0
TEXT
  5
911
330
17
100
AcDbEntity
  8
TEXT
100
AcDbText
 10
643.09765625
 20
26.442626953125
 30
0.0
 40
7.90972900390625
  1
All
 11
643.09765625
 21
26.442626953125
 31
0.0
100
AcDbText
  0
TEXT
  5
912
330
17
100
AcDbEntity
  8
TEXT
100
AcDbText
 10
652.932861328125
 20
26.442626953125
 30
0.0
 40
7.90972900390625
  1
Dimensions
 11
652.932861328125
 21
26.442626953125
 31
0.0
100
AcDbText
  0
TEXT
  5
913
330
17
100
AcDbEntity
  8
TEXT
100
AcDbText
 10
691.8866577148438
 20
26.442626953125
 30
0.0
 40
7.90972900390625
  1
In
 11
691.8866577148438
 21
26.442626953125
 31
0.0
100
AcDbText
  0
TEXT
  5
914
330
17
100
AcDbEntity
  8
TEXT
100
AcDbText
 10
699.75830078125
 20
26.442626953125
 30
0.0
 40
7.90972900390625
  1
Millimetres
 11
699.75830078125
 21
26.442626953125
 31
0.0
100
AcDbText
  0
TEXT
  5
915
330
17
100
AcDbEntity
  8
TEXT
100
AcDbText
 10
735.5523681640625
 20
26.442626953125
 30
0.0
 40
7.90972900390625
  1
U.N.O.
 11
735.5523681640625
 21
26.442626953125
 31
0.0
100
AcDbText
  0
TEXT
  5
916
330
17
100
AcDbEntity
  8
TEXT
100
AcDbText
 10
615.81640625
 20
16.521484375
 30
0.0
 40
9.82611083984375
  1
Scale.1:100
 11
615.81640625
 21
16.521484375
 31
0.0
100
AcDbText
  0
TEXT
  5
917
330
17
100
AcDbEntity
  8
TEXT
100
AcDbText
 10
700.8543701171875
 20
18.0289306640625
 30
0.0
 40
8.31866455078125
  1
Shed.16Lx9Wx4.2H|10°|4bays
 11
700.8543701171875
 21
18.0289306640625
 31
0.0
100
AcDbText
  0
TEXT
  5
918
330
17
100
AcDbEntity
  8
TEXT
100
AcDbText
 10
792.7477416992188
 20
29.3680419921875
 30
0.0
 40
6.3260498046875
  1
Sheet
 11
792.7477416992188
 21
29.3680419921875
 31
0.0
100
AcDbText
  0
TEXT
  5
919
330
17
100
AcDbEntity
  8
TEXT
100
AcDbText
 10
809.11865234375
 20
29.3680419921875
 30
0.0
 40
6.3260498046875
  1
Size
 11
809.11865234375
 21
29.3680419921875
 31
0.0
100
AcDbText
  0
TEXT
  5
91A
330
17
100
AcDbEntity
  8
TEXT
100
AcDbText
 10
799.3571166992188
 20
16.86962890625
 30
0.0
 40
12.6605224609375
  1
A4
 11
799.3571166992188
 21
16.86962890625
 31
0.0
100
AcDbText
  0
TEXT
  5
91B
330
17
100
AcDbEntity
  8
TEXT
100
AcDbText
 10
817.19140625
 20
118.38327026367188
 30
0.0
 40
28.79791259765625
  1
REFER
 11
817.19140625
 21
118.38327026367188
 31
0.0
100
AcDbText
  0
TEXT
  5
91C
330
17
100
AcDbEntity
  8
TEXT
100
AcDbText
 10
817.19140625
 20
149.54348754882812
 30
0.0
 40
11.64813232421875
  1
TO
 11
817.19140625
 21
149.54348754882812
 31
0.0
100
AcDbText
  0
TEXT
  5
91D
330
17
100
AcDbEntity
  8
TEXT
100
AcDbText
 10
817.19140625
 20
163.55108642578125
 30
0.0
 40
68.44735717773438
  1
CONSTRUCTION
 11
817.19140625
 21
163.55108642578125
 31
0.0
100
AcDbText
  0
TEXT
  5
91E
330
17
100
AcDbEntity
  8
TEXT
100
AcDbText
 10
817.19140625
 20
234.36074829101562
 30
0.0
 40
41.06988525390625
  1
DRAWING
 11
817.19140625
 21
234.36074829101562
 31
0.0
100
AcDbText
  0
TEXT
  5
91F
330
17
100
AcDbEntity
  8
TEXT
100
AcDbText
 10
817.19140625
 20
277.7900695800781
 30
0.0
 40
17.9354248046875
  1
FOR
 11
817.19140625
 21
277.7900695800781
 31
0.0
100
AcDbText
  0
TEXT
  5
920
330
17
100
AcDbEntity
  8
TEXT
100
AcDbText
 10
817.19140625
 20
298.0877990722656
 30
0.0
 40
64.20146179199219
  1
SLAB/FOOTING
 11
817.19140625
 21
298.0877990722656
 31
0.0
100
AcDbText
  0
TEXT
  5
921
330
17
100
AcDbEntity
  8
TEXT
100
AcDbText
 10
817.19140625
 20
364.6487121582031
 30
0.0
 40
34.15315246582031
  1
LAYOUT
 11
817.19140625
 21
364.6487121582031
 31
0.0
100
AcDbText
  0
TEXT
  5
922
330
17
100
AcDbEntity
  8
TEXT
100
AcDbText
 10
679.9668579101562
 20
337.15533447265625
 30
0.0
 40
14.17803955078125
  1
9000
 11
679.9668579101562
 21
337.15533447265625
 31
0.0
100
AcDbText
  0
TEXT
  5
923
330
17
100
AcDbEntity
  8
TEXT
100
AcDbText
 10
401.0898742675781
 20
166.33590698242188
 30
0.0
 40
7.1220703125
  1
16000
 11
401.0898742675781
 21
166.33590698242188
 31
0.0
100
AcDbText
  0
TEXT
  5
924
330
17
100
AcDbEntity
  8
TEXT
100
AcDbText
 10
261.1328430175781
 20
514.9804382324219
 30
0.0
 40
7.1220703125
  1
6000
 11
261.1328430175781
 21
514.9804382324219
 31
0.0
100
AcDbText
  0
TEXT
  5
925
330
17
100
AcDbEntity
  8
TEXT
100
AcDbText
 10
395.7695617675781
 20
514.9804382324219
 30
0.0
 40
7.1220703125
  1
3500
 11
395.7695617675781
 21
514.9804382324219
 31
0.0
100
AcDbText
  0
TEXT
  5
926
330
17
100
AcDbEntity
  8
TEXT
100
AcDbText
 10
494.9804992675781
 20
514.9804382324219
 30
0.0
 40
7.1220703125
  1
3500
 11
494.9804992675781
 21
514.9804382324219
 31
0.0
100
AcDbText
  0
TEXT
  5
927
330
17
100
AcDbEntity
  8
TEXT
100
AcDbText
 10
587.1015625
 20
514.9804382324219
 30
0.0
 40
7.1220703125
  1
3000
 11
587.1015625
 21
514.9804382324219
 31
0.0
100
AcDbText
  0
TEXT
  5
928
330
17
100
AcDbEntity
  8
TEXT
100
AcDbText
 10
262.6797180175781
 20
471.5611114501953
 30
0.0
 40
6.326080322265625
  1
OPEN
 11
262.6797180175781
 21
471.5611114501953
 31
0.0
100
AcDbText
  0
TEXT
  5
929
330
17
100
AcDbEntity
  8
TEXT
100
AcDbText
 10
399.2500305175781
 20
475.8150177001953
 30
0.0
 40
6.326080322265625
  1
D1
 11
399.2500305175781
 21
475.8150177001953
 31
0.0
100
AcDbText
  0
TEXT
  5
92A
330
17
100
AcDbEntity
  8
TEXT
100
AcDbText
 10
498.4609680175781
 20
475.8150177001953
 30
0.0
 40
6.326080322265625
  1
D0
 11
498.4609680175781
 21
475.8150177001953
 31
0.0
100
AcDbText
  0
TEXT
  5
92B
330
17
100
AcDbEntity
  8
TEXT
100
AcDbText
 10
582.49609375
 20
496.5468444824219
 30
0.0
 40
7.1220703125
  1
3325
 11
582.49609375
 21
496.5468444824219
 31
0.0
100
AcDbText
  0
TEXT
  5
92C
330
17
100
AcDbEntity
  8
TEXT
100
AcDbText
 10
494.9804992675781
 20
496.5468444824219
 30
0.0
 40
7.1220703125
  1
2850
 11
494.9804992675781
 21
496.5468444824219
 31
0.0
100
AcDbText
  0
TEXT
  5
92D
330
17
100
AcDbEntity
  8
TEXT
100
AcDbText
 10
447.1562805175781
 20
496.5468444824219
 30
0.0
 40
7.1220703125
  1
650
 11
447.1562805175781
 21
496.5468444824219
 31
0.0
100
AcDbText
  0
TEXT
  5
92E
330
17
100
AcDbEntity
  8
TEXT
100
AcDbText
 10
395.7695617675781
 20
496.5468444824219
 30
0.0
 40
7.1220703125
  1
2850
 11
395.7695617675781
 21
496.5468444824219
 31
0.0
100
AcDbText
  0
TEXT
  5
92F
330
17
100
AcDbEntity
  8
TEXT
100
AcDbText
 10
352.1875305175781
 20
496.5468444824219
 30
0.0
 40
7.1220703125
  1
350
 11
352.1875305175781
 21
496.5468444824219
 31
0.0
100
AcDbText
  0
TEXT
  5
930
330
17
100
AcDbEntity
  8
TEXT
100
AcDbText
 10
263.6054992675781
 20
496.5468444824219
 30
0.0
 40
7.1220703125
  1
5775
 11
263.6054992675781
 21
496.5468444824219
 31
0.0
100
AcDbText
  0
TEXT
  5
931
330
17
100
AcDbEntity
  8
TEXT
100
AcDbText
 10
180.70706176757812
 20
496.5468444824219
 30
0.0
 40
7.1220703125
  1
200
 11
180.70706176757812
 21
496.5468444824219
 31
0.0
100
AcDbText
  0
TEXT
  5
932
330
17
100
AcDbEntity
  8
TEXT
100
AcDbText
 10
262.6797180175781
 20
210.79550170898438
 30
0.0
 40
6.3260498046875
  1
OPEN
 11
262.6797180175781
 21
210.79550170898438
 31
0.0
100
AcDbText
  0
TEXT
  5
933
330
17
100
AcDbEntity
  8
TEXT
100
AcDbText
 10
399.2500305175781
 20
206.54159545898438
 30
0.0
 40
6.3260498046875
  1
D2
 11
399.2500305175781
 21
206.54159545898438
 31
0.0
100
AcDbText
  0
TEXT
  5
934
330
17
100
AcDbEntity
  8
TEXT
100
AcDbText
 10
590.58203125
 20
206.54159545898438
 30
0.0
 40
6.3260498046875
  1
D3
 11
590.58203125
 21
206.54159545898438
 31
0.0
100
AcDbText
  0
TEXT
  5
935
330
17
100
AcDbEntity
  8
TEXT
100
AcDbText
 10
614.171875
 20
187.59371948242188
 30
0.0
 40
7.1220703125
  1
1090
 11
614.171875
 21
187.59371948242188
 31
0.0
100
AcDbText
  0
TEXT
  5
936
330
17
100
AcDbEntity
  8
TEXT
100
AcDbText
 10
588.8828125
 20
187.59371948242188
 30
0.0
 40
7.1220703125
  1
820
 11
588.8828125
 21
187.59371948242188
 31
0.0
100
AcDbText
  0
TEXT
  5
937
330
17
100
AcDbEntity
  8
TEXT
100
AcDbText
 10
505.8203430175781
 20
187.59371948242188
 30
0.0
 40
7.1220703125
  1
4915
 11
505.8203430175781
 21
187.59371948242188
 31
0.0
100
AcDbText
  0
TEXT
  5
938
330
17
100
AcDbEntity
  8
TEXT
100
AcDbText
 10
395.7695617675781
 20
187.59371948242188
 30
0.0
 40
7.1220703125
  1
2850
 11
395.7695617675781
 21
187.59371948242188
 31
0.0
100
AcDbText
  0
TEXT
  5
939
330
17
100
AcDbEntity
  8
TEXT
100
AcDbText
 10
352.1875305175781
 20
187.59371948242188
 30
0.0
 40
7.1220703125
  1
350
 11
352.1875305175781
 21
187.59371948242188
 31
0.0
100
AcDbText
  0
TEXT
  5
93A
330
17
100
AcDbEntity
  8
TEXT
100
AcDbText
 10
263.6054992675781
 20
187.59371948242188
 30
0.0
 40
7.1220703125
  1
5775
 11
263.6054992675781
 21
187.59371948242188
 31
0.0
100
AcDbText
  0
TEXT
  5
93B
330
17
100
AcDbEntity
  8
TEXT
100
AcDbText
 10
180.70706176757812
 20
187.59371948242188
 30
0.0
 40
7.1220703125
  1
200
 11
180.70706176757812
 21
187.59371948242188
 31
0.0
100
AcDbText
  0
TEXT
  5
93C
330
17
100
AcDbEntity
  8
TEXT
100
AcDbText
 10
190.04605102539062
 20
219.53042602539062
 30
0.0
 40
22.858245849609375
  1
PORTAL
 11
190.04605102539062
 21
219.53042602539062
 31
0.0
100
AcDbText
  0
TEXT
  5
93D
330
17
100
AcDbEntity
  8
TEXT
100
AcDbText
 10
190.04605102539062
 20
243.85867309570312
 30
0.0
 40
22.961456298828125
  1
RAFTER
 11
190.04605102539062
 21
243.85867309570312
 31
0.0
100
AcDbText
  0
TEXT
  5
93E
330
17
100
AcDbEntity
  8
TEXT
100
AcDbText
 10
190.04605102539062
 20
268.394287109375
 30
0.0
 40
16.04644775390625
  1
OVER
 11
190.04605102539062
 21
268.394287109375
 31
0.0
100
AcDbText
  0
TEXT
  5
93F
330
17
100
AcDbEntity
  8
TEXT
100
AcDbText
 10
345.2969055175781
 20
219.529541015625
 30
0.0
 40
22.85821533203125
  1
PORTAL
 11
345.2969055175781
 21
219.529541015625
 31
0.0
100
AcDbText
  0
TEXT
  5
940
330
17
100
AcDbEntity
  8
TEXT
100
AcDbText
 10
345.2969055175781
 20
243.8577880859375
 30
0.0
 40
22.96142578125
  1
RAFTER
 11
345.2969055175781
 21
243.8577880859375
 31
0.0
100
AcDbText
  0
TEXT
  5
941
330
17
100
AcDbEntity
  8
TEXT
100
AcDbText
 10
345.2969055175781
 20
268.39337158203125
 30
0.0
 40
16.04644775390625
  1
OVER
 11
345.2969055175781
 21
268.39337158203125
 31
0.0
100
AcDbText
  0
TEXT
  5
942
330
17
100
AcDbEntity
  8
TEXT
100
AcDbText
 10
444.5078430175781
 20
219.529541015625
 30
0.0
 40
22.85821533203125
  1
PORTAL
 11
444.5078430175781
 21
219.529541015625
 31
0.0
100
AcDbText
  0
TEXT
  5
943
330
17
100
AcDbEntity
  8
TEXT
100
AcDbText
 10
444.5078430175781
 20
243.8577880859375
 30
0.0
 40
22.96142578125
  1
RAFTER
 11
444.5078430175781
 21
243.8577880859375
 31
0.0
100
AcDbText
  0
TEXT
  5
944
330
17
100
AcDbEntity
  8
TEXT
100
AcDbText
 10
444.5078430175781
 20
268.39337158203125
 30
0.0
 40
16.04644775390625
  1
OVER
 11
444.5078430175781
 21
268.39337158203125
 31
0.0
100
AcDbText
  0
TEXT
  5
945
330
17
100
AcDbEntity
  8
TEXT
100
AcDbText
 10
543.7188110351562
 20
219.529541015625
 30
0.0
 40
22.858245849609375
  1
PORTAL
 11
543.7188110351562
 21
219.529541015625
 31
0.0
100
AcDbText
  0
TEXT
  5
946
330
17
100
AcDbEntity
  8
TEXT
100
AcDbText
 10
543.7188110351562
 20
243.85784912109375
 30
0.0
 40
22.961456298828125
  1
RAFTER
 11
543.7188110351562
 21
243.85784912109375
 31
0.0
100
AcDbText
  0
TEXT
  5
947
330
17
100
AcDbEntity
  8
TEXT
100
AcDbText
 10
543.7188110351562
 20
268.3935241699219
 30
0.0
 40
16.046417236328125
  1
OVER
 11
543.7188110351562
 21
268.3935241699219
 31
0.0
100
AcDbText
  0
TEXT
  5
948
330
17
100
AcDbEntity
  8
TEXT
100
AcDbText
 10
625.1568603515625
 20
219.5250244140625
 30
0.0
 40
22.858245849609375
  1
PORTAL
 11
625.1568603515625
 21
219.5250244140625
 31
0.0
100
AcDbText
  0
TEXT
  5
949
330
17
100
AcDbEntity
  8
TEXT
100
AcDbText
 10
625.1568603515625
 20
243.85333251953125
 30
0.0
 40
22.961456298828125
  1
RAFTER
 11
625.1568603515625
 21
243.85333251953125
 31
0.0
100
AcDbText
  0
TEXT
  5
94A
330
17
100
AcDbEntity
  8
TEXT
100
AcDbText
 10
625.1568603515625
 20
268.3890075683594
 30
0.0
 40
16.046417236328125
  1
OVER
 11
625.1568603515625
 21
268.3890075683594
 31
0.0
100
AcDbText
  0
TEXT
  5
94B
330
17
100
AcDbEntity
  8
TEXT
100
AcDbText
 10
394.5390930175781
 20
336.0337829589844
 30
0.0
 40
6.3260650634765625
  1
RIDGELINE
 11
394.5390930175781
 21
336.0337829589844
 31
0.0
100
AcDbText
  0
TEXT
  5
94C
330
17
100
AcDbEntity
  8
TEXT
100
AcDbText
 10
179.64817810058594
 20
149.10073852539062
 30
0.0
 40
12.6605224609375
  1
FLOORPLAN
 11
179.64817810058594
 21
149.10073852539062
 31
0.0
100
AcDbText
  0
TEXT
  5
94D
330
17
100
AcDbEntity
  8
TEXT
100
AcDbText
 10
179.64817810058594
 20
141.77532958984375
 30
0.0
 40
7.909698486328125
  1
SCALE
 11
179.64817810058594
 21
141.77532958984375
 31
0.0
100
AcDbText
  0
TEXT
  5
94E
330
17
100
AcDbEntity
  8
TEXT
100
AcDbText
 10
204.83262634277344
 20
141.77532958984375
 30
0.0
 40
7.909698486328125
  1
1:100
 11
204.83262634277344
 21
141.77532958984375
 31
0.0
100
AcDbText
  0
TEXT
  5
94F
330
17
100
AcDbEntity
  8
TEXT
100
AcDbText
 10
175.80902099609375
 20
52.43817138671875
 30
0.0
 40
6.996337890625
  1
OPENING
 11
175.80902099609375
 21
52.43817138671875
 31
0.0
100
AcDbText
  0
TEXT
  5
950
330
17
100
AcDbEntity
  8
TEXT
100
AcDbText
 10
206.43038940429688
 20
52.43817138671875
 30
0.0
 40
6.996337890625
  1
SCHEDULE
 11
206.43038940429688
 21
52.43817138671875
 31
0.0
100
AcDbText
  0
TEXT
  5
951
330
17
100
AcDbEntity
  8
TEXT
100
AcDbText
 10
20.6505126953125
 20
43.656005859375
 30
0.0
 40
6.6864013671875
  1
MARK
 11
20.6505126953125
 21
43.656005859375
 31
0.0
100
AcDbText
  0
TEXT
  5
952
330
17
100
AcDbEntity
  8
TEXT
100
AcDbText
 10
77.08533477783203
 20
43.656005859375
 30
0.0
 40
6.6864013671875
  1
TYPE
 11
77.08533477783203
 21
43.656005859375
 31
0.0
100
AcDbText
  0
TEXT
  5
953
330
17
100
AcDbEntity
  8
TEXT
100
AcDbText
 10
130.71029663085938
 20
43.656005859375
 30
0.0
 40
6.6864013671875
  1
HEIGHT
 11
130.71029663085938
 21
43.656005859375
 31
0.0
100
AcDbText
  0
TEXT
  5
954
330
17
100
AcDbEntity
  8
TEXT
100
AcDbText
 10
165.37509155273438
 20
43.656005859375
 30
0.0
 40
6.6864013671875
  1
WIDTH
 11
165.37509155273438
 21
43.656005859375
 31
0.0
100
AcDbText
  0
TEXT
  5
955
330
17
100
AcDbEntity
  8
TEXT
100
AcDbText
 10
276.3387145996094
 20
43.656005859375
 30
0.0
 40
6.6864013671875
  1
DESCRIPTION
 11
276.3387145996094
 21
43.656005859375
 31
0.0
100
AcDbText
  0
TEXT
  5
956
330
17
100
AcDbEntity
  8
TEXT
100
AcDbText
 10
23.146604537963867
 20
35.1522216796875
 30
0.0
 40
6.6864013671875
  1
D0-1
 11
23.146604537963867
 21
35.1522216796875
 31
0.0
100
AcDbText
  0
TEXT
  5
957
330
17
100
AcDbEntity
  8
TEXT
100
AcDbText
 10
63.11658477783203
 20
35.1522216796875
 30
0.0
 40
6.6864013671875
  1
ROLLER
 11
63.11658477783203
 21
35.1522216796875
 31
0.0
100
AcDbText
  0
TEXT
  5
958
330
17
100
AcDbEntity
  8
TEXT
100
AcDbText
 10
88.72814178466797
 20
35.1522216796875
 30
0.0
 40
6.6864013671875
  1
DOOR
 11
88.72814178466797
 21
35.1522216796875
 31
0.0
100
AcDbText
  0
TEXT
  5
959
330
17
100
AcDbEntity
  8
TEXT
100
AcDbText
 10
135.36264038085938
 20
35.1522216796875
 30
0.0
 40
6.6864013671875
  1
3400
 11
135.36264038085938
 21
35.1522216796875
 31
0.0
100
AcDbText
  0
TEXT
  5
95A
330
17
100
AcDbEntity
  8
TEXT
100
AcDbText
 10
168.52743530273438
 20
35.1522216796875
 30
0.0
 40
6.6864013671875
  1
2850
 11
168.52743530273438
 21
35.1522216796875
 31
0.0
100
AcDbText
  0
TEXT
  5
95B
330
17
100
AcDbEntity
  8
TEXT
100
AcDbText
 10
226.96762084960938
 20
35.1522216796875
 30
0.0
 40
6.6864013671875
  1
COLORBOND®
 11
226.96762084960938
 21
35.1522216796875
 31
0.0
100
AcDbText
  0
TEXT
  5
95C
330
17
100
AcDbEntity
  8
TEXT
100
AcDbText
 10
271.61541748046875
 20
35.1522216796875
 30
0.0
 40
6.6864013671875
  1
STRAMIT
 11
271.61541748046875
 21
35.1522216796875
 31
0.0
100
AcDbText
  0
TEXT
  5
95D
330
17
100
AcDbEntity
  8
TEXT
100
AcDbText
 10
299.436279296875
 20
35.1522216796875
 30
0.0
 40
6.6864013671875
  1
RAD
 11
299.436279296875
 21
35.1522216796875
 31
0.0
100
AcDbText
  0
TEXT
  5
95E
330
17
100
AcDbEntity
  8
TEXT
100
AcDbText
 10
313.7353820800781
 20
35.1522216796875
 30
0.0
 40
6.6864013671875
  1
B
 11
313.7353820800781
 21
35.1522216796875
 31
0.0
100
AcDbText
  0
TEXT
  5
95F
330
17
100
AcDbEntity
  8
TEXT
100
AcDbText
 10
319.39013671875
 20
35.1522216796875
 30
0.0
 40
6.6864013671875
  1
-
 11
319.39013671875
 21
35.1522216796875
 31
0.0
100
AcDbText
  0
TEXT
  5
960
330
17
100
AcDbEntity
  8
TEXT
100
AcDbText
 10
323.0459899902344
 20
35.1522216796875
 30
0.0
 40
6.6864013671875
  1
ROLLER
 11
323.0459899902344
 21
35.1522216796875
 31
0.0
100
AcDbText
  0
TEXT
  5
961
330
17
100
AcDbEntity
  8
TEXT
100
AcDbText
 10
348.65753173828125
 20
35.1522216796875
 30
0.0
 40
6.6864013671875
  1
DOOR
 11
348.65753173828125
 21
35.1522216796875
 31
0.0
100
AcDbText
  0
TEXT
  5
962
330
17
100
AcDbEntity
  8
TEXT
100
AcDbText
 10
25.806760787963867
 20
26.64837646484375
 30
0.0
 40
6.6864013671875
  1
D2
 11
25.806760787963867
 21
26.64837646484375
 31
0.0
100
AcDbText
  0
TEXT
  5
963
330
17
100
AcDbEntity
  8
TEXT
100
AcDbText
 10
63.11658477783203
 20
26.64837646484375
 30
0.0
 40
6.6864013671875
  1
ROLLER
 11
63.11658477783203
 21
26.64837646484375
 31
0.0
100
AcDbText
  0
TEXT
  5
964
330
17
100
AcDbEntity
  8
TEXT
100
AcDbText
 10
88.72814178466797
 20
26.64837646484375
 30
0.0
 40
6.6864013671875
  1
DOOR
 11
88.72814178466797
 21
26.64837646484375
 31
0.0
100
AcDbText
  0
TEXT
  5
965
330
17
100
AcDbEntity
  8
TEXT
100
AcDbText
 10
135.36264038085938
 20
26.64837646484375
 30
0.0
 40
6.6864013671875
  1
3000
 11
135.36264038085938
 21
26.64837646484375
 31
0.0
100
AcDbText
  0
TEXT
  5
966
330
17
100
AcDbEntity
  8
TEXT
100
AcDbText
 10
168.52743530273438
 20
26.64837646484375
 30
0.0
 40
6.6864013671875
  1
2850
 11
168.52743530273438
 21
26.64837646484375
 31
0.0
100
AcDbText
  0
TEXT
  5
967
330
17
100
AcDbEntity
  8
TEXT
100
AcDbText
 10
227.29574584960938
 20
26.64837646484375
 30
0.0
 40
6.6864013671875
  1
COLORBOND®
 11
227.29574584960938
 21
26.64837646484375
 31
0.0
100
AcDbText
  0
TEXT
  5
968
330
17
100
AcDbEntity
  8
TEXT
100
AcDbText
 10
271.94354248046875
 20
26.64837646484375
 30
0.0
 40
6.6864013671875
  1
STRAMIT
 11
271.94354248046875
 21
26.64837646484375
 31
0.0
100
AcDbText
  0
TEXT
  5
969
330
17
100
AcDbEntity
  8
TEXT
100
AcDbText
 10
299.764404296875
 20
26.64837646484375
 30
0.0
 40
6.6864013671875
  1
RAD
 11
299.764404296875
 21
26.64837646484375
 31
0.0
100
AcDbText
  0
TEXT
  5
96A
330
17
100
AcDbEntity
  8
TEXT
100
AcDbText
 10
313.7332763671875
 20
26.64837646484375
 30
0.0
 40
6.6864013671875
  1
A
 11
313.7332763671875
 21
26.64837646484375
 31
0.0
100
AcDbText
  0
TEXT
  5
96B
330
17
100
AcDbEntity
  8
TEXT
100
AcDbText
 10
319.05780029296875
 20
26.64837646484375
 30
0.0
 40
6.6864013671875
  1
-
 11
319.05780029296875
 21
26.64837646484375
 31
0.0
100
AcDbText
  0
TEXT
  5
96C
330
17
100
AcDbEntity
  8
TEXT
100
AcDbText
 10
322.7136535644531
 20
26.64837646484375
 30
0.0
 40
6.6864013671875
  1
ROLLER
 11
322.7136535644531
 21
26.64837646484375
 31
0.0
100
AcDbText
  0
TEXT
  5
96D
330
17
100
AcDbEntity
  8
TEXT
100
AcDbText
 10
348.3251953125
 20
26.64837646484375
 30
0.0
 40
6.6864013671875
  1
DOOR
 11
348.3251953125
 21
26.64837646484375
 31
0.0
100
AcDbText
  0
TEXT
  5
96E
330
17
100
AcDbEntity
  8
TEXT
100
AcDbText
 10
25.806760787963867
 20
18.14459228515625
 30
0.0
 40
6.6864013671875
  1
D3
 11
25.806760787963867
 21
18.14459228515625
 31
0.0
100
AcDbText
  0
TEXT
  5
96F
330
17
100
AcDbEntity
  8
TEXT
100
AcDbText
 10
71.48377227783203
 20
18.14459228515625
 30
0.0
 40
6.6864013671875
  1
PA
 11
71.48377227783203
 21
18.14459228515625
 31
0.0
100
AcDbText
  0
TEXT
  5
970
330
17
100
AcDbEntity
  8
TEXT
100
AcDbText
 10
80.35603332519531
 20
18.14459228515625
 30
0.0
 40
6.6864013671875
  1
DOOR
 11
80.35603332519531
 21
18.14459228515625
 31
0.0
100
AcDbText
  0
TEXT
  5
971
330
17
100
AcDbEntity
  8
TEXT
100
AcDbText
 10
135.36264038085938
 20
18.14459228515625
 30
0.0
 40
6.6864013671875
  1
2040
 11
135.36264038085938
 21
18.14459228515625
 31
0.0
100
AcDbText
  0
TEXT
  5
972
330
17
100
AcDbEntity
  8
TEXT
100
AcDbText
 10
170.19149780273438
 20
18.14459228515625
 30
0.0
 40
6.6864013671875
  1
820
 11
170.19149780273438
 21
18.14459228515625
 31
0.0
100
AcDbText
  0
TEXT
  5
973
330
17
100
AcDbEntity
  8
TEXT
100
AcDbText
 10
235.49887084960938
 20
18.14459228515625
 30
0.0
 40
6.6864013671875
  1
COLORBOND®
 11
235.49887084960938
 21
18.14459228515625
 31
0.0
100
AcDbText
  0
TEXT
  5
974
330
17
100
AcDbEntity
  8
TEXT
100
AcDbText
 10
280.14666748046875
 20
18.14459228515625
 30
0.0
 40
6.6864013671875
  1
PERSONAL
 11
280.14666748046875
 21
18.14459228515625
 31
0.0
100
AcDbText
  0
TEXT
  5
975
330
17
100
AcDbEntity
  8
TEXT
100
AcDbText
 10
313.8531494140625
 20
18.14459228515625
 30
0.0
 40
6.6864013671875
  1
ACCESS
 11
313.8531494140625
 21
18.14459228515625
 31
0.0
100
AcDbText
  0
TEXT
  5
976
330
17
100
AcDbEntity
  8
TEXT
100
AcDbText
 10
340.1280517578125
 20
18.14459228515625
 30
0.0
 40
6.6864013671875
  1
DOOR
 11
340.1280517578125
 21
18.14459228515625
 31
0.0
100
AcDbText
  0
TEXT
  5
977
330
17
100
AcDbEntity
  8
TEXT
100
AcDbText
 10
774.1500854492188
 20
139.7589111328125
 30
0.0
 40
7.909698486328125
  1
1
 11
774.1500854492188
 21
139.7589111328125
 31
0.0
100
AcDbText
  0
TEXT
  5
978
330
17
100
AcDbEntity
  8
TEXT
100
AcDbText
 10
783.2203979492188
 20
130.6885986328125
 30
0.0
 40
7.909698486328125
  1
2
 11
783.2203979492188
 21
130.6885986328125
 31
0.0
100
AcDbText
  0
TEXT
  5
979
330
17
100
AcDbEntity
  8
TEXT
100
AcDbText
 10
792.2789916992188
 20
139.7589111328125
 30
0.0
 40
7.909698486328125
  1
3
 11
792.2789916992188
 21
139.7589111328125
 31
0.0
100
AcDbText
  0
TEXT
  5
97A
330
17
100
AcDbEntity
  8
TEXT
100
AcDbText
 10
783.2203979492188
 20
148.8292236328125
 30
0.0
 40
7.909698486328125
  1
4
 11
783.2203979492188
 21
148.8292236328125
 31
0.0
100
AcDbText
  0
TEXT
  5
97B
330
17
100
AcDbEntity
  8
TEXT
100
AcDbText
 10
765.3727416992188
 20
123.699951171875
 30
0.0
 40
6.3260498046875
  1
VIEW
 11
765.3727416992188
 21
123.699951171875
 31
0.0
100
AcDbText
  0
TEXT
  5
97C
330
17
100
AcDbEntity
  8
TEXT
100
AcDbText
 10
781.4173583984375
 20
123.699951171875
 30
0.0
 40
6.3260498046875
  1
LEGEND
 11
781.4173583984375
 21
123.699951171875
 31
0.0
100
AcDbText
  0
ENDSEC
  0
SECTION
  2
OBJECTS
  0
DICTIONARY
  5
A
330
0
100
AcDbDictionary
281
1
  3
ACAD_COLOR
350
B
  3
ACAD_GROUP
350
C
  3
ACAD_LAYOUT
350
D
  3
ACAD_MATERIAL
350
E
  3
ACAD_MLEADERSTYLE
350
F
  3
ACAD_MLINESTYLE
350
10
  3
ACAD_PLOTSETTINGS
350
11
  3
ACAD_PLOTSTYLENAME
350
12
  3
ACAD_SCALELIST
350
14
  3
ACAD_TABLESTYLE
350
15
  3
ACAD_VISUALSTYLE
350
16
  3
EZDXF_META
350
2D
  0
DICTIONARY
  5
B
330
A
100
AcDbDictionary
281
1
  0
DICTIONARY
  5
C
330
A
100
AcDbDictionary
281
1
  0
DICTIONARY
  5
D
330
A
100
AcDbDictionary
281
1
  3
Model
350
1A
  3
Layout1
350
1E
  0
DICTIONARY
  5
E
330
A
100
AcDbDictionary
281
1
  3
ByBlock
350
1F
  3
ByLayer
350
20
  3
Global
350
21
  0
DICTIONARY
  5
F
330
A
100
AcDbDictionary
281
1
  3
Standard
350
2C
  0
DICTIONARY
  5
10
330
A
100
AcDbDictionary
281
1
  3
Standard
350
22
  0
DICTIONARY
  5
11
330
A
100
AcDbDictionary
281
1
  0
ACDBDICTIONARYWDFLT
  5
12
330
A
100
AcDbDictionary
281
1
  3
Normal
350
13
100
AcDbDictionaryWithDefault
340
13
  0
ACDBPLACEHOLDER
  5
13
330
12
  0
DICTIONARY
  5
14
330
A
100
AcDbDictionary
281
1
  0
DICTIONARY
  5
15
330
A
100
AcDbDictionary
281
1
  0
DICTIONARY
  5
16
330
A
100
AcDbDictionary
281
1
  0
LAYOUT
  5
1A
330
D
100
AcDbPlotSettings
  1

  4
A3
  6

 40
7.5
 41
20.0
 42
7.5
 43
20.0
 44
420.0
 45
297.0
 46
0.0
 47
0.0
 48
0.0
 49
0.0
140
0.0
141
0.0
142
1.0
143
1.0
 70
1024
 72
1
 73
0
 74
5
  7

 75
16
 76
0
 77
2
 78
300
147
1.0
148
0.0
149
0.0
100
AcDbLayout
  1
Model
 70
1
 71
0
 10
0.0
 20
0.0
 11
420.0
 21
297.0
 12
0.0
 22
0.0
 32
0.0
 14
1e+20
 24
1e+20
 34
1e+20
 15
-1e+20
 25
-1e+20
 35
-1e+20
146
0.0
 13
0.0
 23
0.0
 33
0.0
 16
1.0
 26
0.0
 36
0.0
 17
0.0
 27
1.0
 37
0.0
 76
1
330
17
  0
LAYOUT
  5
1E
330
D
100
AcDbPlotSettings
  1

  4
A3
  6

 40
7.5
 41
20.0
 42
7.5
 43
20.0
 44
420.0
 45
297.0
 46
0.0
 47
0.0
 48
0.0
 49
0.0
140
0.0
141
0.0
142
1.0
143
1.0
 70
0
 72
1
 73
0
 74
5
  7

 75
16
 76
0
 77
2
 78
300
147
1.0
148
0.0
149
0.0
100
AcDbLayout
  1
Layout1
 70
1
 71
1
 10
0.0
 20
0.0
 11
420.0
 21
297.0
 12
0.0
 22
0.0
 32
0.0
 14
1e+20
 24
1e+20
 34
1e+20
 15
-1e+20
 25
-1e+20
 35
-1e+20
146
0.0
 13
0.0
 23
0.0
 33
0.0
 16
1.0
 26
0.0
 36
0.0
 17
0.0
 27
1.0
 37
0.0
 76
1
330
1B
  0
MATERIAL
  5
1F
102
{ACAD_REACTORS
330
E
102
}
330
E
100
AcDbMaterial
  1
ByBlock
  2

 70
0
 40
1.0
 71
1
 41
1.0
 91
-1023410177
 42
1.0
 72
1
  3

 73
1
 74
1
 75
1
 44
0.5
 73
0
 45
1.0
 46
1.0
 77
1
  4

 78
1
 79
1
170
1
 48
1.0
171
1
  6

172
1
173
1
174
1
140
1.0
141
1.0
175
1
  7

176
1
177
1
178
1
143
1.0
179
1
  8

270
1
271
1
272
1
145
1.0
146
1.0
273
1
  9

274
1
275
1
276
1
 42
1.0
 72
1
  3

 73
1
 74
1
 75
1
 94
63
  0
MATERIAL
  5
20
102
{ACAD_REACTORS
330
E
102
}
330
E
100
AcDbMaterial
  1
ByLayer
  2

 70
0
 40
1.0
 71
1
 41
1.0
 91
-1023410177
 42
1.0
 72
1
  3

 73
1
 74
1
 75
1
 44
0.5
 73
0
 45
1.0
 46
1.0
 77
1
  4

 78
1
 79
1
170
1
 48
1.0
171
1
  6

172
1
173
1
174
1
140
1.0
141
1.0
175
1
  7

176
1
177
1
178
1
143
1.0
179
1
  8

270
1
271
1
272
1
145
1.0
146
1.0
273
1
  9

274
1
275
1
276
1
 42
1.0
 72
1
  3

 73
1
 74
1
 75
1
 94
63
  0
MATERIAL
  5
21
102
{ACAD_REACTORS
330
E
102
}
330
E
100
AcDbMaterial
  1
Global
  2

 70
0
 40
1.0
 71
1
 41
1.0
 91
-1023410177
 42
1.0
 72
1
  3

 73
1
 74
1
 75
1
 44
0.5
 73
0
 45
1.0
 46
1.0
 77
1
  4

 78
1
 79
1
170
1
 48
1.0
171
1
  6

172
1
173
1
174
1
140
1.0
141
1.0
175
1
  7

176
1
177
1
178
1
143
1.0
179
1
  8

270
1
271
1
272
1
145
1.0
146
1.0
273
1
  9

274
1
275
1
276
1
 42
1.0
 72
1
  3

 73
1
 74
1
 75
1
 94
63
  0
MLINESTYLE
  5
22
102
{ACAD_REACTORS
330
10
102
}
330
10
100
AcDbMlineStyle
  2
Standard
 70
0
  3

 62
256
 51
90.0
 52
90.0
 71
2
 49
0.5
 62
256
  6
BYLAYER
 49
-0.5
 62
256
  6
BYLAYER
  0
MLEADERSTYLE
  5
2C
102
{ACAD_REACTORS
330
F
102
}
330
F
100
AcDbMLeaderStyle
179
2
170
2
171
1
172
0
 90
2
 40
0.0
 41
0.0
173
1
 91
-1056964608
 92
-2
290
1
 42
2.0
291
1
 43
8.0
  3
Standard
 44
4.0
300

342
29
174
1
175
1
176
0
178
1
 93
-1056964608
 45
4.0
292
0
297
0
 46
4.0
 94
-1056964608
 47
1.0
 49
1.0
140
1.0
294
1
141
0.0
177
0
142
1.0
295
0
296
0
143
3.75
271
0
272
9
273
9
  0
DICTIONARY
  5
2D
330
A
100
AcDbDictionary
280
1
281
1
  3
CREATED_BY_EZDXF
350
2E
  3
WRITTEN_BY_EZDXF
350
97F
  0
DICTIONARYVAR
  5
2E
330
2D
100
DictionaryVariables
280
0
  1
1.4.4 @ 2026-07-20T16:47:46.499861+00:00
  0
DICTIONARYVAR
  5
97F
330
2D
100
DictionaryVariables
280
0
  1
1.4.4 @ 2026-07-20T16:47:46.585303+00:00
  0
ENDSEC
  0
EOF
